incident_time,hour,day_of_week,month,lat,lng,ward,category,confidence_score,urgency
2023-01-27 18:21:00,18,4,1,19.091246512636612,72.9709049792431,S,Trafficking,61,2
2023-06-12 19:41:00,19,0,6,18.972892614269004,72.87545585140802,P/N,Begging,39,5
2023-08-24 05:47:00,5,3,8,18.96104625346355,72.84019071386282,R/C,Begging,59,4
2023-06-24 19:14:00,19,5,6,19.191953417509783,72.81140688881389,P/S,Begging,56,4
2023-10-25 16:16:00,16,2,10,19.20467796386607,72.97498733944214,M/E,Runaway,51,5
2023-02-02 19:08:00,19,3,2,19.09321432230256,72.81593229367196,E,Abuse,72,1
2023-04-15 23:19:00,23,5,4,19.003321068565153,72.95751776999288,P/N,Trafficking,34,2
2023-09-19 23:24:00,23,1,9,18.998391194046256,72.85251370321703,R/N,Runaway,54,3
2023-09-17 12:44:00,12,6,9,19.128341526729482,72.88604192828218,M/E,Lost Child,58,5
2023-02-10 04:00:00,4,4,2,19.00474052766571,72.89390961531123,N,Begging,62,3
2023-07-04 07:29:00,7,1,7,18.933775818978607,72.97247590474848,L,Runaway,67,5
2023-06-13 06:06:00,6,1,6,19.27727055026766,72.85881852187569,E,Abuse,80,2
2023-07-23 09:35:00,9,6,7,19.000512050002023,72.99853390140031,N,Runaway,39,3
2023-02-07 17:59:00,17,1,2,19.137446270693612,72.93817455699565,S,Child Labour,81,3
2023-11-04 14:03:00,14,5,11,19.04312043304551,72.87900493183048,K/W,Trafficking,81,1
2023-03-19 20:34:00,20,6,3,19.26293486719085,72.97855672441189,G/N,Lost Child,48,3
2023-06-10 19:00:00,19,5,6,19.299783065679154,72.82212419414226,R/N,Abuse,94,2
2023-01-02 07:00:00,7,0,1,19.19708177943286,72.90517050582487,H/W,Begging,52,3
2023-07-18 21:46:00,21,1,7,19.263723693297106,72.91719430171908,M/W,Trafficking,97,1
2023-05-01 12:54:00,12,0,5,19.15291595675873,72.943525169052,A,Child Labour,85,3
2023-02-21 21:10:00,21,1,2,19.00166447625612,72.82815682093785,R/C,Lost Child,99,4
2023-03-21 21:17:00,21,1,3,19.24730141547877,72.94636574433355,C,Child Labour,52,2
2023-08-18 19:13:00,19,4,8,18.91107504064916,72.91397240217793,C,Lost Child,77,3
2023-11-20 01:08:00,1,0,11,19.130859345813644,72.96622531807049,S,Lost Child,33,3
2023-02-07 13:54:00,13,1,2,19.19020387053208,72.90670873934693,S,Abuse,62,1
2023-05-24 12:39:00,12,2,5,19.194999919430302,72.81835455039233,G/N,Abuse,41,2
2023-12-17 13:54:00,13,6,12,19.18618085872695,72.90191228382729,B,Abuse,98,2
2023-03-22 15:11:00,15,2,3,18.937055734719713,72.81070555988701,S,Lost Child,78,4
2023-09-25 02:15:00,2,0,9,19.030689242697036,72.9348701117051,R/C,Lost Child,90,4
2023-11-28 04:41:00,4,1,11,18.959454886922867,72.94924127072959,H/W,Child Labour,77,3
2023-08-28 06:45:00,6,0,8,19.14176781555292,72.80082100123771,T,Lost Child,89,5
2023-07-19 00:34:00,0,2,7,19.048530954850555,72.83301628489306,M/W,Begging,97,5
2023-01-08 06:41:00,6,6,1,19.29083068799852,72.85580639225438,G/S,Abuse,47,3
2023-12-11 19:22:00,19,0,12,19.170367940533797,72.87177701225527,H/E,Runaway,83,5
2023-07-20 13:07:00,13,3,7,18.929095384178023,72.82287991909033,N,Begging,40,5
2023-07-19 07:46:00,7,2,7,19.121884218231997,72.9863816374866,T,Lost Child,72,4
2023-07-10 16:29:00,16,0,7,18.92249073784203,72.82198046852923,M/W,Lost Child,46,3
2023-03-25 00:31:00,0,5,3,18.966566673173347,72.86845843171987,A,Runaway,52,4
2023-10-25 09:24:00,9,2,10,19.206151742089798,72.8885082037844,M/E,Begging,34,5
2023-11-22 16:18:00,16,2,11,19.122407792304923,72.9843505110105,K/E,Child Labour,91,2
2023-07-10 01:55:00,1,0,7,18.960290777104714,72.81363838150472,P/S,Begging,85,4
2023-12-31 18:32:00,18,6,12,19.17164124723231,72.87020562433034,F/N,Lost Child,53,3
2023-05-13 07:02:00,7,5,5,18.95235980468757,72.80906428496621,F/N,Runaway,70,5
2023-04-07 06:28:00,6,4,4,19.08511199569927,72.85641790446935,N,Abuse,72,1
2023-10-30 23:49:00,23,0,10,18.929267247964525,72.92011841918227,H/E,Trafficking,47,1
2023-01-23 04:10:00,4,0,1,18.996113882826766,72.84045996823802,B,Abuse,50,1
2023-06-07 07:20:00,7,2,6,19.04715566628645,72.97726352078794,M/E,Runaway,89,5
2023-03-13 01:05:00,1,0,3,19.241767968983318,72.94121331925638,B,Abuse,48,1
2023-06-23 19:45:00,19,4,6,19.049306060015457,72.86147621098965,N,Begging,46,5
2023-09-19 16:25:00,16,1,9,18.933387747372887,72.95910130239247,B,Abuse,43,1
2023-04-18 07:34:00,7,1,4,19.28500624001734,72.93065659121982,P/N,Lost Child,88,4
2023-02-09 14:46:00,14,3,2,19.047530812760822,72.84420843289047,R/N,Runaway,58,4
2023-05-31 10:35:00,10,2,5,18.984024737230747,72.9877925399209,K/W,Begging,60,5
2023-01-28 13:18:00,13,5,1,19.224195025852758,72.82501955454639,N,Trafficking,80,2
2023-06-07 06:39:00,6,2,6,18.947350849056082,72.94536510209004,R/C,Abuse,44,3
2023-01-08 14:45:00,14,6,1,19.174340899146145,72.80376789336542,F/S,Runaway,50,4
2023-09-19 11:13:00,11,1,9,19.065989390836744,72.90496757681409,R/N,Child Labour,67,2
2023-01-30 17:47:00,17,0,1,19.102801762940096,72.98973377044383,G/S,Begging,87,4
2023-12-13 19:29:00,19,2,12,19.154023096477147,72.97500272339788,R/N,Trafficking,89,1
2023-03-30 08:30:00,8,3,3,19.20812486152076,72.87705107232624,K/E,Begging,95,4
2023-01-22 13:03:00,13,6,1,18.950993486508782,72.96355719468345,R/C,Child Labour,39,4
2023-04-11 18:44:00,18,1,4,19.152121555429133,72.9698961258835,T,Runaway,36,4
2023-10-31 19:05:00,19,1,10,18.97389384768811,72.97085269482794,H/W,Lost Child,38,3
2023-02-05 07:03:00,7,6,2,18.917746332655263,72.97022917397629,R/S,Child Labour,86,2
2023-05-13 05:02:00,5,5,5,18.959245935618554,72.88701741979885,D,Trafficking,98,2
2023-05-30 14:58:00,14,1,5,19.03480935993657,72.96783147350698,G/N,Begging,91,4
2023-10-14 20:20:00,20,5,10,18.98358017767297,72.8454711203041,K/E,Abuse,72,2
2023-06-29 02:13:00,2,3,6,19.00651767843686,72.85195503468526,A,Runaway,89,4
2023-03-08 20:43:00,20,2,3,19.045251216157844,72.96268011627085,E,Runaway,75,4
2023-02-13 14:02:00,14,0,2,19.100125498334133,72.93438656284319,K/E,Runaway,91,3
2023-04-13 14:19:00,14,3,4,19.015442134778255,72.86902368707679,R/N,Child Labour,34,3
2023-10-15 06:07:00,6,6,10,18.96350213827053,72.868279119447,K/E,Child Labour,37,3
2023-12-01 18:29:00,18,4,12,19.034967417737125,72.85362882183875,H/E,Begging,93,5
2023-10-01 18:12:00,18,6,10,19.280136739776815,72.8415620540215,M/W,Abuse,91,2
2023-10-05 18:00:00,18,3,10,18.990491716578052,72.88089249210879,F/S,Child Labour,75,3
2023-10-11 17:14:00,17,2,10,18.938776487135375,72.9396289508337,F/S,Abuse,69,1
2023-07-15 09:02:00,9,5,7,19.080916108623,72.80269153467457,T,Runaway,89,3
2023-07-30 02:09:00,2,6,7,18.931092966734408,72.87023973140593,P/N,Child Labour,97,2
2023-12-29 03:25:00,3,4,12,19.0764778841085,72.82088299199964,G/S,Runaway,87,4
2023-11-28 15:40:00,15,1,11,18.91885425382996,72.9992464901172,E,Child Labour,33,4
2023-10-16 17:37:00,17,0,10,18.91963467944937,72.86763555383328,R/N,Lost Child,92,4
2023-01-16 21:08:00,21,0,1,18.91756678246993,72.84219353900107,F/N,Abuse,91,1
2023-04-11 12:30:00,12,1,4,18.90293729324395,72.98545547192263,F/N,Abuse,35,4
2023-02-23 15:04:00,15,3,2,18.919156176728304,72.96727002836737,K/E,Child Labour,61,3
2023-12-27 10:05:00,10,2,12,19.13891275731769,72.8961792885285,D,Begging,91,3
2023-04-12 21:26:00,21,2,4,19.042294662658048,72.81979377818834,L,Abuse,52,2
2023-12-22 07:33:00,7,4,12,19.079325046415676,72.92840789133614,T,Lost Child,40,5
2023-10-01 20:41:00,20,6,10,19.11648011866624,72.80419003573058,K/E,Trafficking,81,1
2023-11-23 13:46:00,13,3,11,19.18519812820365,72.82724635791772,P/S,Abuse,99,3
2023-06-23 00:42:00,0,4,6,19.07200580625261,72.91895366273684,H/E,Trafficking,43,1
2023-07-16 22:57:00,22,6,7,18.998680212181537,72.89328866252603,F/N,Abuse,92,2
2023-06-09 15:03:00,15,4,6,18.928154776256164,72.86176773824423,N,Trafficking,31,2
2023-01-08 18:45:00,18,6,1,19.172046640997856,72.85694159349283,M/W,Trafficking,60,4
2023-01-11 18:34:00,18,2,1,19.1591989017743,72.8008702525171,H/E,Child Labour,66,2
2023-02-26 06:58:00,6,6,2,19.047930709598617,72.99305813388793,S,Abuse,55,1
2023-03-04 19:25:00,19,5,3,19.248260765505844,72.98913085619128,K/W,Lost Child,68,4
2023-12-31 22:55:00,22,6,12,19.2510391723424,72.87722208390967,H/W,Runaway,76,3
2023-08-31 07:11:00,7,3,8,18.9016474596529,72.9597163445556,C,Begging,49,5
2023-09-24 00:57:00,0,6,9,19.23158871954722,72.98998727489388,R/N,Lost Child,42,3
2023-05-05 21:58:00,21,4,5,19.15694903114638,72.88912717472802,P/S,Abuse,43,1
2023-10-01 12:46:00,12,6,10,19.129423735519147,72.87154717176175,P/N,Lost Child,90,5
2023-01-06 18:13:00,18,4,1,19.172361413965174,72.87437354535464,B,Trafficking,64,1
2023-06-04 03:14:00,3,6,6,19.20519159132195,72.84904161520213,M/W,Abuse,48,1
2023-03-17 22:07:00,22,4,3,18.930275845255352,72.93625850658181,L,Begging,49,4
2023-08-11 08:36:00,8,4,8,19.027125241013312,72.90631846346487,P/N,Lost Child,51,5
2023-05-13 02:29:00,2,5,5,19.02532073550062,72.85313511923624,B,Trafficking,44,2
2023-05-16 05:35:00,5,1,5,18.935219585010216,72.90089571268621,H/W,Begging,71,4
2023-03-07 01:03:00,1,1,3,19.26978913293107,72.98589200334023,G/S,Lost Child,91,5
2023-08-26 04:50:00,4,5,8,19.16511458554902,72.90828663178202,R/S,Lost Child,48,4
2023-01-04 11:28:00,11,2,1,19.163432506598546,72.94681603679112,E,Runaway,79,5
2023-02-25 07:34:00,7,5,2,19.14900132814102,72.87750864648932,K/E,Begging,31,4
2023-06-13 19:36:00,19,1,6,19.263515595485213,72.91035287338619,G/S,Lost Child,49,3
2023-02-07 17:10:00,17,1,2,19.226559055220264,72.85544021342365,R/S,Lost Child,48,3
2023-07-09 13:55:00,13,6,7,18.922221982681666,72.99147148524999,K/E,Child Labour,45,2
2023-09-10 18:37:00,18,6,9,19.056454509435284,72.99125123103444,H/E,Begging,86,3
2023-11-21 18:26:00,18,1,11,19.136470168413975,72.87862688161172,R/N,Begging,98,4
2023-02-22 16:12:00,16,2,2,18.98354283066766,72.80938959760701,K/W,Lost Child,72,5
2023-09-05 17:29:00,17,1,9,19.05541795334438,72.89964734803617,G/N,Abuse,36,1
2023-09-06 18:53:00,18,2,9,19.11175499502487,72.99200181868953,R/N,Abuse,78,1
2023-08-04 13:51:00,13,4,8,19.00607119322499,72.85958480664308,L,Trafficking,76,1
2023-07-09 02:02:00,2,6,7,19.173376969773393,72.9769577181882,D,Begging,83,5
2023-03-10 06:10:00,6,4,3,19.27277053676328,72.81066814484757,R/C,Begging,45,3
2023-11-25 07:31:00,7,5,11,19.05916338359863,72.93077910245295,N,Begging,61,2
2023-01-30 01:46:00,1,0,1,18.968183447017395,72.99105926924608,G/S,Begging,97,4
2023-06-04 07:54:00,7,6,6,19.03557979149979,72.82720527537036,K/W,Trafficking,71,2
2023-02-17 05:38:00,5,4,2,19.066821042673418,72.83292800138561,F/S,Child Labour,52,4
2023-11-26 04:13:00,4,6,11,19.022353025479426,72.84405624608489,C,Begging,35,4
2023-04-07 16:10:00,16,4,4,18.93735151130128,72.92931001822967,S,Lost Child,34,4
2023-06-22 11:34:00,11,3,6,19.06069940758543,72.99944086250628,H/W,Runaway,78,3
2023-11-21 05:38:00,5,1,11,19.047192705650676,72.97560383586438,H/E,Child Labour,91,4
2023-10-03 04:40:00,4,1,10,19.294004674722043,72.90789940294665,S,Abuse,44,1
2023-06-17 15:00:00,15,5,6,19.168685790793845,72.93354875635218,M/E,Trafficking,30,2
2023-07-22 01:40:00,1,5,7,18.973059715134262,72.84534600032744,N,Abuse,76,1
2023-04-06 19:27:00,19,3,4,19.100274095050704,72.8618979587194,R/S,Trafficking,37,1
2023-04-13 12:36:00,12,3,4,19.18104996639505,72.8592706633656,C,Runaway,39,4
2023-04-14 22:48:00,22,4,4,19.22944101943942,72.95510645420666,F/N,Abuse,99,1
2023-04-19 21:50:00,21,2,4,18.955388110219435,72.87711473953277,E,Begging,44,4
2023-01-07 20:47:00,20,5,1,19.16037461445554,72.86263107768823,F/S,Trafficking,42,2
2023-09-29 22:17:00,22,4,9,18.97832550212508,72.88477591801337,K/E,Lost Child,51,4
2023-01-03 03:13:00,3,1,1,19.190252344018184,72.83644438632864,P/S,Child Labour,96,4
2023-07-04 02:58:00,2,1,7,19.23130104544983,72.84871361846862,M/W,Begging,54,3
2023-12-20 20:16:00,20,2,12,19.218746939783642,72.8000090284748,K/W,Runaway,39,3
2023-12-04 19:24:00,19,0,12,19.082672752365593,72.93410730709903,P/S,Child Labour,41,2
2023-10-12 22:56:00,22,3,10,19.151967434198554,72.89497345515083,F/S,Abuse,52,1
2023-04-30 17:26:00,17,6,4,19.201611268994814,72.8656011290816,R/N,Abuse,54,1
2023-06-08 13:37:00,13,3,6,18.98455795377293,72.8636290512519,G/S,Abuse,78,2
2023-07-15 12:31:00,12,5,7,19.03066254553781,72.80729019010634,M/W,Trafficking,41,1
2023-11-08 09:31:00,9,2,11,18.967443209145134,72.83811074872642,P/N,Child Labour,64,4
2023-09-22 01:32:00,1,4,9,19.083568654251938,72.9851780217522,R/C,Child Labour,81,3
2023-03-14 16:34:00,16,1,3,19.243016634663892,72.8473818450437,M/E,Child Labour,71,3
2023-08-21 19:48:00,19,0,8,18.93585304062621,72.87442495730234,K/E,Abuse,90,1
2023-01-30 03:41:00,3,0,1,19.12132447255105,72.83446494818321,F/N,Runaway,95,1
2023-11-22 07:25:00,7,2,11,18.901021208717843,72.94558270996767,M/E,Begging,36,5
2023-10-27 16:30:00,16,4,10,19.230674795537567,72.95668379943818,B,Lost Child,79,4
2023-03-26 08:21:00,8,6,3,19.27304597504098,72.86788750638271,T,Lost Child,30,4
2023-11-19 17:17:00,17,6,11,19.03665504124934,72.86330434795423,N,Abuse,35,2
2023-08-20 09:22:00,9,6,8,19.296833858559197,72.90140766818928,P/N,Trafficking,84,1
2023-10-31 08:55:00,8,1,10,19.04064132031982,72.98814572690682,B,Child Labour,45,3
2023-08-04 00:49:00,0,4,8,19.173796057387612,72.96019380579895,M/W,Lost Child,80,5
2023-09-15 07:01:00,7,4,9,19.16250509622699,72.83429747938827,R/N,Trafficking,78,2
2023-01-03 18:46:00,18,1,1,19.050496716154914,72.94510055093741,M/E,Lost Child,96,5
2023-10-16 01:01:00,1,0,10,19.235161067643237,72.89737933587134,R/C,Trafficking,92,1
2023-01-24 08:22:00,8,1,1,19.15977327272854,72.96557408009848,D,Runaway,66,3
2023-12-30 19:36:00,19,5,12,19.154733331572057,72.93827084600659,M/W,Abuse,59,2
2023-02-01 17:53:00,17,2,2,19.159226318844482,72.93988198424323,H/W,Runaway,38,4
2023-08-01 07:11:00,7,1,8,18.96383342975423,72.96963364683263,D,Trafficking,64,1
2023-03-01 02:39:00,2,2,3,18.954304386996206,72.99386546602676,C,Abuse,34,1
2023-01-10 21:02:00,21,1,1,19.066152825684664,72.80191642301358,C,Trafficking,70,2
2023-06-02 12:45:00,12,4,6,19.125071834847112,72.92232586678091,N,Lost Child,77,4
2023-07-07 11:10:00,11,4,7,19.219553769260397,72.92867527534605,P/S,Abuse,45,2
2023-01-16 09:32:00,9,0,1,18.90355134265248,72.9417270682036,L,Child Labour,41,4
2023-06-08 11:48:00,11,3,6,19.026569955762405,72.9410169162623,P/N,Child Labour,69,2
2023-05-15 08:37:00,8,0,5,19.126381295676683,72.85575116697484,G/N,Begging,91,4
2023-04-11 17:53:00,17,1,4,18.908275225887465,72.87855117917904,D,Lost Child,56,3
2023-01-24 03:10:00,3,1,1,19.26226703477923,72.95404823294079,N,Begging,96,5
2023-03-17 13:23:00,13,4,3,19.049046688932954,72.90542116336837,R/C,Begging,80,4
2023-08-06 00:05:00,0,6,8,19.029429776479837,72.93488866585345,M/E,Abuse,33,4
2023-03-23 17:19:00,17,3,3,18.909782108232758,72.80807607947523,F/S,Lost Child,76,5
2023-10-30 02:09:00,2,0,10,19.03411453512678,72.90342842467572,N,Begging,64,5
2023-02-02 17:11:00,17,3,2,19.136712750882644,72.99358909974067,B,Abuse,63,1
2023-12-09 11:40:00,11,5,12,19.037453028421343,72.9643826232046,P/S,Child Labour,33,3
2023-11-07 07:29:00,7,1,11,18.92869631700577,72.82427884126207,T,Child Labour,67,4
2023-10-19 14:16:00,14,3,10,18.953140527053055,72.99759337617061,F/S,Trafficking,98,2
2023-05-31 12:15:00,12,2,5,19.048712514155998,72.81990105531496,F/N,Begging,92,4
2023-12-14 10:01:00,10,3,12,18.98759177812047,72.92338808297984,S,Lost Child,76,3
2023-02-19 17:21:00,17,6,2,19.189141921876256,72.82644923685453,F/S,Lost Child,34,3
2023-10-30 13:50:00,13,0,10,19.07489794423125,72.86554321619631,B,Begging,44,3
2023-07-11 22:28:00,22,1,7,19.055092682257644,72.99053862816373,C,Lost Child,75,4
2023-03-10 16:06:00,16,4,3,19.184465183300595,72.80866186579028,M/E,Runaway,49,4
2023-03-06 12:02:00,12,0,3,19.260618275751273,72.90125484675288,B,Lost Child,66,3
2023-01-29 11:16:00,11,6,1,19.200063678740893,72.93853283641974,R/C,Child Labour,88,3
2023-09-06 17:34:00,17,2,9,18.93055411000918,72.94482736942118,K/W,Lost Child,77,4
2023-12-16 16:23:00,16,5,12,19.122594846611896,72.88684729776962,D,Runaway,64,4
2023-01-07 13:34:00,13,5,1,19.274605441101517,72.82643862178506,K/W,Begging,38,5
2023-05-19 14:03:00,14,4,5,18.951230869167148,72.8669411704109,B,Begging,38,4
2023-08-31 06:54:00,6,3,8,18.971999911551418,72.89166477317666,M/E,Begging,53,5
2023-09-29 23:04:00,23,4,9,19.260305939322343,72.80240743143844,T,Lost Child,60,3
2023-06-23 11:23:00,11,4,6,19.048456205055707,72.82585544878711,N,Runaway,89,3
2023-05-07 19:23:00,19,6,5,19.18131111648388,72.82461959331138,K/W,Begging,90,3
2023-05-01 06:42:00,6,0,5,18.974082961747197,72.9070896367814,G/S,Lost Child,90,3
2023-08-15 12:32:00,12,1,8,19.007946688602548,72.95508151289175,M/E,Abuse,49,1
2023-08-04 17:00:00,17,4,8,19.21433727372364,72.88292918851093,E,Runaway,99,5
2023-04-10 09:48:00,9,0,4,19.08234017900833,72.91058963695791,P/N,Begging,62,4
2023-10-31 02:22:00,2,1,10,19.237265663131108,72.8009723308087,R/N,Child Labour,78,4
2023-04-06 15:55:00,15,3,4,19.143307590261713,72.88041763684186,R/N,Abuse,68,1
2023-08-30 16:17:00,16,2,8,19.140389285337438,72.87908910748989,G/N,Trafficking,54,2
2023-09-06 22:02:00,22,2,9,18.990338495680444,72.87664434186556,G/S,Trafficking,54,2
2023-04-18 10:38:00,10,1,4,18.966486358485223,72.83878983499926,T,Begging,78,4
2024-01-01 11:31:00,11,0,1,19.01284938164824,72.84261472622424,C,Child Labour,59,2
2023-01-31 00:05:00,0,1,1,19.018016342312368,72.90973133902627,S,Lost Child,93,5
2023-02-28 13:45:00,13,1,2,19.161505430360894,72.99962678550685,N,Lost Child,46,3
2023-12-01 13:43:00,13,4,12,19.096144313553975,72.96347583977791,S,Trafficking,74,1
2023-01-31 19:38:00,19,1,1,19.192276306495305,72.89514848815776,L,Child Labour,42,3
2023-06-24 14:04:00,14,5,6,19.008415394976517,72.82023162801269,D,Abuse,56,2
2023-10-12 00:29:00,0,3,10,19.18413387885287,72.82707387286257,R/C,Trafficking,37,2
2023-05-30 16:34:00,16,1,5,19.265610121541965,72.80147309335587,F/N,Trafficking,50,1
2023-02-13 17:41:00,17,0,2,19.136286215007345,72.97913548560345,R/S,Trafficking,53,2
2023-01-03 18:24:00,18,1,1,19.1797602599415,72.83585876278245,A,Child Labour,61,4
2023-07-22 05:39:00,5,5,7,18.990703617236182,72.9829766328639,M/E,Child Labour,33,4
2023-05-24 09:07:00,9,2,5,19.072011290364,72.90559542740465,T,Runaway,86,5
2023-12-17 12:51:00,12,6,12,18.937353327873,72.99181395424208,K/E,Child Labour,49,2
2023-02-27 15:24:00,15,0,2,19.02756176949911,72.91622597377574,E,Child Labour,84,3
2023-09-27 20:34:00,20,2,9,18.9794288482774,72.90629568244552,E,Runaway,51,4
2023-09-05 02:01:00,2,1,9,19.074000580035353,72.86555592262249,H/W,Runaway,46,2
2023-03-26 00:19:00,0,6,3,19.190016892033793,72.85161471433067,F/S,Child Labour,64,4
2023-01-24 22:38:00,22,1,1,19.119829842094045,72.98643056511389,F/S,Child Labour,78,4
2023-11-24 12:10:00,12,4,11,19.124079432075323,72.82717542846824,R/N,Trafficking,49,1
2023-10-13 09:09:00,9,4,10,19.195948245376734,72.95984819344206,G/N,Runaway,45,5
2023-10-26 23:36:00,23,3,10,19.10432584146227,72.97469916438243,G/S,Trafficking,54,1
2023-06-01 04:36:00,4,3,6,19.024242962071735,72.97481996013896,F/S,Trafficking,37,1
2023-03-13 05:13:00,5,0,3,18.98833235142447,72.9834429107925,F/N,Trafficking,87,1
2023-07-06 16:41:00,16,3,7,19.21781245807815,72.99219587661067,F/S,Trafficking,78,2
2023-09-20 21:14:00,21,2,9,18.933419200409322,72.83513480014362,R/C,Abuse,92,1
2023-08-10 16:19:00,16,3,8,19.137172569906124,72.95680931691189,P/S,Child Labour,71,3
2023-11-17 03:43:00,3,4,11,19.15060259427968,72.8783082104924,R/N,Runaway,55,4
2023-08-26 00:55:00,0,5,8,18.92887404858214,72.90810769197357,K/W,Abuse,74,2
2023-10-11 06:14:00,6,2,10,19.086357911482747,72.88814420947814,K/E,Abuse,65,2
2023-02-04 13:11:00,13,5,2,19.105208606511617,72.95823198978736,G/N,Runaway,60,4
2023-06-29 02:12:00,2,3,6,19.155395191568473,72.97687646322136,R/S,Lost Child,85,5
2023-04-25 01:17:00,1,1,4,18.979489921551334,72.90420600324842,P/N,Abuse,52,2
2023-08-08 07:45:00,7,1,8,19.27172984431621,72.98954706830538,H/W,Abuse,50,2
2023-09-22 09:51:00,9,4,9,19.08966020901913,72.93991912821261,H/W,Abuse,67,1
2023-09-27 22:38:00,22,2,9,19.27786816481902,72.985976656986,E,Begging,65,1
2023-09-14 19:19:00,19,3,9,19.272907078653517,72.94095798620744,P/S,Child Labour,73,2
2023-09-25 06:47:00,6,0,9,18.90751820857329,72.89766525010924,R/C,Lost Child,71,3
2023-07-26 22:23:00,22,2,7,19.158813730463653,72.94635341833491,P/N,Child Labour,40,2
2023-10-10 22:16:00,22,1,10,18.901132406001445,72.84466405161967,G/N,Abuse,49,2
2023-08-30 06:59:00,6,2,8,18.91040379794979,72.88527142548976,G/N,Begging,37,4
2023-12-22 19:20:00,19,4,12,19.153023712691372,72.903627657894,K/W,Begging,73,5
2023-12-11 17:27:00,17,0,12,19.24940209965673,72.86143392444865,M/W,Runaway,78,4
2023-05-19 12:59:00,12,4,5,18.96927230215996,72.80671520630912,E,Abuse,83,3
2023-11-08 21:56:00,21,2,11,19.232323899337835,72.91490920333935,R/S,Abuse,55,2
2023-10-15 05:49:00,5,6,10,18.964595756931722,72.80631542633013,F/N,Trafficking,45,1
2023-07-25 13:13:00,13,1,7,18.93129950364403,72.92740871910571,G/S,Child Labour,31,2
2023-02-09 03:19:00,3,3,2,19.005797097104978,72.81683682088557,M/E,Trafficking,54,2
2023-04-12 02:30:00,2,2,4,19.04294159097279,72.94658775260785,L,Lost Child,39,3
2023-04-13 18:23:00,18,3,4,19.016768216242127,72.85991292708921,M/E,Trafficking,56,2
2023-12-25 23:37:00,23,0,12,19.19777471119604,72.86928959360976,F/N,Begging,53,5
2023-11-15 03:52:00,3,2,11,19.102894993997445,72.94482802297637,D,Child Labour,89,2
2023-01-13 23:31:00,23,4,1,19.07252054257433,72.8614758668189,M/W,Runaway,78,3
2023-04-23 17:25:00,17,6,4,19.22930503613205,72.9954825016752,R/C,Child Labour,45,4
2023-06-22 14:00:00,14,3,6,19.106952406375985,72.9636388545602,K/W,Child Labour,37,2
2023-10-08 15:08:00,15,6,10,19.226498852649115,72.88370477309448,G/N,Abuse,37,2
2023-01-24 10:02:00,10,1,1,19.079926218331583,72.944057634906,K/W,Abuse,72,2
2023-12-29 18:26:00,18,4,12,19.04221498713403,72.99386408640001,D,Runaway,30,3
2023-12-26 17:13:00,17,1,12,19.063527723793616,72.84413335015951,R/N,Child Labour,30,4
2023-01-11 01:29:00,1,2,1,18.913141128880234,72.99143806339093,P/S,Lost Child,80,1
2023-02-03 18:15:00,18,4,2,19.12332934281314,72.9672144080813,P/N,Lost Child,73,4
2023-05-23 20:46:00,20,1,5,19.203533210260957,72.90473017407984,F/N,Runaway,78,4
2023-02-22 07:32:00,7,2,2,19.259057057057227,72.97847128507323,K/W,Abuse,68,2
2023-06-24 23:26:00,23,5,6,18.971764051499402,72.88553206965318,L,Runaway,38,4
2023-09-17 18:46:00,18,6,9,19.26449820070335,72.93918206185722,G/S,Child Labour,60,3
2023-05-14 08:26:00,8,6,5,18.957551453186742,72.81894875595155,K/E,Trafficking,79,2
2023-05-20 16:03:00,16,5,5,19.113453030684607,72.88093628817019,T,Lost Child,69,4
2023-01-12 20:57:00,20,3,1,18.926967306036087,72.95088598482359,K/W,Trafficking,56,1
2023-07-29 13:32:00,13,5,7,18.921096795527752,72.92447998440093,B,Child Labour,50,2
2023-08-27 15:34:00,15,6,8,19.27741035219835,72.87390230199813,K/E,Abuse,71,1
2023-11-27 23:47:00,23,0,11,19.034155169594438,72.99619521191512,R/N,Lost Child,82,5
2023-06-14 21:36:00,21,2,6,19.04709223317686,72.8197920244878,E,Child Labour,72,3
2023-03-03 05:59:00,5,4,3,19.04659495086657,72.97826052629551,E,Runaway,63,3
2023-07-15 12:49:00,12,5,7,19.067644944170645,72.9768545598878,D,Runaway,91,4
2023-07-09 07:40:00,7,6,7,18.945000105732568,72.92979865369989,M/E,Runaway,69,3
2023-07-08 20:18:00,20,5,7,19.011324534460005,72.86093652849806,B,Trafficking,71,2
2023-08-31 16:38:00,16,3,8,19.231694501387018,72.86690973672171,H/W,Begging,46,5
2023-05-09 19:32:00,19,1,5,19.21564284987273,72.92956576318292,E,Runaway,91,3
2023-06-27 07:40:00,7,1,6,19.032594338724337,72.98195961978307,K/E,Lost Child,57,3
2023-04-03 15:49:00,15,0,4,18.99174890502274,72.97772061900372,H/E,Abuse,62,2
2023-10-03 06:29:00,6,1,10,19.030585898697932,72.87503321353637,G/S,Child Labour,85,3
2023-06-18 14:38:00,14,6,6,19.2207526393306,72.8612170337229,K/E,Begging,76,4
2023-09-20 10:46:00,10,2,9,19.00795163140559,72.83762361381633,K/E,Child Labour,93,5
2023-09-24 22:00:00,22,6,9,18.952427281384466,72.96945881443249,K/E,Begging,34,3
2023-10-12 12:38:00,12,3,10,18.941216448716116,72.94909892337216,K/W,Child Labour,70,4
2023-11-12 07:02:00,7,6,11,19.29945935755387,72.94465207342458,A,Trafficking,54,1
2023-01-17 15:12:00,15,1,1,18.936903039299363,72.8662468452764,R/C,Child Labour,64,4
2023-11-27 21:34:00,21,0,11,18.90076497096748,72.91240415506007,K/W,Abuse,45,2
2023-03-12 11:14:00,11,6,3,19.17789442798109,72.8781399750786,B,Abuse,94,1
2023-08-11 16:15:00,16,4,8,18.98895985651557,72.80468649570942,G/S,Trafficking,36,2
2023-03-22 19:21:00,19,2,3,19.06687415573803,72.94916746951735,S,Runaway,39,4
2023-11-15 19:54:00,19,2,11,19.057514711423124,72.89534289621041,D,Trafficking,44,2
2023-08-30 06:02:00,6,2,8,19.151416384545175,72.97516017439538,B,Trafficking,86,2
2023-07-20 23:23:00,23,3,7,19.170933406574502,72.87056067917757,R/S,Trafficking,64,1
2023-06-20 18:51:00,18,1,6,19.083782152313674,72.83893419342358,K/E,Begging,64,4
2023-04-28 01:18:00,1,4,4,19.069536721707994,72.84685153596249,N,Runaway,67,4
2023-02-05 17:13:00,17,6,2,19.127227467016546,72.84929246896651,E,Begging,74,3
2023-10-04 18:06:00,18,2,10,19.03011137785781,72.87629681093685,R/S,Runaway,46,3
2023-11-18 06:02:00,6,5,11,18.97054200506937,72.91509422264602,P/S,Runaway,90,5
2023-05-31 17:37:00,17,2,5,19.04396463268151,72.95930828488007,H/E,Runaway,42,3
2023-02-17 02:30:00,2,4,2,19.200257963241455,72.85291089323623,P/N,Child Labour,36,2
2023-01-18 08:44:00,8,2,1,19.29354084528368,72.8977767680135,K/E,Runaway,53,3
2023-12-03 07:13:00,7,6,12,19.078750103311705,72.86093783243322,R/S,Abuse,37,4
2023-04-04 04:40:00,4,1,4,19.010206185584465,72.98223416966243,R/C,Child Labour,68,4
2023-06-16 12:48:00,12,4,6,19.054062168178373,72.90656486571338,H/E,Runaway,50,5
2023-12-16 20:19:00,20,5,12,19.202930884771824,72.98400056646499,E,Child Labour,90,2
2023-04-27 05:49:00,5,3,4,19.13722821702595,72.8710805207948,M/E,Lost Child,74,4
2023-09-15 05:20:00,5,4,9,19.033746595606857,72.87458034167376,F/N,Begging,34,1
2023-12-29 10:42:00,10,4,12,19.03662844797434,72.84964191738408,F/N,Abuse,77,2
2023-09-05 02:22:00,2,1,9,18.967427954844684,72.97165441856511,R/S,Lost Child,84,4
2023-07-17 14:01:00,14,0,7,19.065232650800496,72.94951002969583,G/N,Begging,99,3
2023-11-08 15:23:00,15,2,11,18.95216247451097,72.87421192507601,M/E,Child Labour,51,3
2023-07-12 11:36:00,11,2,7,18.92457112883827,72.97503836584707,R/C,Abuse,41,2
2023-10-11 01:49:00,1,2,10,19.188865347851163,72.82740266666585,F/S,Abuse,97,2
2023-10-12 13:41:00,13,3,10,19.001515433246656,72.9022123090909,P/S,Begging,77,3
2023-04-06 07:31:00,7,3,4,19.28268812019701,72.91865504887006,H/E,Lost Child,31,3
2023-04-08 03:44:00,3,5,4,19.283654884866113,72.88798777296917,F/S,Lost Child,91,3
2023-10-17 11:10:00,11,1,10,19.023597039845264,72.9589898552449,M/E,Begging,85,3
2023-10-20 19:07:00,19,4,10,19.118990254091532,72.98452679690531,P/N,Child Labour,68,3
2023-07-18 03:49:00,3,1,7,19.158357408775288,72.90576783679515,L,Abuse,45,1
2023-08-25 10:33:00,10,4,8,19.25435494911594,72.85937226050027,D,Trafficking,82,1
2023-09-17 00:59:00,0,6,9,19.164801264873223,72.91146078403915,R/N,Lost Child,87,5
2023-05-17 09:16:00,9,2,5,19.22649062415916,72.88102641917992,M/E,Lost Child,96,5
2023-08-25 22:03:00,22,4,8,18.990879502460338,72.99326027162797,H/W,Begging,55,5
2023-02-15 01:25:00,1,2,2,19.11693846410898,72.8762334750741,R/C,Trafficking,82,2
2023-12-24 11:06:00,11,6,12,19.1194106315719,72.98732439588066,R/N,Abuse,30,5
2023-12-27 19:57:00,19,2,12,19.190180964937273,72.86434878451958,T,Child Labour,84,2
2023-12-04 13:57:00,13,0,12,19.044050633719515,72.95991185385317,K/W,Runaway,91,5
2023-02-09 17:21:00,17,3,2,19.050951824797153,72.84450683182841,S,Begging,41,3
2023-02-22 22:09:00,22,2,2,19.032593847652475,72.8559263429778,L,Runaway,55,3
2023-08-24 00:52:00,0,3,8,19.00710642463527,72.98112491041732,E,Runaway,62,5
2023-11-06 20:33:00,20,0,11,18.978709586835212,72.83554974208259,K/E,Runaway,89,2
2023-02-20 07:17:00,7,0,2,19.087542611111633,72.97843013289845,K/E,Lost Child,89,4
2023-11-23 02:43:00,2,3,11,19.205537670572276,72.98811308069415,B,Trafficking,35,1
2023-12-15 05:51:00,5,4,12,18.965514613864272,72.8589191737193,M/W,Trafficking,33,1
2023-08-13 13:28:00,13,6,8,19.27666866258879,72.9219740622343,S,Trafficking,90,2
2023-01-10 10:46:00,10,1,1,19.005667928368553,72.92925126074871,M/W,Trafficking,53,2
2023-06-16 11:11:00,11,4,6,18.972355316738202,72.96250105307165,F/S,Runaway,91,2
2023-08-20 21:06:00,21,6,8,19.152064107506106,72.90341084557207,S,Trafficking,77,2
2023-10-22 02:09:00,2,6,10,19.040014204320098,72.83219569376728,K/E,Trafficking,78,2
2023-09-23 07:59:00,7,5,9,19.225637068030114,72.89182537300707,F/N,Child Labour,33,3
2023-06-13 04:00:00,4,1,6,19.24313301684583,72.97303246897899,D,Child Labour,71,2
2023-03-05 14:38:00,14,6,3,19.121701471830153,72.90322403689191,C,Trafficking,48,1
2023-09-20 23:56:00,23,2,9,19.150962562179185,72.88400255714157,N,Lost Child,42,4
2023-10-29 11:48:00,11,6,10,19.161474757403195,72.81305336370824,R/C,Abuse,74,1
2023-11-26 10:18:00,10,6,11,19.165752227611875,72.8676217433795,R/S,Trafficking,49,2
2023-05-26 22:10:00,22,4,5,18.922305238104677,72.8252678728481,C,Runaway,36,5
2023-06-22 18:37:00,18,3,6,18.940692550933093,72.8245039143569,D,Trafficking,91,2
2023-01-24 19:48:00,19,1,1,18.98457637373559,72.83423767997485,N,Begging,92,5
2023-04-26 09:30:00,9,2,4,19.148708700623164,72.98292427669216,T,Trafficking,71,1
2023-05-27 16:27:00,16,5,5,19.183897161207213,72.96179259915417,K/W,Runaway,96,5
2023-01-21 19:10:00,19,5,1,19.08096353061351,72.92373839827444,K/E,Runaway,80,3
2023-03-03 20:41:00,20,4,3,18.91817207852875,72.84322414415908,M/E,Abuse,83,2
2023-09-09 21:18:00,21,5,9,19.096010711745294,72.95507686945591,B,Begging,71,3
2023-04-09 12:56:00,12,6,4,18.956916916895025,72.99218057848549,B,Child Labour,72,2
2023-08-01 08:12:00,8,1,8,19.007005064090173,72.842195470642,L,Begging,50,4
2023-12-01 13:17:00,13,4,12,18.97378613351603,72.83961746332798,R/N,Lost Child,68,4
2023-05-25 02:32:00,2,3,5,19.292634335825387,72.95072796233318,L,Runaway,89,3
2023-08-14 20:25:00,20,0,8,18.975026388141416,72.91509971594522,S,Runaway,35,4
2023-09-01 21:49:00,21,4,9,19.116410646513337,72.99682684180752,F/N,Begging,91,3
2023-06-04 00:13:00,0,6,6,19.084170675838863,72.86133819912187,R/S,Abuse,32,2
2023-04-16 21:46:00,21,6,4,19.063091401702362,72.91178509993561,C,Child Labour,72,2
2023-09-30 18:18:00,18,5,9,18.978958405979874,72.93068600431765,L,Lost Child,53,5
2023-01-01 05:37:00,5,6,1,19.16199070151457,72.81008263935863,R/N,Trafficking,65,1
2023-06-15 14:38:00,14,3,6,19.256205886977313,72.93135607379503,F/S,Runaway,84,3
2023-07-05 18:05:00,18,2,7,19.18439882661435,72.87052960340716,L,Abuse,82,1
2023-01-13 12:36:00,12,4,1,19.27727604316905,72.88423655650031,C,Lost Child,30,5
2023-02-11 00:05:00,0,5,2,19.024707783702606,72.83362764034402,H/W,Runaway,63,5
2023-01-22 18:46:00,18,6,1,19.07280036392469,72.91282162490191,K/W,Lost Child,81,3
2023-12-06 23:12:00,23,2,12,18.958269000959284,72.80598096058101,P/N,Abuse,94,1
2023-03-16 21:34:00,21,3,3,19.17466881318167,72.89146076114409,H/W,Abuse,94,1
2023-10-26 02:54:00,2,3,10,18.97965438158379,72.88111179983086,R/N,Abuse,38,2
2023-01-22 12:36:00,12,6,1,19.122685464550468,72.93387971908231,R/S,Lost Child,73,5
2023-09-19 16:03:00,16,1,9,19.022232903046554,72.97652293746134,F/S,Begging,38,4
2023-06-01 10:27:00,10,3,6,19.109008807971733,72.84564553521888,D,Trafficking,56,2
2023-03-31 15:36:00,15,4,3,18.990060929928653,72.81014219646082,A,Begging,93,3
2023-11-29 17:48:00,17,2,11,18.98006234934534,72.86970592040578,F/S,Begging,78,4
2023-01-01 12:22:00,12,6,1,18.990298339534768,72.97424664853013,B,Trafficking,99,1
2023-03-22 20:11:00,20,2,3,19.051580881826542,72.80745222885845,P/N,Lost Child,69,3
2023-08-04 17:11:00,17,4,8,19.28864763292469,72.80829115807987,R/C,Runaway,42,3
2023-07-29 10:35:00,10,5,7,19.128466590867482,72.83117372229555,M/W,Child Labour,80,2
2023-08-20 17:02:00,17,6,8,19.03570076365023,72.81467954704327,S,Begging,74,4
2023-08-13 16:35:00,16,6,8,19.170201246146615,72.86057446695276,B,Abuse,66,1
2023-09-23 03:11:00,3,5,9,19.190863671955462,72.8120747219592,H/W,Runaway,33,3
2023-12-01 10:35:00,10,4,12,19.116153812077094,72.83819312482703,E,Runaway,35,2
2023-05-05 02:46:00,2,4,5,19.139140080178805,72.86158644802443,L,Child Labour,62,4
2023-09-10 16:15:00,16,6,9,19.265261468692003,72.93968957554772,M/W,Trafficking,48,2
2023-12-30 00:57:00,0,5,12,19.242531238884016,72.91764728846002,P/S,Child Labour,96,4
2023-11-09 13:57:00,13,3,11,19.027910134544584,72.94279712979765,M/W,Runaway,84,5
2023-10-02 06:21:00,6,0,10,19.265381193050995,72.98000573687999,R/N,Trafficking,72,1
2023-08-23 14:22:00,14,2,8,19.28761484285095,72.88448694985858,C,Lost Child,55,5
2023-11-07 00:27:00,0,1,11,19.17471984814568,72.95918352460137,A,Runaway,81,5
2023-01-04 17:39:00,17,2,1,19.242682913188165,72.9315300771862,D,Trafficking,38,2
2023-05-09 10:01:00,10,1,5,19.267493756472074,72.8907832452111,K/W,Child Labour,60,3
2023-07-08 02:20:00,2,5,7,18.906440602327255,72.88049619863183,H/E,Begging,94,5
2023-11-08 19:28:00,19,2,11,19.06615672438512,72.92129592979236,N,Begging,93,3
2023-03-26 05:46:00,5,6,3,19.20238772631919,72.81663840719831,T,Runaway,68,5
2023-10-26 14:51:00,14,3,10,19.16297241989797,72.95082066635983,R/N,Child Labour,35,3
2023-04-20 14:45:00,14,3,4,18.988876913283665,72.96024034363033,P/N,Runaway,98,5
2023-05-22 16:49:00,16,0,5,18.95996992712255,72.84285363323917,H/W,Begging,66,4
2023-08-05 16:10:00,16,5,8,19.147099184835763,72.97220595781647,D,Trafficking,73,2
2023-02-02 17:53:00,17,3,2,19.2185790951062,72.95238375052541,K/E,Lost Child,46,4
2023-04-26 15:05:00,15,2,4,19.132135065404988,72.96207643829167,D,Abuse,43,4
2023-12-19 13:26:00,13,1,12,19.250234410028128,72.98814320289539,T,Lost Child,87,4
2023-01-19 19:11:00,19,3,1,19.024395090102406,72.81894398303356,K/W,Child Labour,64,4
2023-06-09 13:39:00,13,4,6,19.269576295540414,72.89689467870562,F/S,Child Labour,63,4
2023-12-12 18:55:00,18,1,12,19.09487536311461,72.9343029092013,T,Child Labour,36,3
2023-06-23 03:05:00,3,4,6,19.261551900955254,72.8162609466318,P/S,Child Labour,74,2
2023-07-13 21:29:00,21,3,7,19.251535729136602,72.8007823976596,R/S,Begging,90,3
2023-05-15 23:49:00,23,0,5,18.99870550644682,72.97924405028364,P/N,Runaway,53,5
2023-01-18 01:53:00,1,2,1,18.96842409637945,72.87428912559973,R/S,Lost Child,72,3
2023-03-08 16:28:00,16,2,3,19.27235275162298,72.91568254505245,A,Begging,34,5
2023-04-26 00:49:00,0,2,4,19.172211365979337,72.84071066181964,L,Lost Child,40,5
2023-10-09 16:01:00,16,0,10,19.271584577180196,72.88610793691457,M/W,Abuse,46,2
2023-03-23 14:39:00,14,3,3,18.981623692275647,72.87105149144796,E,Begging,73,4
2023-05-04 23:26:00,23,3,5,19.22386068845224,72.91738379366085,C,Begging,55,3
2023-07-24 22:20:00,22,0,7,19.066491300396514,72.96414703135702,K/E,Runaway,62,5
2023-04-14 02:28:00,2,4,4,19.055422464258786,72.8326318488227,K/W,Runaway,68,4
2023-05-28 21:44:00,21,6,5,19.075546348655603,72.89521288984825,H/E,Abuse,58,2
2023-05-23 10:31:00,10,1,5,19.18710829948999,72.87791194263362,M/E,Lost Child,67,4
2023-05-12 05:57:00,5,4,5,18.94604789352637,72.82700429142876,T,Runaway,92,5
2023-12-10 06:19:00,6,6,12,19.112261011865897,72.80800556993728,K/E,Runaway,73,3
2023-07-04 00:00:00,0,1,7,19.16060225483505,72.825325159445,A,Runaway,43,4
2023-10-07 21:31:00,21,5,10,19.054180502979207,72.832521245984,P/S,Abuse,35,1
2023-09-28 14:29:00,14,3,9,19.013240056602946,72.84974953648629,C,Abuse,91,2
2023-12-09 18:45:00,18,5,12,19.138251362443082,72.93277943848256,R/N,Begging,30,3
2023-12-18 20:08:00,20,0,12,19.23993574664568,72.925815802335,R/S,Trafficking,73,1
2023-09-15 21:02:00,21,4,9,19.049154580832855,72.8942182327631,G/N,Runaway,92,4
2023-12-26 11:38:00,11,1,12,19.16085704217196,72.98106089136002,P/N,Child Labour,35,3
2023-12-11 05:20:00,5,0,12,19.18290835226333,72.95934474259936,P/S,Runaway,37,3
2023-05-20 13:50:00,13,5,5,19.005621017630563,72.995443751749,E,Runaway,55,3
2023-07-31 21:06:00,21,0,7,19.209193938961132,72.87964024310219,N,Child Labour,62,3
2023-06-13 19:05:00,19,1,6,19.28525183739744,72.9950716329199,P/N,Runaway,93,4
2023-05-08 20:48:00,20,0,5,19.025101086565,72.95372556949222,G/N,Lost Child,92,5
2023-04-10 16:35:00,16,0,4,19.13252583090297,72.97530531907248,G/N,Lost Child,71,5
2023-08-30 09:28:00,9,2,8,19.223353110652695,72.91017205378233,M/E,Abuse,83,2
2023-08-08 12:18:00,12,1,8,19.176852672215798,72.97658020479116,G/S,Abuse,84,1
2023-09-07 20:03:00,20,3,9,19.197177850782897,72.93903933848166,C,Begging,91,4
2023-09-12 01:29:00,1,1,9,19.001428774277873,72.87754882356724,K/E,Abuse,48,1
2023-09-22 01:42:00,1,4,9,19.040944371675756,72.81867862157506,K/E,Abuse,87,1
2023-08-05 01:26:00,1,5,8,19.1982039876979,72.99139939502936,M/E,Runaway,31,3
2023-07-31 11:49:00,11,0,7,19.267065786614058,72.96911829811573,P/N,Lost Child,85,5
2023-08-29 07:09:00,7,1,8,18.996349202569167,72.9903328087997,L,Lost Child,81,4
2023-11-15 04:01:00,4,2,11,19.083897005486666,72.86014724170069,F/S,Child Labour,98,4
2023-03-03 10:29:00,10,4,3,19.249618579639375,72.80665075040274,G/N,Trafficking,87,2
2023-07-31 10:32:00,10,0,7,18.920111270361694,72.80865318200694,H/E,Child Labour,55,4
2023-12-24 03:40:00,3,6,12,18.988178854374183,72.9522400398434,B,Lost Child,72,4
2023-07-10 17:58:00,17,0,7,19.22067276976125,72.83798842319476,D,Runaway,46,5
2023-01-01 06:44:00,6,6,1,18.930022044584252,72.92489149750584,R/S,Runaway,66,3
2023-04-10 01:31:00,1,0,4,19.280800467250767,72.87260279790722,P/N,Lost Child,55,3
2023-02-17 08:24:00,8,4,2,19.25497741350564,72.90521285980316,E,Child Labour,71,2
2023-02-08 05:09:00,5,2,2,19.040058237158895,72.90315733455732,T,Lost Child,41,4
2023-10-31 09:50:00,9,1,10,18.998487675468102,72.91649989274667,R/N,Runaway,94,4
2023-09-27 14:49:00,14,2,9,18.97144672233474,72.82980000611145,S,Lost Child,80,4
2023-12-17 16:41:00,16,6,12,18.99536908699797,72.92009730141919,T,Begging,85,3
2023-07-16 01:40:00,1,6,7,18.93876359322111,72.89207427146049,G/N,Child Labour,58,2
2023-05-12 17:18:00,17,4,5,19.258777227207627,72.82339127186019,R/S,Runaway,52,4
2023-10-31 13:09:00,13,1,10,19.18481238818,72.83301245823259,H/W,Runaway,43,4
2023-07-04 10:44:00,10,1,7,18.996954407786408,72.89111479682441,T,Lost Child,44,5
2023-10-30 02:40:00,2,0,10,18.931151916699594,72.81812049633156,F/S,Runaway,64,4
2023-11-14 01:15:00,1,1,11,19.054888574881993,72.98709532898926,K/W,Trafficking,84,1
2023-09-04 00:45:00,0,0,9,19.19438143624685,72.9285204007929,N,Abuse,38,2
2023-05-21 19:09:00,19,6,5,19.257731396092584,72.91767836088813,B,Abuse,64,1
2023-09-06 22:46:00,22,2,9,19.08118562083036,72.98117429532927,P/S,Begging,60,3
2023-05-22 01:46:00,1,0,5,19.179095639730168,72.92928890870444,R/N,Child Labour,32,3
2023-02-24 14:47:00,14,4,2,19.17290912773104,72.82936911573356,H/W,Child Labour,96,3
2023-01-19 17:16:00,17,3,1,18.959814430378383,72.8986739120437,K/E,Runaway,55,4
2023-08-27 23:35:00,23,6,8,19.05967552066566,72.95959623433468,E,Abuse,65,1
2023-03-11 22:21:00,22,5,3,18.95427272196375,72.90574083049874,S,Trafficking,92,4
2023-02-22 01:24:00,1,2,2,19.0427599592171,72.87994531270516,L,Child Labour,75,3
2023-07-07 03:06:00,3,4,7,19.128413807902323,72.88615745910722,P/S,Lost Child,48,3
2023-08-11 16:58:00,16,4,8,19.26290206193426,72.91488903802626,L,Begging,93,3
2023-09-21 02:02:00,2,3,9,19.195878591255756,72.89881154348856,K/W,Abuse,83,1
2023-01-18 06:33:00,6,2,1,19.043118345790187,72.80595071362458,M/E,Lost Child,40,5
2023-10-28 01:51:00,1,5,10,18.990205687544012,72.8523148373579,L,Trafficking,75,3
2023-10-16 13:08:00,13,0,10,19.169808468151803,72.91622761330095,G/S,Child Labour,39,3
2023-07-14 15:25:00,15,4,7,18.99480692195719,72.91593033055378,S,Trafficking,72,2
2023-01-08 01:15:00,1,6,1,18.965381138519096,72.95887619916742,H/W,Child Labour,31,4
2023-11-29 18:16:00,18,2,11,19.231984532449783,72.82398507923811,N,Lost Child,92,4
2023-06-06 21:21:00,21,1,6,18.931384482766433,72.89122240595896,F/S,Trafficking,51,2
2023-07-31 03:31:00,3,0,7,19.269283204228724,72.89537543408763,L,Trafficking,96,2
2023-08-15 12:13:00,12,1,8,19.191207399566355,72.8724421217904,G/S,Trafficking,56,2
2023-10-25 09:10:00,9,2,10,18.91767987111877,72.80721105145366,K/W,Lost Child,37,3
2023-11-07 05:56:00,5,1,11,19.283507225225733,72.83070640574014,K/E,Runaway,75,5
2023-12-23 05:20:00,5,5,12,19.210258522836476,72.94616158467272,R/C,Abuse,89,1
2023-11-30 01:02:00,1,3,11,19.081425609740286,72.8742456477439,R/N,Abuse,53,2
2023-05-07 23:43:00,23,6,5,19.081765335015255,72.967791769549,M/W,Child Labour,92,4
2023-05-29 10:54:00,10,0,5,19.070330139391068,72.8182680502791,H/W,Runaway,79,4
2023-05-30 02:32:00,2,1,5,19.26695194012457,72.96547219592789,R/N,Runaway,41,4
2023-08-25 14:29:00,14,4,8,18.982298253175188,72.85518460659011,K/W,Begging,99,3
2023-02-03 02:59:00,2,4,2,19.059684575735975,72.88200953671314,G/S,Child Labour,47,4
2023-12-27 06:18:00,6,2,12,19.21401016934346,72.86321098668792,K/E,Child Labour,61,4
2023-06-27 11:06:00,11,1,6,19.10989094877037,72.98663693492333,R/S,Begging,44,4
2023-09-24 08:34:00,8,6,9,18.908878979001845,72.92246352659814,F/N,Abuse,89,2
2023-08-15 19:43:00,19,1,8,19.176061671696367,72.92903824266344,T,Begging,78,5
2023-03-05 05:40:00,5,6,3,19.121556344407296,72.89035295759511,A,Abuse,66,1
2023-12-01 17:39:00,17,4,12,19.265388240486764,72.89074369994388,R/S,Runaway,88,1
2023-04-21 08:54:00,8,4,4,19.10472851075726,72.91151081342899,K/W,Abuse,73,1
2023-07-13 07:58:00,7,3,7,19.264413799831793,72.81695271653166,S,Abuse,86,2
2023-10-08 07:23:00,7,6,10,19.19343409026626,72.9684640773972,N,Lost Child,74,4
2023-06-07 04:04:00,4,2,6,18.971420380597618,72.92729271592873,P/N,Runaway,55,4
2023-03-24 20:16:00,20,4,3,18.987532186330846,72.96778357163716,B,Runaway,54,5
2023-10-05 03:22:00,3,3,10,19.251543859743656,72.85330474581576,E,Begging,46,5
2023-11-14 02:44:00,2,1,11,18.955384313532363,72.84147586039124,E,Lost Child,46,4
2023-10-27 22:04:00,22,4,10,18.9397356555226,72.9750544654163,R/N,Abuse,51,2
2023-07-26 20:53:00,20,2,7,19.220956062864996,72.90445484188923,G/S,Begging,34,5
2023-07-22 06:45:00,6,5,7,19.296199345125867,72.89635816457215,C,Abuse,91,2
2023-10-26 09:27:00,9,3,10,19.20569201233558,72.99382564017714,R/N,Begging,46,3
2023-08-24 06:00:00,6,3,8,18.912357359323796,72.86028215963556,F/S,Lost Child,81,3
2023-12-04 21:10:00,21,0,12,19.035548372520335,72.89688640649868,K/E,Trafficking,54,1
2023-05-28 11:52:00,11,6,5,18.90089021861146,72.83454074045923,A,Begging,49,5
2023-03-30 03:18:00,3,3,3,19.08566192902308,72.87828242227009,R/N,Begging,31,1
2023-05-14 12:38:00,12,6,5,18.913549843565242,72.9892065832789,F/S,Lost Child,36,3
2023-07-25 10:00:00,10,1,7,19.26655771514656,72.87229120005053,P/N,Abuse,68,1
2023-11-24 02:46:00,2,4,11,19.28033943730565,72.98177285934932,T,Trafficking,46,2
2023-03-29 01:50:00,1,2,3,19.1048914747401,72.98241172575325,R/N,Runaway,53,4
2023-03-12 00:38:00,0,6,3,19.256476735845666,72.95638223319662,K/E,Trafficking,65,2
2023-02-14 09:00:00,9,1,2,19.284813101674178,72.88928093253348,G/N,Lost Child,81,5
2023-11-06 13:55:00,13,0,11,19.02759137493571,72.9755643484372,F/S,Lost Child,50,5
2023-01-15 09:22:00,9,6,1,19.13080293517156,72.93962110783444,P/N,Lost Child,94,1
2023-09-01 05:46:00,5,4,9,18.983756786465072,72.97856877131461,L,Trafficking,33,1
2023-05-10 22:56:00,22,2,5,19.284085249130985,72.90583113738005,H/E,Trafficking,32,2
2023-02-14 23:25:00,23,1,2,19.214471256514518,72.90722088273169,A,Runaway,77,4
2023-03-23 10:15:00,10,3,3,19.122760105975967,72.95454739068613,P/N,Runaway,83,4
2023-02-09 07:42:00,7,3,2,19.158090760740485,72.95517435886201,S,Trafficking,98,2
2023-01-09 23:33:00,23,0,1,19.20272762103581,72.89079902754222,B,Runaway,47,3
2023-11-05 13:14:00,13,6,11,19.050863036262488,72.85295040339176,R/C,Lost Child,96,3
2023-05-17 10:10:00,10,2,5,19.241149870366222,72.89718773723327,K/W,Trafficking,86,1
2023-12-09 13:30:00,13,5,12,19.113882583217613,72.86736178474324,H/E,Trafficking,64,1
2023-09-23 09:29:00,9,5,9,19.03409458372376,72.95875922742701,M/W,Begging,68,2
2023-04-19 05:50:00,5,2,4,19.192018009577822,72.89947554150645,P/S,Abuse,40,2
2023-09-08 03:44:00,3,4,9,19.22121335766579,72.82598506576845,R/C,Child Labour,62,2
2023-11-20 06:31:00,6,0,11,18.932916743441872,72.94990063443147,E,Abuse,53,1
2023-11-16 00:09:00,0,3,11,19.14931375124885,72.81256457664709,P/S,Abuse,96,1
2023-07-06 11:32:00,11,3,7,18.923350876726506,72.96610081007901,M/W,Runaway,41,3
2023-02-22 11:54:00,11,2,2,19.260305689023472,72.95689182225395,D,Child Labour,78,3
2023-12-02 23:21:00,23,5,12,18.95375990468865,72.99422665635355,R/N,Abuse,78,1
2023-08-20 00:36:00,0,6,8,19.13087627214137,72.90037567145957,M/E,Begging,49,4
2023-08-11 02:15:00,2,4,8,19.161442383172595,72.96398667894296,B,Child Labour,64,3
2023-02-03 13:45:00,13,4,2,19.276086310393012,72.83716543280538,G/N,Child Labour,67,4
2023-04-06 20:49:00,20,3,4,19.05497137233598,72.9333654052398,N,Begging,78,5
2023-11-17 05:18:00,5,4,11,19.06774137448907,72.83029295546235,M/E,Lost Child,55,3
2023-01-10 08:03:00,8,1,1,19.221320341148402,72.80234190464694,P/N,Abuse,94,2
2023-02-25 13:01:00,13,5,2,19.014118800461954,72.8082583760555,B,Begging,30,5
2023-11-05 23:22:00,23,6,11,19.110991811266757,72.8365017428362,K/W,Child Labour,83,3
2023-02-09 00:56:00,0,3,2,19.002912235612094,72.8850693613417,L,Abuse,46,2
2023-01-24 04:55:00,4,1,1,19.166713251784692,72.9764640139685,G/S,Runaway,34,4
2023-10-04 22:21:00,22,2,10,19.27603976245656,72.88077469650601,R/C,Runaway,41,1
2023-11-03 02:16:00,2,4,11,19.24042979176317,72.89894941200825,P/S,Trafficking,94,2
2023-08-25 06:09:00,6,4,8,18.951256380697107,72.89161292884216,P/N,Abuse,35,2
2023-07-24 20:31:00,20,0,7,19.04932472321207,72.99779347005548,P/S,Lost Child,94,5
2023-11-18 09:16:00,9,5,11,19.0011777507736,72.8923957234148,F/N,Abuse,81,1
2023-01-03 03:07:00,3,1,1,18.95464221199989,72.92245611704409,R/S,Abuse,90,2
2023-09-11 04:31:00,4,0,9,18.918749692515703,72.82173492685124,H/E,Child Labour,49,3
2023-12-03 11:43:00,11,6,12,19.166512422748337,72.81169267037735,F/N,Runaway,56,5
2023-01-02 06:02:00,6,0,1,19.19967527510043,72.92074117437298,S,Begging,31,4
2023-06-20 00:24:00,0,1,6,19.008487167438354,72.83323422827992,T,Lost Child,86,3
2023-03-20 15:37:00,15,0,3,19.249466025238494,72.96505473985216,T,Runaway,32,5
2023-03-28 05:44:00,5,1,3,19.206069623097182,72.81206296130563,S,Lost Child,46,4
2023-10-15 20:13:00,20,6,10,19.065082948750753,72.99174249605643,M/W,Begging,69,3
2023-12-25 10:42:00,10,0,12,18.962766084620945,72.86169974083427,R/C,Abuse,45,2
2023-12-06 06:21:00,6,2,12,19.033591852421893,72.9365545832378,R/C,Runaway,36,3
2023-10-24 02:54:00,2,1,10,18.926676237911884,72.88960047810102,P/N,Runaway,46,3
2023-05-12 19:28:00,19,4,5,19.270091513701473,72.8267903703088,K/E,Abuse,85,2
2023-05-21 11:38:00,11,6,5,19.001096248757918,72.81673436573051,P/N,Lost Child,60,4
2023-10-12 00:37:00,0,3,10,19.033063346959246,72.95487021399104,R/C,Abuse,56,2
2023-10-10 19:35:00,19,1,10,19.174243767706795,72.91140650996726,G/N,Trafficking,66,2
2023-05-12 10:30:00,10,4,5,19.174153423275875,72.93204339530583,K/W,Runaway,33,4
2023-03-29 18:16:00,18,2,3,19.279087519534755,72.91872456776206,A,Abuse,69,2
2023-06-16 08:37:00,8,4,6,19.168492748586036,72.98817813018252,R/N,Child Labour,63,4
2023-10-20 05:15:00,5,4,10,18.909566536421426,72.97375226607993,H/W,Abuse,95,1
2023-11-07 22:29:00,22,1,11,18.92528599839231,72.89767508354319,K/W,Runaway,96,4
2023-09-25 20:52:00,20,0,9,18.938929267053847,72.97119248725727,S,Child Labour,66,2
2023-01-30 19:17:00,19,0,1,19.21737387493565,72.98877452362773,C,Lost Child,97,3
2023-08-23 14:41:00,14,2,8,19.158860007798648,72.88214069206678,P/S,Child Labour,35,2
2023-03-21 19:57:00,19,1,3,19.161613662209835,72.90992240814411,E,Trafficking,96,3
2023-10-25 22:36:00,22,2,10,18.9668691304939,72.97297364451546,H/E,Abuse,44,2
2023-01-05 02:51:00,2,3,1,19.25892128145699,72.95339909997477,R/C,Begging,39,5
2023-09-23 12:25:00,12,5,9,19.132594617546168,72.91711788460212,H/W,Runaway,67,5
2023-10-30 09:33:00,9,0,10,19.033507399856163,72.94224813742129,D,Begging,92,3
2023-12-02 12:00:00,12,5,12,19.13522237794536,72.83680159933344,C,Begging,80,3
2023-10-13 15:07:00,15,4,10,19.257032517592307,72.9434863982008,D,Trafficking,93,1
2023-03-05 18:38:00,18,6,3,19.257236971776713,72.84946199508224,R/S,Child Labour,52,3
2023-01-14 04:32:00,4,5,1,19.298834174105764,72.84090344696703,P/S,Lost Child,72,3
2023-09-11 20:53:00,20,0,9,18.94423892488032,72.92840444048193,P/S,Lost Child,62,5
2023-12-04 12:30:00,12,0,12,19.032707767167782,72.92729469344972,F/N,Child Labour,60,3
2023-02-25 16:09:00,16,5,2,19.238416746504132,72.80964948537726,H/E,Runaway,55,3
2023-04-18 10:36:00,10,1,4,19.288402575680756,72.80104901400948,G/N,Begging,94,5
2023-11-24 18:26:00,18,4,11,19.09087570806962,72.8944707313474,K/W,Lost Child,59,4
2023-09-11 14:05:00,14,0,9,19.028500879386694,72.96304254458764,C,Runaway,78,4
2023-08-02 10:25:00,10,2,8,18.9349030250795,72.97859725093723,R/N,Begging,39,3
2023-06-22 03:29:00,3,3,6,18.96373501939832,72.98075841794802,R/N,Child Labour,79,4
2023-01-12 09:32:00,9,3,1,19.2930824778241,72.97943774664144,M/E,Abuse,49,1
2023-09-30 11:57:00,11,5,9,19.140781787584586,72.88352453545862,M/E,Runaway,38,1
2023-02-28 17:25:00,17,1,2,19.18597204557711,72.8105859600276,H/E,Runaway,64,3
2023-01-10 08:26:00,8,1,1,18.974598259421118,72.8442056467123,P/S,Lost Child,33,5
2023-01-13 04:41:00,4,4,1,19.130492013164012,72.88993319977735,R/N,Lost Child,93,3
2023-01-29 09:37:00,9,6,1,19.22067375556869,72.8761510413706,P/N,Begging,86,3
2023-12-18 00:18:00,0,0,12,19.06533081178927,72.83084614494223,C,Runaway,88,3
2023-01-15 17:59:00,17,6,1,19.005580610870517,72.83385561667144,D,Trafficking,44,1
2023-06-24 00:04:00,0,5,6,18.982150692655093,72.95307906958915,A,Runaway,66,3
2023-05-25 20:00:00,20,3,5,18.982882943291223,72.98485776589055,B,Lost Child,32,3
2023-03-12 10:27:00,10,6,3,19.178464105158092,72.82226236148185,F/S,Runaway,80,3
2023-07-17 08:45:00,8,0,7,19.08229817467645,72.80660064310176,F/N,Abuse,82,2
2023-08-04 09:08:00,9,4,8,19.14051475062314,72.94356924015119,R/C,Begging,72,4
2023-08-16 22:43:00,22,2,8,19.10896084223187,72.93137158443926,F/N,Abuse,43,2
2023-02-14 22:18:00,22,1,2,19.029151777638987,72.80073755712777,H/E,Runaway,65,3
2023-03-06 16:26:00,16,0,3,19.15952767585963,72.87616846900907,G/S,Child Labour,31,2
2023-07-21 11:49:00,11,4,7,19.107572889253806,72.94295670721351,M/W,Begging,31,5
2023-04-13 08:41:00,8,3,4,19.13546441903793,72.824963659355,M/E,Runaway,84,5
2023-03-28 04:39:00,4,1,3,18.9392037636581,72.96540157131182,F/S,Begging,91,3
2023-03-03 21:18:00,21,4,3,19.280054584806543,72.97416650512204,G/N,Abuse,75,2
2023-05-13 21:49:00,21,5,5,19.20390577258538,72.92954885569462,G/N,Abuse,45,1
2023-04-23 13:30:00,13,6,4,19.16303363369107,72.88234511363018,M/W,Lost Child,70,5
2023-06-29 09:27:00,9,3,6,19.07513882625882,72.83757804108917,C,Begging,40,4
2023-12-09 09:24:00,9,5,12,19.19036565037397,72.99438935621548,N,Abuse,97,2
2023-08-05 03:44:00,3,5,8,19.298365715316006,72.97407653412992,F/N,Trafficking,74,1
2023-12-18 23:03:00,23,0,12,19.143846143457868,72.91611430053132,R/C,Runaway,97,5
2023-04-02 17:57:00,17,6,4,18.94008241927485,72.89227095258587,S,Trafficking,69,2
2023-07-13 09:17:00,9,3,7,19.013733141120472,72.91561238716707,S,Trafficking,93,2
2023-04-14 02:51:00,2,4,4,19.108757218346877,72.85296109605471,P/N,Lost Child,81,5
2023-08-12 17:46:00,17,5,8,19.08818824074517,72.90698302607623,F/S,Trafficking,95,2
2023-11-08 14:13:00,14,2,11,19.20571979256431,72.80981262570272,K/E,Lost Child,36,4
2023-05-30 15:18:00,15,1,5,18.944214689089357,72.89630188511377,R/N,Child Labour,95,4
2023-09-09 21:02:00,21,5,9,18.997765607208553,72.94636905473952,M/E,Runaway,50,3
2023-02-01 07:51:00,7,2,2,19.18499450594249,72.85102087872536,F/S,Lost Child,90,3
2023-03-11 21:32:00,21,5,3,19.23696557546394,72.80573767482042,P/N,Lost Child,31,5
2023-11-07 18:25:00,18,1,11,18.976770978649284,72.93294066438638,M/W,Trafficking,79,2
2023-08-24 02:11:00,2,3,8,18.993216551014434,72.95658033005621,F/N,Runaway,68,4
2023-03-07 07:41:00,7,1,3,19.187810947161836,72.82240014691466,R/N,Begging,90,5
2023-02-13 17:11:00,17,0,2,18.972286918367832,72.86623990123427,E,Lost Child,77,4
2023-04-07 09:02:00,9,4,4,18.988567423992965,72.85949431263201,M/E,Abuse,95,1
2023-08-31 03:34:00,3,3,8,19.217434727557684,72.87399526024195,C,Runaway,89,4
2023-11-08 21:44:00,21,2,11,19.284566573593384,72.90058951014898,H/E,Begging,36,5
2023-04-22 13:07:00,13,5,4,19.248512498424216,72.96732987128848,M/W,Trafficking,82,1
2023-04-15 23:53:00,23,5,4,19.054600541763964,72.95423521798011,D,Child Labour,97,2
2023-09-06 02:12:00,2,2,9,19.032108267115543,72.95593338713559,H/E,Lost Child,43,4
2023-12-12 22:17:00,22,1,12,19.102963974152868,72.99859494826829,K/W,Child Labour,42,2
2023-04-01 22:43:00,22,5,4,19.038540079974293,72.9883460167196,G/N,Runaway,38,5
2023-04-22 16:18:00,16,5,4,19.03762769314941,72.88801016198302,R/C,Child Labour,35,2
2023-03-20 14:16:00,14,0,3,18.902135960938395,72.9042518178938,F/N,Begging,85,5
2023-02-26 13:43:00,13,6,2,19.26836405686247,72.85447701902798,P/N,Begging,63,5
2023-06-03 09:48:00,9,5,6,19.253241558804273,72.84428020916296,R/C,Trafficking,66,2
2023-03-19 06:00:00,6,6,3,18.922208162083432,72.84331090473621,N,Child Labour,53,4
2023-03-07 18:00:00,18,1,3,19.033896305653677,72.9156119895538,K/E,Lost Child,67,3
2023-12-22 05:41:00,5,4,12,19.00933621252229,72.90318824391521,N,Lost Child,85,3
2023-10-20 12:32:00,12,4,10,19.216024507889713,72.80404777261928,K/E,Begging,69,3
2023-03-16 18:35:00,18,3,3,19.046072597254174,72.83115047105302,F/N,Child Labour,79,1
2023-02-21 16:12:00,16,1,2,19.085397453475302,72.89483375227128,R/C,Lost Child,97,4
2023-09-25 22:41:00,22,0,9,19.110612697556878,72.98520413185794,E,Lost Child,33,5
2023-04-08 23:46:00,23,5,4,19.297283087079684,72.81051073996883,R/C,Trafficking,81,2
2023-03-26 01:04:00,1,6,3,18.900800685046214,72.96044719530019,K/W,Runaway,58,1
2023-01-21 21:05:00,21,5,1,19.211781994737976,72.95314090961995,C,Abuse,77,1
2023-07-17 03:12:00,3,0,7,19.01182899815276,72.94026293715037,P/N,Begging,38,5
2023-10-24 15:52:00,15,1,10,18.93443586518416,72.8411287120943,P/N,Runaway,50,5
2023-04-25 09:37:00,9,1,4,19.200333853795282,72.81557196493303,F/N,Trafficking,62,1
2023-07-28 22:41:00,22,4,7,18.926705758734045,72.98082955423278,F/N,Child Labour,66,2
2023-05-10 15:04:00,15,2,5,19.01052400320732,72.89973966709543,P/N,Abuse,49,2
2023-02-15 23:11:00,23,2,2,18.972524347062,72.91758458922068,S,Lost Child,74,5
2023-04-18 18:50:00,18,1,4,18.989977888629596,72.94300802684165,B,Begging,96,5
2023-07-30 20:55:00,20,6,7,18.915514405787917,72.99706646946655,H/E,Trafficking,66,2
2023-06-23 09:28:00,9,4,6,19.17054807954399,72.90622248151514,R/S,Abuse,90,2
2023-01-07 14:06:00,14,5,1,19.228083844536762,72.8291841342155,D,Begging,42,4
2023-05-02 04:33:00,4,1,5,19.002612046442163,72.96892751433445,K/W,Trafficking,38,1
2023-06-23 15:47:00,15,4,6,19.091193647656084,72.87163043030013,R/N,Runaway,45,3
2023-03-13 13:32:00,13,0,3,19.24086136805615,72.98550928964484,S,Lost Child,30,3
2023-04-10 14:53:00,14,0,4,19.250540456651006,72.88947166693794,S,Begging,83,3
2023-10-07 01:37:00,1,5,10,19.21387387430248,72.81066999360246,A,Abuse,69,1
2023-05-12 23:06:00,23,4,5,18.965568601393514,72.8194822416168,G/N,Lost Child,80,5
2023-10-29 22:42:00,22,6,10,19.260613585213488,72.89850703780007,R/S,Begging,73,5
2023-05-31 13:02:00,13,2,5,19.285889923676827,72.8533057641302,A,Runaway,99,1
2023-10-22 07:43:00,7,6,10,18.964603602873247,72.87057397026616,G/S,Lost Child,68,3
2023-02-14 19:11:00,19,1,2,19.25358993072871,72.9874597493689,A,Trafficking,97,2
2023-03-27 01:13:00,1,0,3,18.92577068759158,72.87410994888751,S,Abuse,94,1
2023-12-23 22:29:00,22,5,12,19.145258461387733,72.88209382388477,T,Runaway,50,4
2023-11-15 10:17:00,10,2,11,18.951632865350447,72.82638496508291,H/W,Child Labour,36,1
2023-12-26 10:16:00,10,1,12,19.04768566675356,72.88789880878166,R/N,Runaway,61,5
2023-10-24 13:49:00,13,1,10,19.2651411190566,72.80871121208223,M/W,Child Labour,82,4
2023-06-30 00:22:00,0,4,6,19.069293770566826,72.92771780407865,C,Runaway,53,4
2023-02-15 21:57:00,21,2,2,19.072046637204412,72.81643711688606,R/S,Child Labour,64,4
2023-07-21 18:31:00,18,4,7,18.97752152282275,72.97617039760671,H/E,Trafficking,49,1
2023-06-19 03:27:00,3,0,6,18.99268899814354,72.94204157360075,M/E,Runaway,69,4
2023-04-28 11:57:00,11,4,4,19.171045870865314,72.81510981286434,R/S,Runaway,37,3
2023-01-01 00:45:00,0,6,1,18.98134930037581,72.93763522900525,K/E,Runaway,94,4
2023-01-03 00:26:00,0,1,1,19.031554345666024,72.94696547369664,A,Begging,39,4
2023-07-07 18:24:00,18,4,7,19.232209059678713,72.98765378977565,C,Abuse,82,2
2023-05-08 02:34:00,2,0,5,18.909037239121012,72.9542536305459,R/S,Runaway,47,3
2023-12-21 01:34:00,1,3,12,19.06561186311953,72.92835225050939,R/S,Begging,96,5
2023-12-04 08:52:00,8,0,12,18.941715724449953,72.93336333971304,H/E,Child Labour,93,3
2023-04-21 22:57:00,22,4,4,19.10166771591404,72.88032982038384,F/N,Child Labour,48,3
2023-08-01 15:36:00,15,1,8,19.235373627201227,72.97576007762964,N,Abuse,73,4
2023-12-08 08:08:00,8,4,12,18.98080730545095,72.87624294508635,G/S,Trafficking,45,2
2023-06-12 03:23:00,3,0,6,18.967899093288647,72.99859616618559,L,Abuse,45,5
2023-12-08 11:05:00,11,4,12,19.260281318443297,72.9261801470857,H/W,Abuse,99,5
2023-11-01 00:55:00,0,2,11,19.144861392511885,72.84823194996913,N,Runaway,56,4
2023-08-16 06:53:00,6,2,8,18.97198034806489,72.96148169602267,S,Begging,93,5
2023-12-27 06:35:00,6,2,12,18.960275499017406,72.94947381189505,B,Runaway,92,4
2023-05-04 00:40:00,0,3,5,19.13950060078172,72.86455866399737,P/S,Lost Child,44,5
2023-12-14 13:58:00,13,3,12,18.970294125715416,72.86934673836777,F/S,Trafficking,73,2
2023-01-09 00:15:00,0,0,1,19.1973595090024,72.90699461289464,H/W,Child Labour,55,3
2023-10-29 21:30:00,21,6,10,19.01835889762177,72.95559981005445,R/N,Begging,39,4
2023-10-15 07:04:00,7,6,10,19.117610132408583,72.92818372266511,H/W,Runaway,96,4
2023-11-16 09:15:00,9,3,11,19.07547957017612,72.90206001612077,T,Lost Child,44,4
2023-10-08 20:19:00,20,6,10,18.95945123909813,72.94199292945778,H/W,Trafficking,53,1
2023-09-25 09:52:00,9,0,9,19.07471177265865,72.98301757838975,B,Trafficking,33,1
2023-08-09 00:06:00,0,2,8,18.956493662867228,72.96896101529695,R/S,Runaway,39,3
2023-07-13 19:58:00,19,3,7,18.998130167512375,72.80356384888718,F/S,Child Labour,58,4
2023-03-12 00:18:00,0,6,3,19.018416069617363,72.90543296745675,F/N,Begging,38,3
2023-09-28 15:11:00,15,3,9,19.25348503602245,72.82892526533692,B,Begging,90,5
2023-10-25 13:40:00,13,2,10,19.27659953939107,72.81581027488086,F/N,Trafficking,67,5
2023-10-19 15:58:00,15,3,10,19.102005216391213,72.97907264977101,N,Abuse,83,1
2023-01-05 05:00:00,5,3,1,19.164015894211328,72.98016509704637,D,Abuse,82,2
2023-07-16 16:07:00,16,6,7,19.076668490746794,72.93918436304172,L,Begging,75,3
2023-02-06 10:06:00,10,0,2,18.945939008988464,72.81561704093751,N,Trafficking,88,2
2023-05-15 11:20:00,11,0,5,19.18540166397647,72.96947299788924,R/C,Abuse,62,2
2023-09-19 01:47:00,1,1,9,19.288506097442387,72.99810964348764,P/N,Trafficking,90,1
2023-07-23 13:34:00,13,6,7,19.236669659590376,72.82046683387495,A,Lost Child,63,3
2023-12-18 03:36:00,3,0,12,19.130527450418267,72.84673097062047,A,Trafficking,65,1
2023-12-09 06:22:00,6,5,12,19.045793546414764,72.98336551715775,E,Lost Child,92,4
2023-07-24 17:00:00,17,0,7,19.049958985147068,72.84659337270294,K/W,Trafficking,97,1
2023-09-08 15:32:00,15,4,9,19.118212786542202,72.93500634739529,P/N,Runaway,49,1
2023-04-28 18:47:00,18,4,4,18.975540235378382,72.90045465353806,B,Trafficking,71,1
2023-04-21 11:18:00,11,4,4,19.17610426235153,72.87292489732215,L,Trafficking,97,1
2023-11-24 07:33:00,7,4,11,19.045921113965022,72.94374631214536,T,Runaway,57,5
2023-11-01 21:08:00,21,2,11,19.12562038916711,72.84234509998039,R/S,Abuse,38,4
2023-08-08 05:55:00,5,1,8,19.243703699432423,72.80089637578942,K/E,Abuse,48,1
2023-10-31 21:05:00,21,1,10,18.927660635277554,72.80623018697683,F/N,Trafficking,87,2
2023-02-01 05:06:00,5,2,2,19.015476232901246,72.93937945833187,M/E,Runaway,69,3
2023-12-31 08:54:00,8,6,12,18.92922703812906,72.8203246281178,K/E,Begging,53,5
2023-02-27 02:40:00,2,0,2,19.026623762820332,72.9231337975179,P/N,Begging,69,3
2023-07-24 11:42:00,11,0,7,19.26395522573685,72.88784316061943,R/N,Trafficking,43,1
2023-03-11 02:44:00,2,5,3,19.2439555718112,72.96785137341394,K/W,Begging,57,5
2023-10-26 19:54:00,19,3,10,18.990890578176035,72.88285639171934,F/S,Begging,45,5
2023-06-08 07:22:00,7,3,6,19.237754371414745,72.80118740732651,G/N,Trafficking,47,1
2023-07-16 20:12:00,20,6,7,19.11200396824088,72.81195303411211,R/C,Abuse,35,2
2023-06-06 10:41:00,10,1,6,19.08533249468843,72.95788247043672,K/E,Lost Child,49,3
2023-09-05 09:26:00,9,1,9,19.250733628784076,72.97868100380617,R/S,Trafficking,41,3
2023-02-04 23:31:00,23,5,2,19.177157512999212,72.83773977405238,D,Lost Child,56,4
2023-03-22 14:41:00,14,2,3,19.244466591034204,72.92778383556674,N,Abuse,72,2
2023-09-15 18:49:00,18,4,9,19.091297474483284,72.82046345676919,K/E,Lost Child,37,3
2023-01-25 03:31:00,3,2,1,19.10105347924055,72.8166589785959,R/S,Lost Child,46,3
2023-09-22 04:52:00,4,4,9,19.007382620822067,72.86864811724148,H/E,Abuse,81,2
2023-06-14 13:55:00,13,2,6,18.91529403234316,72.92904957653701,A,Runaway,37,3
2023-10-31 07:18:00,7,1,10,18.996048579767635,72.80170930732261,D,Runaway,44,4
2023-08-30 23:27:00,23,2,8,19.248960455209687,72.9313558079856,N,Begging,63,4
2023-06-15 03:54:00,3,3,6,19.139256615799166,72.81478743845992,E,Child Labour,69,2
2023-05-27 21:21:00,21,5,5,19.089260397997602,72.83519800908499,K/E,Lost Child,72,4
2023-04-20 11:43:00,11,3,4,19.015394149614192,72.90677217474475,D,Runaway,99,3
2023-12-20 08:27:00,8,2,12,19.10789767186672,72.94070485046511,D,Abuse,91,1
2023-12-13 21:07:00,21,2,12,19.043926246386064,72.846219822941,M/W,Lost Child,99,4
2023-08-24 04:07:00,4,3,8,19.169983071109183,72.90180546999626,P/S,Trafficking,48,5
2023-02-17 12:29:00,12,4,2,19.163779289871552,72.96279604065828,T,Abuse,61,2
2023-12-14 23:13:00,23,3,12,19.24993886483924,72.84179685162108,K/W,Child Labour,80,2
2023-09-06 07:36:00,7,2,9,19.19876923178756,72.89606255134095,G/N,Begging,41,4
2023-06-04 14:10:00,14,6,6,19.227530149043293,72.98009433358278,P/N,Trafficking,99,1
2023-10-15 03:39:00,3,6,10,19.14753914020051,72.84293487410201,R/C,Begging,32,5
2023-09-26 20:28:00,20,1,9,18.988427246126648,72.81262484152163,P/N,Abuse,96,2
2023-10-27 00:41:00,0,4,10,18.95917457867384,72.85994077156887,K/W,Abuse,90,2
2023-07-20 19:41:00,19,3,7,19.10529259551763,72.9923490671347,A,Begging,71,3
2023-02-21 11:53:00,11,1,2,19.042726991790293,72.94075341353785,P/N,Lost Child,62,3
2023-05-21 08:50:00,8,6,5,18.941125808563445,72.87784263298495,F/N,Abuse,79,1
2023-01-07 10:44:00,10,5,1,19.23713150814277,72.91003008565342,S,Child Labour,61,4
2023-06-16 10:41:00,10,4,6,19.053545856826066,72.97559854605998,M/W,Begging,67,3
2023-02-11 06:58:00,6,5,2,19.085621733870692,72.94810296743456,K/W,Runaway,68,4
2023-08-24 17:57:00,17,3,8,19.165275111832898,72.89657965171723,R/N,Lost Child,49,3
2023-04-12 05:55:00,5,2,4,19.03160205556925,72.95122823304844,F/S,Trafficking,77,1
2023-06-19 08:51:00,8,0,6,18.93412321801764,72.83966162789352,R/N,Lost Child,34,4
2023-09-07 09:48:00,9,3,9,18.99350976745142,72.85527317183659,G/S,Begging,88,5
2023-02-02 01:29:00,1,3,2,18.913405107066787,72.97639049256449,H/W,Trafficking,41,1
2023-07-10 10:16:00,10,0,7,19.234417797230584,72.81179605816578,G/S,Abuse,42,1
2023-09-15 02:30:00,2,4,9,19.196700973223248,72.94892545199758,K/W,Lost Child,93,4
2023-01-14 23:25:00,23,5,1,18.90703813514171,72.99900495478227,H/W,Child Labour,77,2
2023-09-09 08:59:00,8,5,9,19.03604410233843,72.89635590171888,M/W,Trafficking,60,1
2023-09-28 11:27:00,11,3,9,18.959737321755124,72.81374584068783,T,Runaway,83,3
2023-11-17 07:43:00,7,4,11,19.16950978407964,72.97549847090062,K/W,Child Labour,97,3
2023-10-09 20:35:00,20,0,10,19.188026472903005,72.85597730937624,K/E,Runaway,61,5
2023-12-16 18:05:00,18,5,12,19.22258817147783,72.99662200552106,T,Trafficking,85,1
2023-01-10 23:20:00,23,1,1,19.06262112083621,72.87404980003843,F/S,Runaway,86,1
2023-06-13 00:40:00,0,1,6,18.913105414470664,72.9271763514007,R/S,Trafficking,70,2
2023-10-06 14:02:00,14,4,10,19.005436969865897,72.86513107599437,L,Begging,91,4
2023-09-01 14:28:00,14,4,9,19.21940353390186,72.98779990396116,R/N,Runaway,65,4
2023-06-16 20:22:00,20,4,6,19.06334477914218,72.9268609350336,A,Trafficking,38,2
2023-09-25 00:38:00,0,0,9,19.132032679563256,72.91986524386962,R/S,Runaway,51,3
2023-03-11 19:04:00,19,5,3,19.17847153461563,72.8448313965265,B,Abuse,33,2
2023-07-03 21:41:00,21,0,7,18.90987805345511,72.82317751084943,C,Lost Child,63,5
2023-12-13 18:12:00,18,2,12,19.184159127795834,72.90384127412342,K/W,Child Labour,49,2
2023-08-14 10:16:00,10,0,8,19.2108477231612,72.99486182049836,H/W,Trafficking,97,2
2023-08-21 00:05:00,0,0,8,19.152088873728598,72.94402074929876,T,Lost Child,43,3
2023-01-27 12:22:00,12,4,1,19.196643389167257,72.93610049378827,A,Begging,72,2
2023-02-05 15:43:00,15,6,2,19.007307537275477,72.99406026806578,P/S,Trafficking,39,2
2023-01-28 09:23:00,9,5,1,18.93807577136325,72.80235411514718,C,Trafficking,55,1
2023-08-14 02:11:00,2,0,8,19.1744209853761,72.93277000384612,R/N,Abuse,34,2
2023-08-20 19:37:00,19,6,8,19.27452644216464,72.90176392606377,K/W,Child Labour,43,4
2023-08-24 11:16:00,11,3,8,19.12460767232673,72.8777693096529,F/N,Abuse,97,1
2023-09-02 10:16:00,10,5,9,18.96374242767207,72.95901711819566,P/N,Begging,50,4
2023-09-06 19:15:00,19,2,9,19.176373484966348,72.81903901347737,E,Child Labour,82,3
2023-10-23 22:29:00,22,0,10,19.01815272084731,72.98061170150967,P/S,Lost Child,48,5
2023-05-06 00:21:00,0,5,5,18.9191547963368,72.85634317253363,E,Trafficking,38,1
2023-02-15 07:52:00,7,2,2,18.950840342315672,72.81429614766773,L,Begging,67,5
2023-10-02 12:47:00,12,0,10,19.198470093546703,72.88675312207927,A,Child Labour,72,3
2023-11-19 03:52:00,3,6,11,19.06012275375766,72.85876506753264,R/C,Begging,64,3
2023-01-13 11:19:00,11,4,1,19.063074274557835,72.81592672492077,B,Lost Child,79,4
2023-01-10 14:26:00,14,1,1,19.012763447518616,72.81306025299668,G/S,Child Labour,87,2
2023-09-12 10:16:00,10,1,9,19.061474099031184,72.80344730513181,R/C,Lost Child,97,4
2023-11-09 13:36:00,13,3,11,19.15096049736081,72.80532558889682,K/W,Begging,31,5
2023-11-18 22:38:00,22,5,11,19.00801377425638,72.96258675578832,K/W,Trafficking,58,2
2023-10-27 08:48:00,8,4,10,19.289042689399018,72.88259943765662,N,Abuse,43,1
2023-09-28 02:56:00,2,3,9,19.11541189357827,72.87982802490649,M/E,Child Labour,94,4
2023-11-08 08:39:00,8,2,11,19.26888924024723,72.85260093116781,F/S,Child Labour,95,4
2023-01-04 10:09:00,10,2,1,19.27592824356383,72.95001066044901,L,Abuse,35,1
2023-01-01 16:15:00,16,6,1,19.058613315129985,72.81192044862952,K/W,Begging,33,4
2023-12-22 18:00:00,18,4,12,18.90899972331562,72.8505768987785,G/S,Begging,64,4
2023-12-09 00:44:00,0,5,12,18.999773341766065,72.91167307459207,P/S,Child Labour,61,4
2023-04-21 21:40:00,21,4,4,19.165590910241836,72.98653647434718,R/C,Trafficking,50,2
2023-04-04 11:05:00,11,1,4,19.046281773500535,72.9418766705076,H/W,Trafficking,32,2
2023-09-25 07:53:00,7,0,9,19.077103361944662,72.86470507394692,C,Begging,42,5
2023-10-04 18:21:00,18,2,10,18.945078338451868,72.86802400424884,R/C,Begging,71,5
2023-11-27 04:33:00,4,0,11,19.261676001003046,72.80537308413815,R/C,Child Labour,49,2
2023-09-19 10:49:00,10,1,9,19.18161479233436,72.94727755261131,N,Begging,59,4
2023-05-12 13:59:00,13,4,5,19.084766417236597,72.87135078731087,G/S,Lost Child,91,4
2023-11-21 10:05:00,10,1,11,19.004393930437043,72.95383534896068,C,Lost Child,97,5
2023-10-15 09:48:00,9,6,10,19.039572440371813,72.89458388889858,S,Trafficking,69,1
2023-01-07 16:52:00,16,5,1,19.05701781006748,72.85057801996054,H/W,Begging,61,5
2023-08-10 02:42:00,2,3,8,18.945432230966933,72.92996943178949,M/W,Lost Child,34,3
2023-09-10 16:07:00,16,6,9,19.16140624970133,72.99698904393624,L,Runaway,99,3
2023-12-31 13:00:00,13,6,12,19.057465902381768,72.8925250869345,M/E,Lost Child,33,4
2023-05-22 14:27:00,14,0,5,19.290791703962174,72.92101016699091,S,Lost Child,43,5
2023-06-27 22:50:00,22,1,6,19.059776481272536,72.97229769913322,F/S,Runaway,60,4
2023-05-13 18:57:00,18,5,5,19.067977805207523,72.85695652214747,B,Runaway,82,3
2023-01-17 03:53:00,3,1,1,19.094173370606427,72.86452719100076,E,Child Labour,73,5
2023-11-25 15:27:00,15,5,11,19.15255039390838,72.8452439839429,L,Child Labour,31,3
2023-07-05 04:09:00,4,2,7,19.15698844022785,72.88977836894524,N,Lost Child,73,3
2023-08-10 02:07:00,2,3,8,18.908656616804915,72.92039077729095,D,Abuse,87,1
2023-04-29 00:32:00,0,5,4,19.128581146869156,72.9235879342931,F/S,Child Labour,44,4
2023-07-28 11:58:00,11,4,7,18.993968015271708,72.98067555307966,B,Lost Child,43,3
2023-02-09 13:48:00,13,3,2,19.201832480100887,72.8911140433248,D,Runaway,60,5
2023-07-03 17:15:00,17,0,7,18.910091369838824,72.95466564136531,G/N,Runaway,77,3
2023-01-19 03:48:00,3,3,1,19.143312578927368,72.8557797943423,E,Runaway,89,3
2023-03-20 06:56:00,6,0,3,19.14832512902906,72.94252568512212,K/W,Child Labour,97,4
2023-12-23 21:53:00,21,5,12,19.023370020306555,72.96477803225828,C,Abuse,79,1
2023-06-09 19:13:00,19,4,6,19.20890183726956,72.8950948659942,G/S,Child Labour,35,2
2023-08-10 23:54:00,23,3,8,19.22306088200888,72.82829941910926,R/N,Trafficking,58,1
2023-07-15 16:24:00,16,5,7,19.193134814371902,72.95211175111048,A,Lost Child,70,3
2023-07-24 14:03:00,14,0,7,19.203578147128596,72.83919432981958,R/C,Child Labour,32,1
2023-08-25 04:23:00,4,4,8,19.072213002300447,72.898840219728,R/N,Abuse,79,1
2023-08-13 05:08:00,5,6,8,19.296374742344852,72.80826461571806,N,Begging,33,2
2023-05-15 22:11:00,22,0,5,19.2383985392463,72.85550612955296,L,Lost Child,95,3
2023-03-29 19:09:00,19,2,3,19.274931704407127,72.86646946327667,R/C,Trafficking,95,1
2023-09-08 06:06:00,6,4,9,19.131628849016728,72.8471905420051,A,Begging,82,4
2023-02-16 00:53:00,0,3,2,19.217380090689424,72.95531459641764,C,Runaway,47,5
2023-04-20 22:49:00,22,3,4,19.17376174282707,72.870940477634,M/E,Abuse,74,1
2023-11-13 21:34:00,21,0,11,19.218754118408896,72.96633581554212,B,Runaway,97,4
2023-09-17 18:35:00,18,6,9,18.9557399189184,72.83840514534813,F/N,Trafficking,97,3
2023-04-13 04:30:00,4,3,4,19.010614683590767,72.94990050398778,H/W,Child Labour,63,2
2023-12-01 05:39:00,5,4,12,19.01143413666149,72.8381220304934,M/E,Trafficking,39,1
2023-10-27 01:31:00,1,4,10,19.110129881667323,72.85421643574605,P/S,Runaway,32,5
2023-03-19 04:02:00,4,6,3,19.235376917319943,72.81247643444812,M/W,Runaway,67,4
2023-07-10 14:48:00,14,0,7,19.293955421738726,72.92195669850081,N,Lost Child,60,5
2023-05-08 19:30:00,19,0,5,19.14422394382108,72.98392734497911,N,Child Labour,96,3
2024-01-01 01:47:00,1,0,1,19.055194410703685,72.82268734389824,A,Trafficking,70,2
2023-03-01 14:09:00,14,2,3,19.07388489305285,72.86443521730985,L,Abuse,64,1
2023-12-14 01:37:00,1,3,12,19.019108310998096,72.9117970875851,P/S,Trafficking,54,1
2023-11-28 01:09:00,1,1,11,19.001570789952336,72.95537126117841,K/E,Runaway,90,4
2023-04-08 11:00:00,11,5,4,19.139182009702278,72.85097007895848,G/S,Trafficking,62,2
2023-06-23 00:27:00,0,4,6,19.027640747985735,72.97545240341402,L,Child Labour,68,4
2023-12-27 21:04:00,21,2,12,18.99042376758022,72.91959010873512,G/S,Abuse,46,1
2023-02-13 09:27:00,9,0,2,18.99799603309565,72.93398720859919,R/C,Runaway,42,4
2023-01-24 00:32:00,0,1,1,19.04375765017138,72.94183204960619,L,Trafficking,67,1
2023-08-23 17:27:00,17,2,8,18.95294950637864,72.91364192962206,A,Child Labour,98,4
2023-11-27 07:44:00,7,0,11,18.977131154480347,72.94776436058527,K/E,Lost Child,51,4
2023-05-16 20:37:00,20,1,5,19.036878368865413,72.96193117839218,K/E,Abuse,69,1
2023-10-21 01:53:00,1,5,10,19.191640277313887,72.8148900253641,K/W,Abuse,70,4
2023-10-08 21:07:00,21,6,10,19.287923996630806,72.97242221300388,F/S,Trafficking,63,1
2023-07-03 09:32:00,9,0,7,19.16490509011947,72.83454764406264,R/S,Trafficking,57,2
2023-12-11 03:43:00,3,0,12,19.25327139655657,72.96954959642906,G/N,Trafficking,75,2
2023-04-11 05:41:00,5,1,4,19.262056957007584,72.94051874313935,N,Begging,46,5
2023-06-07 11:33:00,11,2,6,19.262999407904264,72.88243890748682,M/E,Child Labour,57,4
2023-11-01 23:35:00,23,2,11,18.97832295529203,72.90375130429199,H/E,Child Labour,83,2
2023-04-02 16:25:00,16,6,4,19.164479026576984,72.82755074583474,K/W,Child Labour,58,4
2023-03-20 11:08:00,11,0,3,19.157168863977482,72.92667515650115,R/C,Runaway,72,3
2023-03-21 05:03:00,5,1,3,19.00010963249568,72.88794739092367,E,Child Labour,88,3
2023-01-18 23:32:00,23,2,1,19.10592925009142,72.8559792512185,R/N,Begging,70,2
2023-10-16 13:48:00,13,0,10,19.20753135359188,72.85596664631872,N,Lost Child,86,5
2023-05-20 00:08:00,0,5,5,18.924233787397327,72.80025351420811,F/S,Begging,87,3
2023-05-11 00:15:00,0,3,5,19.285010205332206,72.93484677332319,T,Lost Child,84,5
2023-11-13 00:42:00,0,0,11,19.04432424265091,72.90375331406771,A,Lost Child,85,5
2023-10-07 05:23:00,5,5,10,18.938739369966747,72.90268016121364,G/N,Trafficking,57,3
2023-06-30 12:04:00,12,4,6,19.298016098404325,72.87033224450659,M/E,Lost Child,91,3
2023-03-19 02:18:00,2,6,3,19.083629680471763,72.80323343681172,D,Runaway,81,3
2023-06-07 04:13:00,4,2,6,19.20659356932724,72.99031290184693,D,Abuse,56,1
2023-03-09 09:51:00,9,3,3,19.004431719835395,72.83536113388459,H/W,Abuse,96,1
2023-08-05 09:25:00,9,5,8,19.170205080252302,72.94122437194675,M/E,Lost Child,54,4
2023-11-22 21:57:00,21,2,11,19.145960789784628,72.8254357645151,F/S,Child Labour,93,4
2023-07-28 22:21:00,22,4,7,19.2786316914662,72.87641738115613,G/S,Runaway,89,4
2023-03-02 12:49:00,12,3,3,19.212608406371317,72.96913393118,P/S,Begging,97,4
2023-04-27 02:36:00,2,3,4,19.047399702966807,72.97241193343349,P/S,Runaway,32,5
2023-11-05 22:26:00,22,6,11,19.15921022307161,72.99557950215709,M/W,Begging,74,3
2023-04-23 18:54:00,18,6,4,19.06937333461291,72.92163837836053,K/E,Child Labour,79,3
2023-07-12 20:31:00,20,2,7,19.199498712436775,72.98552248304132,D,Trafficking,46,1
2023-02-23 10:49:00,10,3,2,19.288298752797324,72.944909163366,P/N,Lost Child,93,5
2023-01-16 03:46:00,3,0,1,19.11598851626478,72.98107427508101,F/S,Child Labour,68,3
2023-08-19 19:59:00,19,5,8,19.28896009462144,72.93756677492058,M/E,Trafficking,72,2
2023-07-04 02:22:00,2,1,7,19.035966051125516,72.9428576595786,H/E,Abuse,63,1
2023-12-12 01:26:00,1,1,12,19.252751637344574,72.8494627718216,L,Runaway,81,1
2023-07-28 07:05:00,7,4,7,19.212897047980658,72.92683376019163,L,Child Labour,44,4
2023-09-29 04:54:00,4,4,9,19.1763100603551,72.87910517785522,E,Child Labour,72,2
2023-11-16 16:50:00,16,3,11,19.206609160082373,72.90982525045031,D,Abuse,34,1
2023-06-24 10:31:00,10,5,6,19.03365862142531,72.90412472752038,M/W,Trafficking,81,1
2023-05-01 23:43:00,23,0,5,18.97441261086585,72.8604681790046,L,Lost Child,59,5
2023-09-08 10:23:00,10,4,9,19.058535613385338,72.86243266488371,T,Abuse,47,1
2023-06-07 07:18:00,7,2,6,19.217653811783116,72.89103484720951,P/N,Lost Child,65,5
2023-09-18 13:15:00,13,0,9,19.053675131981105,72.83405402802207,G/S,Abuse,72,1
2023-06-20 15:23:00,15,1,6,19.226917737490542,72.98312578038522,B,Child Labour,79,4
2023-04-06 07:57:00,7,3,4,19.125105493812562,72.87051028603379,T,Abuse,61,2
2023-11-12 09:12:00,9,6,11,19.06438181885977,72.83421158962369,R/S,Trafficking,92,1
2023-01-12 07:41:00,7,3,1,19.27947864113274,72.84722801996523,H/E,Begging,53,3
2023-06-18 11:58:00,11,6,6,19.232188815908188,72.94262129441954,R/C,Child Labour,59,3
2023-10-13 05:37:00,5,4,10,19.037966791528657,72.81158113777424,R/S,Trafficking,32,1
2023-09-30 13:22:00,13,5,9,18.90097166755448,72.89234190816993,E,Runaway,84,4
2023-10-13 17:04:00,17,4,10,19.040258769996644,72.81293184968787,D,Child Labour,97,4
2023-08-22 20:13:00,20,1,8,19.295170007716273,72.88584669339131,P/S,Lost Child,83,4
2023-04-09 11:21:00,11,6,4,18.97423471460257,72.98200501395537,R/S,Trafficking,65,1
2023-09-26 18:46:00,18,1,9,19.09924513859281,72.97605210402929,P/S,Child Labour,86,3
2023-10-29 02:59:00,2,6,10,18.932222995251685,72.83247589610933,F/S,Lost Child,73,3
2023-08-01 21:29:00,21,1,8,19.077746867019076,72.94931748834527,K/E,Abuse,80,1
2023-02-23 00:31:00,0,3,2,19.1112663323346,72.85154381468128,C,Abuse,84,2
2023-03-16 20:50:00,20,3,3,19.200937054138475,72.81622835250802,H/W,Lost Child,65,3
2023-12-07 04:34:00,4,3,12,19.229661162226453,72.98009829077408,N,Abuse,45,2
2023-04-15 19:00:00,19,5,4,18.951763587741393,72.90773630386094,T,Lost Child,51,3
2023-06-10 14:47:00,14,5,6,19.203863793888086,72.97516022794967,R/S,Abuse,64,2
2023-01-28 04:05:00,4,5,1,19.275342138107032,72.9232056879736,K/E,Begging,53,3
2023-05-10 10:16:00,10,2,5,19.193109563729433,72.91168243688071,E,Begging,84,1
2023-05-20 00:11:00,0,5,5,19.00809412397284,72.87850925422384,S,Runaway,38,4
2023-04-01 21:28:00,21,5,4,19.134712656859868,72.91903912290697,L,Abuse,94,2
2023-10-19 13:09:00,13,3,10,19.057937169203765,72.96523941538636,G/N,Lost Child,74,5
2023-09-30 19:56:00,19,5,9,19.261880463226543,72.80509377050095,L,Runaway,51,4
2023-02-14 04:52:00,4,1,2,19.188019879870378,72.82593969085167,R/S,Child Labour,91,4
2023-04-10 21:40:00,21,0,4,19.155827765051054,72.9763847997003,M/E,Trafficking,72,2
2023-03-09 12:28:00,12,3,3,19.21096469020616,72.99785025890979,N,Child Labour,69,2
2023-10-25 15:11:00,15,2,10,19.175758966862695,72.95012261573068,L,Begging,69,4
2023-10-16 22:22:00,22,0,10,19.140629963595565,72.80145246610371,G/S,Abuse,60,2
2023-05-31 02:14:00,2,2,5,19.270143156267704,72.95805828091244,K/E,Runaway,50,3
2023-03-28 06:06:00,6,1,3,19.10090520702711,72.9093895647717,R/S,Runaway,71,5
2023-02-02 14:51:00,14,3,2,19.178869188865303,72.81831891531684,S,Trafficking,55,1
2023-06-24 13:49:00,13,5,6,19.233819408286212,72.80849480935441,K/E,Runaway,82,5
2023-10-10 04:42:00,4,1,10,19.091733287514387,72.87131846912708,D,Begging,50,5
2023-08-07 00:07:00,0,0,8,19.19912215416915,72.86936539776777,P/S,Trafficking,66,1
2023-07-09 04:00:00,4,6,7,19.055411021863566,72.87226608484058,M/E,Abuse,64,4
2023-06-01 12:06:00,12,3,6,18.93491023371864,72.86589030521608,E,Trafficking,91,2
2023-11-04 23:06:00,23,5,11,19.05553558329048,72.84937146079332,K/E,Abuse,86,1
2023-05-04 01:29:00,1,3,5,19.02904385381985,72.99801676789819,H/W,Abuse,30,2
2023-01-11 00:48:00,0,2,1,19.290580269395836,72.86236946761949,N,Abuse,54,1
2023-09-15 07:07:00,7,4,9,19.124497656517548,72.84421370486888,R/C,Abuse,62,2
2023-07-27 01:37:00,1,3,7,19.1807497359804,72.86383051635774,P/N,Lost Child,62,5
2023-10-12 09:37:00,9,3,10,18.994591524526687,72.92195838454785,M/W,Lost Child,74,4
2023-10-02 06:24:00,6,0,10,19.021515003176418,72.88077840817087,M/W,Abuse,93,2
2023-05-13 05:10:00,5,5,5,18.94164038735401,72.89056366020188,M/E,Runaway,93,4
2023-09-09 11:51:00,11,5,9,19.11520662695967,72.80762455196064,D,Abuse,78,1
2023-01-23 12:39:00,12,0,1,19.085936675941777,72.85804082622941,P/N,Begging,30,4
2023-11-09 10:09:00,10,3,11,19.11801740426508,72.91970494579986,A,Child Labour,58,3
2023-06-03 15:16:00,15,5,6,19.168921743906157,72.99899848591153,E,Child Labour,99,4
2023-12-03 10:22:00,10,6,12,19.034317897352462,72.8627459401557,C,Runaway,30,5
2023-11-06 18:03:00,18,0,11,19.29676475831173,72.99158283505453,F/S,Trafficking,61,1
2023-11-11 21:02:00,21,5,11,19.11237258540254,72.85144612614941,S,Abuse,84,2
2023-02-10 15:36:00,15,4,2,18.94347825722176,72.96882981301187,P/S,Runaway,94,3
2023-06-13 23:36:00,23,1,6,18.982564262993055,72.94228091707848,F/S,Lost Child,57,2
2023-08-10 12:29:00,12,3,8,19.20138622980493,72.9913972842854,R/N,Trafficking,38,2
2023-04-22 07:09:00,7,5,4,19.236089825399283,72.9029056673573,A,Child Labour,58,3
2023-05-12 00:22:00,0,4,5,18.946058665176597,72.87902225034536,F/S,Begging,64,3
2023-06-25 06:30:00,6,6,6,19.163316819746537,72.93123642585321,M/E,Trafficking,85,2
2023-12-30 00:00:00,0,5,12,19.04224157181458,72.85293024401824,T,Abuse,63,2
2023-07-24 17:18:00,17,0,7,19.130875397480526,72.98219276916491,R/S,Child Labour,91,4
2024-01-01 22:44:00,22,0,1,19.12666621739353,72.90453429671386,E,Abuse,75,2
2023-06-08 12:28:00,12,3,6,19.12704717026292,72.97280775979644,K/W,Abuse,30,1
2023-07-27 14:24:00,14,3,7,19.19601652211984,72.97629539655881,S,Child Labour,46,3
2023-09-05 04:07:00,4,1,9,19.14656915672402,72.96897731967545,R/C,Trafficking,89,1
2023-11-15 09:00:00,9,2,11,19.051170587108874,72.80158365537136,G/N,Begging,78,3
2023-09-09 10:29:00,10,5,9,19.264534878115864,72.83898135197987,L,Runaway,73,4
2023-01-22 18:52:00,18,6,1,19.146712622196723,72.99351505749706,D,Lost Child,47,5
2023-10-04 02:03:00,2,2,10,18.991416358287776,72.83389389657552,L,Child Labour,68,4
2023-07-05 00:37:00,0,2,7,19.137697653509232,72.96391960773184,P/N,Child Labour,93,3
2023-05-03 00:18:00,0,2,5,19.286659074428812,72.90404200682734,E,Trafficking,73,2
2023-10-08 00:25:00,0,6,10,19.02876613171804,72.86704224385653,M/E,Trafficking,40,1
2023-02-02 18:44:00,18,3,2,18.92510307059326,72.98078044290718,G/N,Runaway,87,3
2023-10-10 12:59:00,12,1,10,18.995008472128116,72.8944523801762,M/W,Trafficking,53,1
2023-04-13 06:54:00,6,3,4,19.27671455434679,72.98059584626303,S,Child Labour,38,3
2023-05-10 21:30:00,21,2,5,18.96688531019938,72.82218094641065,H/W,Child Labour,47,2
2023-09-29 12:10:00,12,4,9,19.297229500704955,72.80688477855718,P/S,Abuse,86,1
2023-09-26 07:04:00,7,1,9,19.043331315162067,72.90218216041583,T,Child Labour,85,2
2023-09-06 11:23:00,11,2,9,19.290324586188312,72.96220102314933,B,Child Labour,83,2
2023-11-16 23:27:00,23,3,11,18.99144046233597,72.86112641297447,N,Begging,70,3
2023-01-02 12:09:00,12,0,1,19.151228247090398,72.85655655578806,P/S,Abuse,93,2
2023-04-01 10:48:00,10,5,4,19.222893040147095,72.81199225134829,F/N,Begging,63,5
2023-06-05 13:06:00,13,0,6,19.140425368637665,72.91540597583375,P/S,Abuse,65,1
2023-02-24 12:19:00,12,4,2,18.990989149243035,72.90507606839172,B,Abuse,30,4
2023-10-19 17:17:00,17,3,10,19.04232793368942,72.89190705802318,R/C,Abuse,31,1
2023-08-11 20:27:00,20,4,8,19.163469858657905,72.94287804709737,E,Begging,77,5
2023-11-04 16:22:00,16,5,11,18.90888620744498,72.87163504264589,R/N,Trafficking,35,5
2023-02-10 21:20:00,21,4,2,19.0668488281641,72.83112952589907,R/S,Trafficking,50,2
2023-02-22 10:19:00,10,2,2,19.013266787086195,72.94703126517008,C,Begging,35,3
2023-02-06 04:42:00,4,0,2,19.28571217088409,72.86893530042585,C,Abuse,56,2
2023-07-11 09:58:00,9,1,7,19.280737609910826,72.95585967496274,D,Child Labour,51,2
2023-05-11 11:02:00,11,3,5,19.0879349511715,72.99240748313771,F/N,Lost Child,63,3
2023-03-28 16:22:00,16,1,3,19.081850471967414,72.92984339755805,F/N,Abuse,96,2
2023-07-24 01:27:00,1,0,7,19.00610999955853,72.81637781711906,L,Runaway,56,3
2023-11-20 02:37:00,2,0,11,19.21362580481514,72.85068041844995,R/C,Abuse,57,3
2023-10-20 18:25:00,18,4,10,19.291604879444264,72.93147403802843,A,Abuse,71,5
2023-05-20 15:37:00,15,5,5,19.237164461238557,72.83062273683511,K/E,Lost Child,49,5
2023-04-09 05:03:00,5,6,4,19.058769302506242,72.90434587507163,H/W,Runaway,87,5
2023-02-17 13:06:00,13,4,2,19.261253102451914,72.97726895902228,A,Child Labour,98,4
2023-11-21 23:53:00,23,1,11,19.06972241855782,72.99290127362953,F/N,Lost Child,91,5
2023-03-18 17:52:00,17,5,3,19.11665933287871,72.86035631437939,F/S,Child Labour,95,3
2023-12-15 14:54:00,14,4,12,19.181072326363232,72.97606867985634,C,Runaway,89,5
2023-11-23 00:19:00,0,3,11,19.09624514127101,72.8613029959659,K/W,Begging,55,5
2023-07-09 16:08:00,16,6,7,19.293130870825223,72.8345852728994,N,Lost Child,62,4
2023-09-22 16:11:00,16,4,9,19.110885626079522,72.89001552789904,R/C,Begging,73,4
2023-05-28 15:11:00,15,6,5,19.05621537344937,72.85890277513039,N,Trafficking,76,2
2023-12-16 09:00:00,9,5,12,19.071550088747816,72.88878028180986,F/S,Begging,57,4
2023-11-22 01:04:00,1,2,11,19.11574275701718,72.98209200737877,K/W,Begging,58,5
2023-07-31 07:51:00,7,0,7,18.985096791355772,72.93885687946005,F/S,Abuse,98,1
2023-10-05 03:49:00,3,3,10,19.152710402432266,72.94849766141935,N,Child Labour,94,2
2023-10-07 13:49:00,13,5,10,19.19739794795782,72.93683224951864,B,Begging,57,3
2023-03-24 07:01:00,7,4,3,19.13589853488515,72.84953235335298,L,Child Labour,76,4
2023-03-24 13:44:00,13,4,3,18.900282224112406,72.95057912573728,L,Trafficking,81,2
2023-10-08 13:36:00,13,6,10,19.100576396443913,72.99339717554719,R/N,Begging,44,5
2023-03-07 21:16:00,21,1,3,19.18153858120969,72.99726411938184,P/N,Lost Child,64,5
2023-08-01 20:21:00,20,1,8,19.25822384915942,72.89716284665059,E,Child Labour,95,2
2023-04-02 22:29:00,22,6,4,19.136571225063932,72.88560238031383,R/N,Runaway,71,4
2023-02-07 17:17:00,17,1,2,18.94411271950609,72.8985783608964,L,Child Labour,55,4
2023-01-08 08:07:00,8,6,1,19.199613527860574,72.97779983487985,H/W,Child Labour,70,4
2023-03-14 20:09:00,20,1,3,19.245083487671735,72.88331665006044,B,Child Labour,70,3
2023-02-26 16:25:00,16,6,2,19.26443674356463,72.85221217401134,S,Begging,72,5
2023-06-18 09:01:00,9,6,6,19.233314133103136,72.91063093677867,A,Begging,37,4
2023-12-12 23:43:00,23,1,12,19.053181058140467,72.81035143742096,R/C,Lost Child,50,4
2023-09-01 06:43:00,6,4,9,19.291463036150386,72.8163191493415,R/S,Runaway,55,5
2023-04-07 23:09:00,23,4,4,19.03671983134364,72.96359812072953,G/N,Abuse,54,1
2023-09-26 05:44:00,5,1,9,18.990170320882612,72.97015980888017,H/E,Runaway,50,5
2023-01-05 20:56:00,20,3,1,18.98322116150066,72.90510441722861,N,Abuse,95,2
2023-05-05 19:47:00,19,4,5,19.14234507895752,72.80074178477442,F/N,Trafficking,91,2
2023-07-10 15:50:00,15,0,7,18.911571147160306,72.99164683181928,T,Abuse,33,1
2023-04-20 01:39:00,1,3,4,19.132936126723145,72.83690626982185,R/N,Begging,51,4
2023-07-24 06:39:00,6,0,7,19.131490795143353,72.947570195945,G/S,Abuse,32,2
2023-12-20 20:05:00,20,2,12,19.00419363355968,72.83838793957582,B,Runaway,91,5
2023-01-27 20:38:00,20,4,1,19.05077877041802,72.94386050965821,A,Lost Child,37,3
2023-07-24 07:53:00,7,0,7,19.299569288006612,72.99948911093928,S,Lost Child,98,5
2023-01-21 12:17:00,12,5,1,19.1017392305767,72.80706467595753,S,Child Labour,36,4
2023-04-15 08:03:00,8,5,4,19.08304140404854,72.8246311657165,G/N,Begging,39,4
2023-08-29 08:09:00,8,1,8,18.932518447159552,72.93284623801425,H/E,Child Labour,59,3
2023-02-02 21:34:00,21,3,2,19.195107203460793,72.8574856877683,R/N,Runaway,50,3
2023-07-04 05:44:00,5,1,7,19.16369864811758,72.80789116634193,E,Begging,81,3
2023-08-22 19:26:00,19,1,8,19.023536760786094,72.84302398479747,F/S,Runaway,53,3
2023-09-11 07:53:00,7,0,9,19.132510287105774,72.92194592661428,M/W,Abuse,44,2
2023-11-14 18:01:00,18,1,11,18.94766317089151,72.95050815764911,R/N,Runaway,81,3
2023-04-01 12:20:00,12,5,4,18.96217735289652,72.8465439409983,D,Runaway,81,5
2023-08-20 13:38:00,13,6,8,19.26175128919697,72.90167649402028,P/N,Lost Child,52,3
2023-12-21 22:48:00,22,3,12,19.026080290997427,72.86113271472503,N,Abuse,66,2
2023-01-08 19:12:00,19,6,1,19.09764610868613,72.90430920607466,S,Abuse,74,2
2023-01-23 00:20:00,0,0,1,19.050775494846366,72.95301344155341,H/E,Trafficking,45,1
2023-10-27 08:22:00,8,4,10,19.052880544289412,72.97701721964886,K/E,Abuse,86,1
2023-10-09 14:54:00,14,0,10,18.916496648983163,72.83326931309887,M/E,Trafficking,56,1
2023-08-22 19:19:00,19,1,8,19.062092906871847,72.98145454766876,M/W,Begging,71,3
2023-04-03 14:57:00,14,0,4,18.97846909592035,72.92307910964726,R/C,Begging,58,5
2023-12-13 14:47:00,14,2,12,18.987084205811637,72.82941916711067,H/E,Abuse,74,2
2023-02-18 16:10:00,16,5,2,18.966396872111947,72.81599023985895,L,Child Labour,81,3
2023-11-04 22:39:00,22,5,11,18.914978320736008,72.93071822483581,F/N,Begging,94,4
2023-04-14 10:20:00,10,4,4,18.956601327525977,72.8374102861465,P/S,Runaway,55,4
2023-10-17 02:27:00,2,1,10,19.185315588776636,72.91702644584484,R/C,Abuse,35,1
2023-02-22 08:34:00,8,2,2,19.17758088697705,72.92705046526342,K/W,Child Labour,75,4
2023-03-03 02:29:00,2,4,3,19.270992097572705,72.80113832109764,S,Runaway,33,5
2023-01-07 18:01:00,18,5,1,19.234850351718187,72.92842879850528,B,Child Labour,68,2
2023-12-11 19:39:00,19,0,12,19.17960788433079,72.9392490124823,G/S,Trafficking,96,2
2023-03-25 13:57:00,13,5,3,19.182139329773833,72.95335415308254,P/N,Begging,63,4
2023-07-29 03:39:00,3,5,7,19.151314440964246,72.85275498666927,R/N,Runaway,82,5
2023-06-05 05:49:00,5,0,6,19.277464408494886,72.88232699619839,N,Child Labour,44,2
2023-07-17 08:43:00,8,0,7,19.115793113253677,72.81471526056617,H/W,Child Labour,88,2
2023-04-22 06:43:00,6,5,4,19.04807102924393,72.87540329275755,H/W,Trafficking,47,1
2023-05-23 09:20:00,9,1,5,19.10356529617403,72.88445090119957,A,Abuse,62,1
2023-07-08 09:37:00,9,5,7,19.190229430814714,72.88834455914848,M/E,Trafficking,72,1
2023-07-06 05:53:00,5,3,7,19.174136263353507,72.9439882485147,P/S,Trafficking,91,2
2023-04-03 17:34:00,17,0,4,19.063513142814887,72.96567968087982,M/W,Abuse,78,2
2023-03-31 16:58:00,16,4,3,19.2685078172821,72.92318430833329,E,Begging,67,3
2023-05-05 10:27:00,10,4,5,19.09035016277134,72.99454149476395,K/E,Runaway,86,4
2023-05-06 22:27:00,22,5,5,19.04767001705231,72.92980749485054,C,Trafficking,52,4
2023-02-04 13:22:00,13,5,2,19.265239562879465,72.9252121580165,R/S,Child Labour,86,2
2023-12-09 07:11:00,7,5,12,19.08193169239829,72.88524474293318,S,Lost Child,74,5
2023-06-28 16:55:00,16,2,6,19.02470991256307,72.91659882641139,P/S,Runaway,98,5
2023-05-24 02:59:00,2,2,5,19.166590076732387,72.99342568847835,F/N,Runaway,95,4
2023-03-07 17:39:00,17,1,3,19.226022849264638,72.80705404970648,H/W,Child Labour,45,2
2023-04-04 05:43:00,5,1,4,19.01253040655984,72.81158140323684,E,Lost Child,79,5
2023-05-22 15:44:00,15,0,5,18.926698101059745,72.87194835292786,P/S,Trafficking,74,1
2023-03-30 00:21:00,0,3,3,19.241354648273465,72.87667510378684,E,Begging,84,5
2023-04-07 18:06:00,18,4,4,18.99819671972488,72.82298216484457,G/N,Begging,88,3
2023-02-06 10:00:00,10,0,2,19.035507616170243,72.88431694861825,R/S,Runaway,31,4
2023-07-23 03:08:00,3,6,7,18.96951688670451,72.9946410218572,C,Lost Child,50,5
2023-09-27 04:18:00,4,2,9,19.067648089584832,72.96813585603408,K/E,Begging,47,4
2023-03-26 05:09:00,5,6,3,18.94827011712011,72.84494077464534,F/S,Abuse,43,1
2023-06-21 09:28:00,9,2,6,18.937744655175354,72.99294762705588,M/E,Trafficking,37,2
2023-08-12 04:05:00,4,5,8,19.182860103615745,72.83487217887873,N,Runaway,95,5
2023-12-08 05:28:00,5,4,12,19.246431905904508,72.9091227024311,G/S,Runaway,65,5
2023-09-04 11:28:00,11,0,9,19.13571611494158,72.82115017103317,T,Begging,78,5
2023-01-17 19:11:00,19,1,1,19.140316246210833,72.89558082382057,L,Begging,71,3
2023-12-07 22:09:00,22,3,12,19.169933334160827,72.95054604606182,F/S,Lost Child,83,4
2023-05-17 10:47:00,10,2,5,19.15126377199805,72.96462314816074,A,Abuse,34,2
2023-07-31 15:37:00,15,0,7,18.929273838189324,72.92108777563132,M/E,Child Labour,85,2
2023-06-13 10:33:00,10,1,6,19.24304434525914,72.90003862035776,P/N,Runaway,91,4
2023-08-04 05:48:00,5,4,8,19.284006772659826,72.90763171793112,K/W,Lost Child,60,4
2023-01-20 19:57:00,19,4,1,19.279360594245617,72.98837302816051,R/N,Begging,67,3
2023-07-20 10:19:00,10,3,7,19.197212423681243,72.9915214557032,G/N,Abuse,56,1
2023-06-05 00:10:00,0,0,6,18.962304251254093,72.92159058625202,B,Child Labour,90,4
2023-04-20 23:55:00,23,3,4,19.128494310574474,72.97901031599683,M/E,Lost Child,94,4
2023-10-01 20:40:00,20,6,10,19.29519577651892,72.87429484838829,E,Begging,49,3
2023-09-20 09:07:00,9,2,9,18.98019238748032,72.96238853146158,F/N,Child Labour,95,3
2023-06-26 07:30:00,7,0,6,18.949352117547896,72.83958062167518,H/E,Begging,41,5
2023-04-26 16:33:00,16,2,4,19.173593723204725,72.88860948087839,C,Runaway,77,5
2023-07-26 19:18:00,19,2,7,19.261794340668455,72.83291602619639,C,Runaway,83,4
2023-12-26 19:01:00,19,1,12,18.92371970903152,72.98082136253942,C,Child Labour,41,3
2023-05-26 20:34:00,20,4,5,18.989797644384915,72.81691489507524,G/N,Abuse,64,2
2023-09-04 12:53:00,12,0,9,19.154238766400344,72.81290525553884,L,Lost Child,53,4
2023-01-03 15:07:00,15,1,1,18.938918559457893,72.91951474863905,K/E,Lost Child,34,5
2023-03-18 09:28:00,9,5,3,19.20397094895945,72.84995578581706,B,Lost Child,73,5
2023-10-17 03:30:00,3,1,10,18.926912467377694,72.91812839531634,G/N,Trafficking,60,2
2023-02-28 02:27:00,2,1,2,19.076691702752637,72.82345888442248,D,Begging,84,3
2024-01-01 03:42:00,3,0,1,19.151497240709983,72.80029784483087,P/N,Child Labour,63,3
2023-05-05 08:56:00,8,4,5,19.15726694293515,72.80717280567848,F/S,Begging,60,3
2023-04-22 23:38:00,23,5,4,19.247857055858983,72.96381164658945,H/W,Trafficking,43,3
2023-07-08 16:54:00,16,5,7,19.02288235727941,72.90516282047791,M/E,Trafficking,81,1
2023-07-28 19:24:00,19,4,7,19.092048278035204,72.87587544995563,B,Lost Child,62,5
2023-01-21 12:42:00,12,5,1,19.249387594276637,72.94788544409865,R/N,Trafficking,83,2
2023-05-02 07:00:00,7,1,5,19.21368005296972,72.87621822746716,R/N,Trafficking,31,1
2023-06-28 18:57:00,18,2,6,18.93294173465457,72.83554585650494,B,Child Labour,55,3
2023-04-12 13:26:00,13,2,4,19.04359464463453,72.92655646500518,M/W,Lost Child,64,3
2023-02-04 17:42:00,17,5,2,19.137108609833444,72.93568404764048,N,Lost Child,86,4
2023-07-06 23:17:00,23,3,7,19.079948454920647,72.80752156352649,G/S,Abuse,73,1
2023-02-01 13:46:00,13,2,2,19.204741071720342,72.85721392269834,K/W,Runaway,99,4
2023-07-28 19:14:00,19,4,7,18.9113187572548,72.99636249115582,R/N,Begging,74,5
2023-01-06 10:52:00,10,4,1,19.180628516946964,72.91650088405147,K/E,Begging,65,4
2023-11-12 11:27:00,11,6,11,19.012047333213836,72.93369916052413,T,Begging,76,3
2023-08-04 23:51:00,23,4,8,19.2303554028979,72.90904848321851,H/W,Begging,60,3
2023-08-14 08:12:00,8,0,8,19.124719139945295,72.96687197537395,F/S,Abuse,34,1
2023-08-18 18:11:00,18,4,8,19.278072351407943,72.89488695159523,R/S,Trafficking,71,4
2023-04-26 23:23:00,23,2,4,19.024217802586445,72.96482184255746,R/N,Trafficking,95,4
2023-12-03 14:47:00,14,6,12,19.223697091557877,72.98973312857642,K/E,Begging,31,4
2023-01-16 04:19:00,4,0,1,19.067473790249156,72.9887758249207,M/W,Lost Child,89,5
2023-03-14 01:26:00,1,1,3,19.07712647045393,72.98712198322764,N,Abuse,57,1
2023-01-13 02:17:00,2,4,1,19.03968296463637,72.85910728292772,F/N,Begging,81,4
2023-08-11 18:34:00,18,4,8,19.182673391696305,72.85379660691817,F/N,Child Labour,98,3
2023-01-28 19:55:00,19,5,1,19.154121321788075,72.95130713024982,B,Child Labour,90,4
2023-10-05 04:55:00,4,3,10,18.94497562664942,72.98956479683906,M/E,Child Labour,31,2
2023-05-14 22:13:00,22,6,5,19.233503183082696,72.97155980449295,K/E,Begging,81,3
2023-06-30 19:27:00,19,4,6,19.0553143422884,72.96104478916644,S,Abuse,46,3
2023-07-30 21:38:00,21,6,7,19.031086525218434,72.9896152724343,K/E,Trafficking,32,1
2023-04-03 05:05:00,5,0,4,19.20019598581793,72.89419048006036,S,Runaway,64,4
2023-03-08 19:12:00,19,2,3,19.066399577743855,72.99374073242163,F/N,Child Labour,92,4
2023-09-03 16:14:00,16,6,9,19.08645627572832,72.85156036043668,R/S,Lost Child,56,5
2023-08-29 11:00:00,11,1,8,18.968304337912674,72.94302500622487,G/N,Abuse,94,1
2023-10-16 05:54:00,5,0,10,19.258353758263222,72.95696297862628,A,Child Labour,41,3
2023-11-22 01:15:00,1,2,11,19.23723288042372,72.9141527802204,G/N,Abuse,52,2
2023-01-10 12:13:00,12,1,1,19.01372965799777,72.84212605261128,C,Abuse,38,2
2023-01-05 18:15:00,18,3,1,19.230207110384242,72.91546831049017,N,Begging,77,4
2023-10-07 22:00:00,22,5,10,19.28657023935805,72.88633684184626,T,Lost Child,51,5
2023-05-12 05:23:00,5,4,5,19.066045982529968,72.89154381256392,E,Runaway,62,3
2023-12-28 05:57:00,5,3,12,19.062065780320676,72.89415479026202,B,Lost Child,50,4
2023-04-21 12:55:00,12,4,4,19.227375684684926,72.93057311761274,N,Runaway,85,5
2023-05-15 13:41:00,13,0,5,19.065087262783532,72.94063484105556,R/C,Trafficking,44,1
2023-09-28 15:09:00,15,3,9,19.26824189106114,72.92089915611415,F/S,Trafficking,82,2
2023-01-17 03:14:00,3,1,1,19.249029799580587,72.95973286958564,G/N,Child Labour,44,3
2023-10-06 16:10:00,16,4,10,19.21272696444928,72.85062940193284,A,Begging,59,3
2023-10-30 03:08:00,3,0,10,19.196810418276968,72.87159135927183,B,Begging,98,4
2023-09-02 04:44:00,4,5,9,19.122038795367875,72.84596950726078,R/C,Begging,31,3
2023-12-25 09:13:00,9,0,12,19.246993502107713,72.89311746612422,D,Begging,87,4
2023-12-12 20:37:00,20,1,12,19.280985469608243,72.89185291338843,L,Trafficking,64,2
2023-07-14 22:47:00,22,4,7,19.089781405640167,72.89510273025856,F/S,Child Labour,66,3
2023-07-13 15:28:00,15,3,7,19.190110745083683,72.92653041134969,A,Trafficking,50,2
2023-11-03 10:28:00,10,4,11,18.986042184583578,72.93969632086154,M/E,Trafficking,64,2
2023-12-05 02:41:00,2,1,12,18.983952869047457,72.91463644128932,F/N,Trafficking,31,4
2023-05-29 20:54:00,20,0,5,18.926473497903505,72.94096114369675,P/N,Lost Child,48,5
2023-08-01 23:19:00,23,1,8,19.222976420248237,72.88271908937182,B,Lost Child,31,3
2023-05-17 08:53:00,8,2,5,19.01253401080587,72.99532127986284,S,Lost Child,93,4
2023-05-26 10:23:00,10,4,5,19.04342675188676,72.91858769150018,C,Begging,97,3
2023-11-27 03:00:00,3,0,11,18.947276087972707,72.92476005889637,D,Trafficking,81,2
2023-04-29 16:28:00,16,5,4,19.100344514340552,72.8634729395228,H/E,Trafficking,82,2
2023-07-29 11:48:00,11,5,7,19.16143422766867,72.90124772992834,F/S,Lost Child,46,3
2023-08-04 13:57:00,13,4,8,18.975055249499626,72.96956030731108,G/S,Abuse,37,2
2023-06-09 00:45:00,0,4,6,19.216981407643026,72.9837388596366,M/E,Runaway,55,3
2023-02-28 01:26:00,1,1,2,19.114312459263065,72.92840985716278,F/S,Runaway,90,3
2023-12-06 17:14:00,17,2,12,19.18693377525967,72.87861547637665,P/S,Runaway,36,3
2023-12-04 17:26:00,17,0,12,19.254161484705303,72.9908505743998,K/E,Child Labour,91,2
2023-05-30 14:29:00,14,1,5,19.25796791829296,72.93928817448766,R/N,Lost Child,52,5
2023-07-30 01:43:00,1,6,7,19.170982335499684,72.90504797446812,B,Lost Child,42,3
2023-10-02 06:22:00,6,0,10,18.944720436738137,72.97476327551347,F/S,Trafficking,70,2
2023-08-25 07:24:00,7,4,8,19.043909685642145,72.95431244900456,M/E,Begging,37,3
2023-01-16 20:52:00,20,0,1,19.199455197137514,72.82131149234473,G/N,Child Labour,83,2
2023-12-21 02:41:00,2,3,12,19.030400347367827,72.90812286982923,G/S,Child Labour,71,3
2023-02-26 03:34:00,3,6,2,19.160012843364395,72.81695827353542,D,Lost Child,48,5
2023-06-03 19:35:00,19,5,6,18.992174396266176,72.83154490035666,F/S,Abuse,60,1
2023-03-16 18:39:00,18,3,3,19.00317539650683,72.96421913732776,A,Lost Child,86,5
2023-04-10 19:47:00,19,0,4,19.195570641159954,72.82512581857807,T,Child Labour,86,3
2023-02-10 12:36:00,12,4,2,18.976654087030937,72.88843297871931,F/N,Child Labour,56,2
2023-02-17 11:58:00,11,4,2,19.14972378291007,72.87430038777518,P/S,Lost Child,33,2
2023-11-13 06:18:00,6,0,11,18.98666676328396,72.80942146171137,G/N,Child Labour,53,3
2023-12-07 18:45:00,18,3,12,19.05708524245475,72.83875304345162,K/W,Lost Child,40,2
2023-02-20 18:33:00,18,0,2,19.03858506573197,72.87132564094247,F/N,Abuse,57,1
2023-08-09 19:06:00,19,2,8,19.227523878946876,72.97814523003538,K/E,Abuse,37,2
2023-08-13 21:15:00,21,6,8,19.2842255904096,72.8640959968243,S,Runaway,74,4
2023-12-25 15:39:00,15,0,12,19.218801515653126,72.80653476306055,N,Runaway,84,3
2023-10-02 14:47:00,14,0,10,19.112679433235503,72.93855485564733,M/W,Abuse,48,5
2023-07-16 11:22:00,11,6,7,19.072043126899473,72.91298520260489,P/S,Abuse,35,1
2023-06-05 06:04:00,6,0,6,18.923444975531527,72.99487226550464,F/N,Child Labour,75,4
2023-11-26 01:22:00,1,6,11,19.058231823854154,72.92795213057754,G/S,Lost Child,97,5
2023-06-28 10:06:00,10,2,6,19.24685905573758,72.83979899826882,S,Begging,58,3
2023-03-15 05:39:00,5,2,3,19.22973174309983,72.94853367965418,H/E,Abuse,51,2
2023-01-22 23:48:00,23,6,1,19.074850572637054,72.90547432988367,L,Trafficking,61,2
2023-09-06 03:55:00,3,2,9,19.004875210043707,72.94053117470148,M/W,Lost Child,64,4
2023-11-09 07:58:00,7,3,11,19.17577330893858,72.99191293225759,T,Runaway,77,4
2023-10-25 15:33:00,15,2,10,19.094097284435534,72.82933203101958,E,Lost Child,87,4
2023-04-04 02:51:00,2,1,4,19.141657080311255,72.99456333062945,K/E,Trafficking,61,1
2023-04-02 03:07:00,3,6,4,19.17317900418797,72.82304812247773,R/C,Lost Child,90,4
2023-04-26 11:24:00,11,2,4,19.07966001673288,72.8972401221161,G/S,Begging,55,3
2023-11-27 10:25:00,10,0,11,19.199193456692115,72.88761909521376,D,Trafficking,53,1
2023-01-14 19:13:00,19,5,1,19.293408996674973,72.92701477811148,S,Begging,94,4
2023-04-14 13:06:00,13,4,4,18.995178295488817,72.85518001267445,M/E,Lost Child,84,4
2023-11-18 01:54:00,1,5,11,18.927591210103408,72.90446134852505,F/S,Lost Child,96,1
2023-04-12 12:45:00,12,2,4,18.968733382712855,72.85932998679075,E,Lost Child,74,3
2023-08-01 08:45:00,8,1,8,18.916664697295445,72.98786602132196,G/S,Trafficking,85,2
2023-05-11 17:58:00,17,3,5,19.227780132083275,72.93683403409202,C,Lost Child,58,5
2023-12-26 02:32:00,2,1,12,19.264640483020024,72.97261434032723,R/S,Trafficking,78,1
2023-01-03 15:20:00,15,1,1,19.065706206814365,72.92056618159873,P/N,Begging,46,4
2023-03-04 15:52:00,15,5,3,19.16612941320961,72.8613851623561,R/N,Abuse,43,2
2023-08-15 15:51:00,15,1,8,19.054825451073555,72.81593836311085,K/E,Abuse,98,1
2023-02-23 09:21:00,9,3,2,19.05621893111761,72.94163544506668,D,Begging,42,4
2023-08-21 04:57:00,4,0,8,19.278035953309118,72.83705909552157,N,Child Labour,55,4
2023-01-22 18:50:00,18,6,1,19.273599697147013,72.96816089432896,C,Runaway,66,3
2023-07-02 18:39:00,18,6,7,19.12163886903186,72.96490680888981,K/W,Abuse,94,1
2023-05-22 17:04:00,17,0,5,18.961853790483428,72.95008637189254,G/S,Trafficking,68,1
2023-06-20 15:01:00,15,1,6,19.066563968565262,72.91174984377983,G/N,Lost Child,84,4
2023-05-14 15:16:00,15,6,5,19.096805778679443,72.80817440521625,F/N,Lost Child,54,4
2023-03-20 15:33:00,15,0,3,19.108519214493597,72.99850364831275,S,Begging,38,5
2023-12-06 20:55:00,20,2,12,19.012810726439717,72.91221018531891,F/S,Runaway,89,4
2023-11-07 22:31:00,22,1,11,19.24663695180744,72.9706811403393,B,Runaway,61,5
2023-09-25 23:31:00,23,0,9,19.11725759810747,72.85845981615066,H/E,Child Labour,57,4
2023-11-09 17:37:00,17,3,11,19.120176966914592,72.90007639869427,R/S,Trafficking,97,2
2023-01-30 10:44:00,10,0,1,19.132753456278554,72.84348093232897,R/N,Child Labour,30,2
2023-02-15 04:04:00,4,2,2,18.976165735878737,72.96452440021832,L,Child Labour,49,4
2023-01-15 00:20:00,0,6,1,19.03942096697143,72.97585372977099,M/W,Runaway,77,3
2023-04-12 06:16:00,6,2,4,19.026655386060224,72.815079711219,R/C,Abuse,78,2
2023-04-16 12:17:00,12,6,4,19.168914021633395,72.9628995630199,M/W,Lost Child,41,5
2023-12-17 01:09:00,1,6,12,18.95384949098011,72.91254163709182,P/N,Runaway,71,3
2023-06-15 10:49:00,10,3,6,19.213644259397565,72.88930811557867,R/S,Trafficking,37,2
2023-01-15 19:48:00,19,6,1,18.910560902407124,72.86935672456987,P/N,Abuse,64,1
2023-09-27 00:36:00,0,2,9,19.24906464563774,72.84138023453238,K/E,Lost Child,82,4
2023-06-12 12:13:00,12,0,6,19.224640555084004,72.9689778365178,A,Lost Child,53,5
2023-11-02 08:53:00,8,3,11,18.929217232201374,72.87584715390977,F/S,Child Labour,73,3
2023-06-24 02:15:00,2,5,6,19.0147453822299,72.95715798591185,N,Child Labour,75,3
2023-11-28 09:52:00,9,1,11,19.040750664564566,72.89235145175854,P/S,Begging,33,5
2023-03-20 03:56:00,3,0,3,18.99307186835395,72.91189447561274,F/S,Begging,53,5
2023-11-12 20:52:00,20,6,11,19.261779157639698,72.82045294741813,B,Lost Child,97,5
2023-08-03 08:34:00,8,3,8,18.99126860719789,72.8848355500201,N,Lost Child,85,3
2023-06-12 09:36:00,9,0,6,19.26989219684205,72.92204123674841,M/E,Begging,91,5
2023-05-20 06:36:00,6,5,5,18.914015286460103,72.95659291354143,D,Lost Child,95,3
2023-12-26 13:17:00,13,1,12,19.070551456848012,72.95033809263317,H/E,Trafficking,94,1
2023-06-24 18:53:00,18,5,6,18.958293205274618,72.96408526810902,R/N,Abuse,54,2
2023-09-29 03:40:00,3,4,9,19.07354186523627,72.8810244336025,P/S,Abuse,91,1
2023-12-11 19:13:00,19,0,12,19.13461771721929,72.81227048574938,P/N,Begging,99,3
2023-11-20 15:43:00,15,0,11,19.19101350026329,72.83299592800589,G/N,Child Labour,99,5
2023-11-18 03:14:00,3,5,11,19.279395039689465,72.90415337681061,A,Runaway,71,3
2023-11-04 22:05:00,22,5,11,18.98115410831641,72.98288041671398,K/E,Trafficking,37,1
2023-06-25 11:18:00,11,6,6,19.044429407284778,72.80913836663623,H/E,Child Labour,91,4
2023-11-09 13:35:00,13,3,11,18.917357705695085,72.95779940416088,N,Lost Child,97,3
2023-05-31 19:48:00,19,2,5,19.0297998643322,72.84319969325871,K/W,Lost Child,33,5
2023-12-16 14:37:00,14,5,12,19.22598751453248,72.99450118944458,H/E,Child Labour,66,2
2023-01-24 02:33:00,2,1,1,19.09290937387011,72.98013759660238,R/C,Runaway,91,5
2023-03-09 04:29:00,4,3,3,19.090243887798398,72.87566900224564,G/N,Begging,58,4
2023-11-29 23:16:00,23,2,11,18.970782559241705,72.85348229589489,D,Trafficking,58,1
2023-04-06 07:45:00,7,3,4,19.03904390742352,72.92549448908713,F/S,Begging,45,5
2023-06-07 19:49:00,19,2,6,18.977910805177476,72.93888370828753,T,Child Labour,90,4
2023-07-09 15:30:00,15,6,7,18.901893744962262,72.84470073747856,R/C,Begging,35,4
2023-01-29 05:43:00,5,6,1,18.95854687615569,72.9960887631257,R/C,Lost Child,54,5
2023-05-25 15:53:00,15,3,5,19.297614710309396,72.95509721108397,R/S,Abuse,71,2
2023-03-05 07:12:00,7,6,3,19.25205674050475,72.92663391193895,R/S,Lost Child,92,3
2023-02-15 08:53:00,8,2,2,19.01330869134534,72.80696666907468,F/N,Abuse,42,2
2023-08-19 11:46:00,11,5,8,19.22750467976934,72.80927400073836,K/E,Runaway,87,4
2023-06-27 16:23:00,16,1,6,19.25948457297094,72.96795937388282,R/S,Lost Child,67,4
2023-04-21 06:16:00,6,4,4,19.262361168954445,72.91679098265722,M/W,Begging,91,4
2023-01-23 11:20:00,11,0,1,19.248595289951684,72.87569073080891,F/S,Abuse,48,2
2023-08-09 09:34:00,9,2,8,19.150997526938227,72.85031941568558,K/W,Trafficking,67,2
2023-09-28 11:08:00,11,3,9,19.29175407478425,72.99286571818396,R/C,Runaway,56,4
2023-05-31 20:19:00,20,2,5,19.008481867120512,72.95000822658236,S,Child Labour,95,2
2023-07-15 13:26:00,13,5,7,19.278848098729263,72.95404588166429,P/S,Abuse,84,1
2023-06-07 08:40:00,8,2,6,19.099599083907023,72.98407724335817,G/N,Child Labour,81,3
2023-12-28 10:26:00,10,3,12,19.0643141980809,72.82960091648339,T,Runaway,66,2
2023-10-28 01:32:00,1,5,10,18.95795701804773,72.81382921146667,R/N,Trafficking,46,3
2023-01-08 04:16:00,4,6,1,18.95443458206236,72.85119983057096,P/S,Runaway,39,3
2023-02-10 12:38:00,12,4,2,19.255104868399158,72.81445711407332,M/E,Trafficking,85,1
2023-08-12 07:39:00,7,5,8,18.99914979258374,72.9141043710634,R/S,Begging,60,3
2023-06-23 21:05:00,21,4,6,19.217333544802727,72.90925500065326,T,Trafficking,71,1
2023-05-23 01:34:00,1,1,5,19.168634183344277,72.91931130834803,P/N,Begging,46,4
2023-01-03 09:54:00,9,1,1,19.013924279713304,72.87781075490912,E,Abuse,70,1
2023-08-21 21:52:00,21,0,8,19.162806059178042,72.98082914990964,L,Runaway,97,5
2023-03-02 04:47:00,4,3,3,19.293492580137464,72.94125656121791,P/N,Child Labour,68,2
2023-03-19 10:04:00,10,6,3,18.93616052012161,72.94656157938577,N,Abuse,65,1
2023-03-27 09:50:00,9,0,3,19.16033409508593,72.90272799143256,G/N,Begging,54,1
2023-03-03 21:22:00,21,4,3,19.272631594532484,72.81898607108523,G/S,Abuse,86,2
2023-02-14 04:24:00,4,1,2,19.022034468835773,72.8895087814297,S,Runaway,50,5
2023-08-06 19:17:00,19,6,8,19.14657188584343,72.88477687385301,N,Runaway,48,4
2023-10-23 12:56:00,12,0,10,19.157404538243245,72.82117605232843,R/C,Abuse,74,2
2023-10-06 19:53:00,19,4,10,19.070651364582407,72.98094846222489,F/N,Trafficking,50,2
2023-11-05 10:33:00,10,6,11,19.27677279304924,72.83766322301615,A,Abuse,51,2
2023-07-28 18:58:00,18,4,7,18.985566074725458,72.98414813640207,R/N,Abuse,35,1
2023-08-21 16:21:00,16,0,8,19.259340300043398,72.86013815791794,K/E,Child Labour,44,2
2023-11-14 00:10:00,0,1,11,19.09124016865906,72.82654736127094,H/W,Runaway,75,4
2023-03-07 16:44:00,16,1,3,19.03881133121435,72.92663676329082,H/E,Begging,53,5
2023-07-23 22:28:00,22,6,7,19.229052766339272,72.99998512340814,M/W,Abuse,72,1
2023-12-06 08:50:00,8,2,12,19.15416892418155,72.90741784739699,M/W,Child Labour,39,3
2023-01-12 13:01:00,13,3,1,19.214303148599747,72.81895335597098,D,Lost Child,35,4
2023-04-09 14:00:00,14,6,4,19.011500471485114,72.88581534663406,E,Begging,37,4
2023-04-14 02:41:00,2,4,4,19.25446421016112,72.82861262021012,T,Runaway,88,5
2023-02-23 06:31:00,6,3,2,19.215249959007668,72.8347074906895,N,Begging,82,4
2023-01-03 01:02:00,1,1,1,19.253183700695715,72.99242479695393,R/S,Begging,84,5
2023-11-12 02:57:00,2,6,11,19.15617717699169,72.91299422006664,F/S,Child Labour,50,2
2023-03-20 07:51:00,7,0,3,19.2736765833915,72.9844243114024,C,Abuse,83,2
2023-11-02 21:44:00,21,3,11,19.052246145320954,72.8568815035643,N,Begging,79,4
2023-09-18 16:08:00,16,0,9,18.9277563430085,72.87938020093262,M/E,Lost Child,85,4
2023-10-29 20:53:00,20,6,10,19.089756218771132,72.88200348688913,D,Child Labour,90,3
2023-11-08 04:03:00,4,2,11,19.237171823996267,72.9919462920758,F/N,Begging,46,4
2023-04-21 05:13:00,5,4,4,19.184902676728377,72.99211774477297,E,Begging,38,3
2023-02-08 00:55:00,0,2,2,19.063139881238083,72.84728081864242,R/C,Trafficking,93,2
2023-02-28 06:37:00,6,1,2,19.03158687013117,72.81076549188917,H/W,Abuse,88,1
2023-10-04 23:41:00,23,2,10,19.13587748779521,72.86113945316762,P/S,Child Labour,50,2
2023-08-08 17:48:00,17,1,8,19.017296417798033,72.90343466735777,N,Begging,69,5
2023-04-17 01:48:00,1,0,4,19.269155248878594,72.80042370592524,R/S,Abuse,44,1
2023-07-17 11:28:00,11,0,7,19.193871380549254,72.91878993126113,S,Lost Child,62,5
2023-08-20 16:41:00,16,6,8,19.0247293920432,72.87607172736786,G/S,Trafficking,57,1
2023-06-11 21:45:00,21,6,6,19.039742923761406,72.875794816051,K/W,Abuse,44,2
2023-07-04 08:50:00,8,1,7,19.04384044888229,72.93492296004013,H/E,Runaway,70,4
2023-01-22 15:35:00,15,6,1,19.267194905202516,72.81432336287457,B,Child Labour,84,4
2023-03-05 05:25:00,5,6,3,18.905733655736178,72.89754778591262,H/W,Lost Child,45,5
2023-04-26 18:03:00,18,2,4,19.03814654706489,72.87677702368556,A,Trafficking,52,1
2023-05-21 15:52:00,15,6,5,18.9124516626735,72.81061382013047,K/W,Runaway,65,5
2023-04-25 10:46:00,10,1,4,19.041820177534895,72.91144413723326,A,Trafficking,85,1
2023-01-09 16:57:00,16,0,1,19.203876817784995,72.871824108021,H/E,Trafficking,67,4
2023-07-04 06:25:00,6,1,7,19.270800015068613,72.92466988263071,G/S,Begging,55,5
2023-12-12 22:08:00,22,1,12,19.011801728069603,72.91581849749804,P/N,Lost Child,55,5
2023-06-24 11:30:00,11,5,6,18.977025492943177,72.91305126459181,R/N,Child Labour,91,5
2023-10-06 06:03:00,6,4,10,19.128286052620822,72.92399451223669,B,Child Labour,91,2
2023-01-06 21:35:00,21,4,1,19.27390180184822,72.8976503115888,R/S,Begging,57,5
2023-11-06 16:40:00,16,0,11,19.16171878822125,72.91409485180276,D,Lost Child,82,4
2023-03-23 10:26:00,10,3,3,19.16967193358404,72.85956769133554,P/S,Lost Child,88,5
2023-10-10 13:49:00,13,1,10,18.99449896557531,72.9565503807204,H/W,Trafficking,89,2
2023-03-03 04:27:00,4,4,3,19.24039429801591,72.81700711109966,F/S,Child Labour,30,3
2023-11-30 06:33:00,6,3,11,19.277339532016406,72.96928365698598,E,Abuse,64,2
2023-04-16 04:57:00,4,6,4,18.90171098707986,72.86345422606004,F/N,Abuse,40,2
2023-07-02 19:07:00,19,6,7,18.938965418215364,72.94688130604048,R/S,Begging,99,4
2023-07-11 07:28:00,7,1,7,19.154870743293557,72.83323732195097,M/E,Lost Child,97,4
2023-01-13 04:01:00,4,4,1,19.27455713422435,72.8644751965487,H/E,Lost Child,35,5
2023-03-16 23:42:00,23,3,3,19.054700564227577,72.94416192997342,C,Trafficking,93,2
2023-02-16 07:37:00,7,3,2,19.17268342990803,72.96631280446127,L,Lost Child,42,3
2023-10-26 10:28:00,10,3,10,19.03643589196725,72.90409269599962,M/E,Runaway,58,4
2023-01-11 23:37:00,23,2,1,19.156226640980897,72.8041776476816,C,Begging,68,3
2023-11-09 08:03:00,8,3,11,19.08779308693806,72.90411583197856,A,Begging,49,4
2023-12-17 09:08:00,9,6,12,19.285249638866265,72.98698867084761,R/N,Lost Child,88,3
2023-07-10 11:29:00,11,0,7,19.175241359314658,72.82458284575335,R/N,Begging,86,3
2023-02-06 23:29:00,23,0,2,18.940612427086883,72.92239897452414,P/N,Child Labour,89,4
2023-02-21 08:28:00,8,1,2,18.92317854974601,72.87955672669585,E,Begging,98,3
2023-12-11 18:38:00,18,0,12,19.217481923135725,72.99316691711579,H/W,Child Labour,53,1
2023-03-09 10:00:00,10,3,3,19.223951759484226,72.9373325671339,R/N,Trafficking,36,1
2023-12-28 21:51:00,21,3,12,19.25855107748952,72.91955865120428,S,Child Labour,56,3
2023-09-21 11:16:00,11,3,9,19.167604340449472,72.8499376853305,G/N,Begging,53,4
2023-02-09 10:53:00,10,3,2,19.060781644419524,72.95776342735469,C,Runaway,52,4
2023-04-05 11:51:00,11,2,4,19.265481804696368,72.87798211215348,A,Abuse,43,1
2023-09-24 00:59:00,0,6,9,19.029386235388547,72.89331926676809,A,Lost Child,65,3
2023-07-27 03:51:00,3,3,7,19.19090815927382,72.82094798944242,M/W,Lost Child,76,4
2023-12-17 23:39:00,23,6,12,18.928005729613798,72.86697053443157,P/N,Runaway,81,5
2023-07-09 08:29:00,8,6,7,19.214539601692874,72.9824333530159,C,Runaway,78,5
2023-11-03 03:03:00,3,4,11,19.140690997424876,72.86152727207885,E,Runaway,94,3
2023-10-11 03:40:00,3,2,10,19.020933595835857,72.81139250819915,F/N,Runaway,82,5
2023-06-05 23:59:00,23,0,6,19.246489337120494,72.84735769890524,F/S,Begging,56,5
2023-05-18 02:37:00,2,3,5,19.002236323999192,72.89548005886078,R/N,Begging,80,1
2023-11-15 09:08:00,9,2,11,19.193406436602633,72.84866920608275,K/W,Begging,78,4
2023-10-28 12:56:00,12,5,10,19.112899073769764,72.9687454220643,N,Trafficking,69,2
2023-01-10 23:26:00,23,1,1,18.956723016019254,72.9511777935311,F/N,Child Labour,30,3
2023-06-23 23:40:00,23,4,6,18.941497658317157,72.91498257076266,G/N,Trafficking,93,2
2023-09-12 13:59:00,13,1,9,18.914741269307175,72.83982079920894,H/W,Begging,60,4
2023-04-07 01:47:00,1,4,4,19.100880508130317,72.8391566507902,P/N,Runaway,73,4
2023-02-02 06:26:00,6,3,2,18.999663588865324,72.99681600128632,F/S,Begging,73,3
2023-12-11 02:22:00,2,0,12,18.90454343793376,72.92142015911978,E,Child Labour,31,3
2023-08-27 14:29:00,14,6,8,18.917776621180494,72.83021261529406,F/S,Runaway,49,3
2023-12-09 03:23:00,3,5,12,19.16806793969689,72.85306757488476,R/C,Abuse,67,2
2023-11-04 23:07:00,23,5,11,19.281302090375785,72.87128451562408,B,Child Labour,58,4
2023-11-07 08:28:00,8,1,11,18.92987857243491,72.90437737956924,S,Trafficking,62,1
2023-08-29 18:18:00,18,1,8,19.115899531152458,72.91540279696383,F/N,Abuse,61,2
2023-02-26 04:35:00,4,6,2,18.92882668955017,72.9602702874467,M/E,Abuse,67,2
2023-09-23 05:02:00,5,5,9,19.28881309982533,72.9097576928064,C,Trafficking,74,1
2023-05-25 04:54:00,4,3,5,19.16768839321079,72.81539667218158,T,Begging,63,4
2023-06-27 21:31:00,21,1,6,18.927125638468915,72.95040951787647,S,Lost Child,62,4
2023-02-12 10:27:00,10,6,2,19.151686448347217,72.92382605002481,A,Abuse,61,1
2023-08-09 20:57:00,20,2,8,19.02413136468687,72.93711325704155,G/S,Child Labour,54,1
2023-06-16 11:44:00,11,4,6,19.263776571570176,72.96751573743695,P/S,Abuse,84,2
2023-08-26 19:02:00,19,5,8,19.018643060968333,72.82022804801086,T,Runaway,31,4
2023-03-07 11:28:00,11,1,3,19.175849684041506,72.83415238870049,H/E,Runaway,81,3
2023-09-11 17:34:00,17,0,9,19.101136231173488,72.85631103480922,K/E,Abuse,42,4
2023-05-31 08:00:00,8,2,5,19.063678536824757,72.88197305877753,T,Trafficking,63,3
2023-01-28 18:54:00,18,5,1,19.160298359458864,72.94707659038339,L,Runaway,59,4
2023-07-19 14:13:00,14,2,7,18.939850116621127,72.86094413353973,F/N,Lost Child,98,4
2023-10-07 15:45:00,15,5,10,19.27900421893364,72.8474312011516,R/N,Child Labour,61,3
2023-12-01 13:27:00,13,4,12,19.04458391440028,72.80577679747506,C,Child Labour,45,2
2023-07-01 19:47:00,19,5,7,18.911475404889398,72.80678007598758,F/N,Child Labour,93,4
2023-12-09 23:53:00,23,5,12,19.16322596245827,72.86089394944963,R/C,Abuse,85,1
2023-10-12 11:13:00,11,3,10,19.295540390147398,72.91816446446104,M/E,Begging,80,5
2023-10-13 03:34:00,3,4,10,19.288252372312478,72.86357599360635,G/S,Child Labour,49,1
2023-04-19 08:14:00,8,2,4,18.96446864981265,72.83942370565333,N,Begging,68,1
2023-02-06 04:10:00,4,0,2,19.220116319482873,72.99820870683446,B,Trafficking,67,1
2023-10-10 18:35:00,18,1,10,18.926893371672502,72.82966929104846,N,Abuse,52,1
2023-10-09 07:49:00,7,0,10,18.99854718075422,72.83150100425098,R/N,Abuse,38,1
2023-01-19 13:08:00,13,3,1,19.200806678507494,72.9993819104162,D,Trafficking,84,2
2023-09-27 22:52:00,22,2,9,18.921794264909295,72.89819383294775,S,Child Labour,66,2
2023-11-18 10:39:00,10,5,11,19.13920566226367,72.94138240070973,L,Lost Child,38,5
2023-07-07 20:25:00,20,4,7,18.953310910296278,72.85127195832659,F/N,Begging,76,3
2023-03-15 08:31:00,8,2,3,19.14691146253461,72.95409665723878,P/S,Abuse,75,2
2023-03-05 05:07:00,5,6,3,19.16062274638869,72.97927646562461,K/W,Begging,59,4
2023-07-02 18:28:00,18,6,7,19.291246523252646,72.90510192844621,K/E,Lost Child,99,3
2023-10-19 08:52:00,8,3,10,19.232425479033125,72.90729045810633,L,Abuse,72,2
2023-09-11 03:44:00,3,0,9,19.26195700168514,72.91383258493427,B,Child Labour,36,3
2023-11-08 06:34:00,6,2,11,19.000205535469814,72.9515835472113,N,Lost Child,30,3
2023-11-06 05:43:00,5,0,11,19.08000808538298,72.99493506144012,F/S,Abuse,77,1
2023-07-21 12:16:00,12,4,7,19.05313113151665,72.87257657250102,T,Lost Child,64,5
2023-01-02 06:18:00,6,0,1,18.98986623883051,72.8595393207948,P/N,Begging,46,4
2023-02-26 20:01:00,20,6,2,18.999712140834582,72.86457902608234,R/S,Begging,59,4
2023-02-19 02:35:00,2,6,2,18.929817737476863,72.93521798779759,D,Child Labour,48,4
2023-10-21 07:20:00,7,5,10,19.114996922135646,72.96044459398523,P/N,Runaway,37,4
2023-09-20 03:02:00,3,2,9,19.164738282433483,72.99449146751306,P/N,Runaway,51,5
2023-04-08 03:49:00,3,5,4,19.29923359841788,72.97130205523115,E,Runaway,36,4
2023-10-16 23:31:00,23,0,10,19.289700322526777,72.88420648083344,H/E,Abuse,46,2
2023-02-12 07:29:00,7,6,2,19.29739595636208,72.9376020040752,D,Begging,76,1
2023-03-31 22:18:00,22,4,3,18.941689408783283,72.91372340440864,G/S,Child Labour,55,2
2023-03-21 23:24:00,23,1,3,19.00845952046117,72.99736451420915,C,Begging,31,3
2023-06-14 10:15:00,10,2,6,19.04987283654254,72.91214032469375,K/E,Trafficking,73,2
2023-10-03 22:57:00,22,1,10,19.28966807454552,72.91559319554528,L,Child Labour,59,3
2023-10-23 10:56:00,10,0,10,19.16578837064771,72.9080193238954,A,Lost Child,34,3
2023-12-01 05:24:00,5,4,12,19.061141591903123,72.849019355278,C,Trafficking,33,2
2023-03-01 03:05:00,3,2,3,18.93661039031105,72.91278585521361,H/W,Child Labour,41,4
2023-05-25 22:33:00,22,3,5,19.219362243681267,72.9523112653441,R/N,Abuse,51,1
2023-05-29 02:24:00,2,0,5,19.265387664220114,72.93393600430575,F/N,Begging,46,5
2023-08-09 12:50:00,12,2,8,19.03495566775482,72.96661967518251,R/N,Begging,75,4
2023-09-14 00:12:00,0,3,9,19.04596807521278,72.8472117686828,T,Trafficking,30,1
2023-10-20 15:00:00,15,4,10,19.155818966614078,72.83832875012824,R/N,Begging,60,1
2023-05-06 13:01:00,13,5,5,19.01514245626878,72.9794906259535,N,Begging,53,4
2023-11-18 17:34:00,17,5,11,19.29775401867456,72.82057397596537,T,Runaway,50,4
2023-02-06 04:58:00,4,0,2,19.181322809835496,72.96437722827592,R/C,Abuse,39,1
2023-08-29 02:53:00,2,1,8,18.94528187812427,72.97432799841545,M/E,Begging,67,5
2023-08-16 01:00:00,1,2,8,19.135863777159592,72.80890181395591,F/S,Abuse,33,1
2023-07-16 17:26:00,17,6,7,19.229514862306264,72.95751960359473,B,Child Labour,50,4
2023-01-14 08:59:00,8,5,1,18.949733966084604,72.83311682061827,G/S,Child Labour,80,3
2023-12-21 17:05:00,17,3,12,19.087146726424226,72.9937252669472,F/N,Child Labour,62,3
2023-06-27 04:44:00,4,1,6,19.276749791698197,72.99212009388138,G/N,Abuse,34,2
2023-12-22 07:35:00,7,4,12,19.1653106050842,72.89255719868638,H/E,Child Labour,67,2
2023-11-19 19:08:00,19,6,11,18.99916794278801,72.8440157629508,M/W,Abuse,37,1
2023-06-17 15:54:00,15,5,6,19.053813135349007,72.95483663733437,K/E,Lost Child,71,5
2023-08-12 16:24:00,16,5,8,19.01992399458221,72.94248617473444,T,Begging,97,3
2023-11-28 20:35:00,20,1,11,19.266025811327772,72.80333585815171,E,Lost Child,99,5
2023-04-01 20:59:00,20,5,4,18.97930997569913,72.82320464568745,N,Trafficking,59,1
2023-07-16 10:57:00,10,6,7,19.045289044630586,72.8322957085775,R/S,Lost Child,63,4
2023-07-08 16:40:00,16,5,7,19.099425153089943,72.93930742787845,G/N,Begging,87,4
2023-03-15 04:31:00,4,2,3,19.192120418129075,72.95257749903368,R/N,Trafficking,34,2
2023-03-21 21:35:00,21,1,3,19.26713406781853,72.93206230326322,S,Trafficking,33,1
2023-02-18 18:41:00,18,5,2,19.011542838539096,72.86795846778602,F/S,Trafficking,78,2
2023-11-05 10:09:00,10,6,11,19.1474799628751,72.80147355421019,R/S,Begging,36,3
2023-02-27 02:13:00,2,0,2,19.258641822917657,72.96700678716105,H/E,Trafficking,42,2
2023-06-24 03:22:00,3,5,6,19.05897801189388,72.9832541188074,F/S,Child Labour,92,3
2023-07-20 10:28:00,10,3,7,19.031865587331428,72.94917807185796,S,Begging,63,3
2023-11-28 15:45:00,15,1,11,19.012020828803305,72.83182969536084,M/W,Abuse,88,1
2023-03-11 00:05:00,0,5,3,19.02489552639607,72.98172083424276,F/N,Child Labour,43,2
2023-09-26 13:44:00,13,1,9,19.019004748175792,72.83604155554434,N,Trafficking,68,1
2023-12-10 13:12:00,13,6,12,18.971152873665694,72.95446401903429,R/C,Runaway,96,3
2023-12-19 17:48:00,17,1,12,18.960518832518108,72.97069423994053,C,Lost Child,85,4
2023-07-11 19:44:00,19,1,7,19.07475150635815,72.83778925268228,R/S,Runaway,83,1
2023-04-08 16:29:00,16,5,4,19.17054461601668,72.89367167960036,N,Abuse,82,2
2023-04-13 23:32:00,23,3,4,19.021795340701786,72.88502561314478,L,Begging,57,4
2023-01-27 09:55:00,9,4,1,18.99536745317593,72.84741546586417,F/S,Begging,82,5
2023-05-26 02:02:00,2,4,5,19.09320845374802,72.90127553812557,K/E,Begging,95,4
2023-10-26 19:49:00,19,3,10,18.997947141832896,72.94589723556025,R/S,Abuse,93,2
2023-06-07 16:00:00,16,2,6,19.125036268523406,72.93405323278586,G/S,Begging,66,5
2023-07-27 16:35:00,16,3,7,18.939428760954012,72.84978923800176,D,Runaway,97,4
2023-06-29 13:57:00,13,3,6,19.025591657371887,72.98038369942833,D,Runaway,74,5
2023-10-27 02:29:00,2,4,10,19.09739858990878,72.85005705530325,R/S,Lost Child,74,3
2023-02-06 22:54:00,22,0,2,18.908617792527235,72.91826613918677,G/N,Abuse,85,2
2023-11-08 15:30:00,15,2,11,19.151515047250754,72.87549323368063,P/S,Abuse,32,4
2023-02-20 13:06:00,13,0,2,19.138048780883036,72.9480736255119,H/E,Child Labour,95,2
2023-02-17 23:42:00,23,4,2,19.08087578372635,72.93998141208917,P/N,Begging,33,3
2023-05-03 13:15:00,13,2,5,19.109086887668905,72.94008281600203,N,Child Labour,77,4
2023-01-21 17:15:00,17,5,1,19.092552081678836,72.91065807779411,A,Trafficking,56,1
2023-12-02 18:21:00,18,5,12,19.021154386588158,72.83822697159624,H/E,Trafficking,38,1
2023-08-21 19:03:00,19,0,8,19.01295529156659,72.92855794409795,F/N,Abuse,96,2
2023-01-12 00:24:00,0,3,1,18.926112287553153,72.93608812873018,S,Abuse,59,1
2023-01-20 15:47:00,15,4,1,19.149048769716195,72.94721992155071,B,Begging,65,3
2023-05-13 08:48:00,8,5,5,19.05772663697491,72.80259063579355,L,Trafficking,42,1
2023-02-05 21:28:00,21,6,2,19.2957952965579,72.89524082096604,L,Lost Child,32,3
2023-12-12 13:44:00,13,1,12,19.003107661525583,72.87111909912387,C,Abuse,61,2
2023-07-18 09:42:00,9,1,7,19.110035345834074,72.98805394339419,D,Abuse,42,2
2023-08-09 23:28:00,23,2,8,19.24354301412194,72.84986812412762,F/N,Abuse,63,1
2023-01-26 12:20:00,12,3,1,18.962586626773316,72.85503538702262,F/S,Abuse,51,2
2023-04-01 03:15:00,3,5,4,19.060677862539535,72.85909238413387,P/N,Runaway,40,5
2023-04-15 15:57:00,15,5,4,18.98217156268365,72.92135719962222,N,Lost Child,44,5
2023-06-11 15:09:00,15,6,6,19.0953812884397,72.99047446639352,C,Runaway,47,3
2023-01-09 18:07:00,18,0,1,19.209547963640066,72.85945704708821,R/C,Lost Child,68,4
2023-08-27 06:37:00,6,6,8,19.122432134996146,72.93385367674371,R/S,Child Labour,43,2
2023-03-23 18:04:00,18,3,3,19.016596086741675,72.90214975694981,D,Child Labour,77,2
2023-12-19 00:46:00,0,1,12,19.113778009825065,72.93606824839497,H/W,Runaway,88,5
2023-02-22 16:27:00,16,2,2,19.05762016404247,72.83425548755221,P/N,Child Labour,84,3
2023-09-13 20:51:00,20,2,9,18.953176868295998,72.97089918307954,L,Trafficking,72,1
2023-06-05 16:21:00,16,0,6,19.270394826767514,72.86502053539093,H/W,Lost Child,46,5
2023-12-28 00:35:00,0,3,12,19.24180636178484,72.81224914302695,E,Abuse,87,1
2023-06-25 02:27:00,2,6,6,18.945284706786527,72.89230700804977,F/S,Runaway,31,3
2023-02-21 02:10:00,2,1,2,18.96670875205095,72.99469348615467,P/N,Lost Child,48,3
2023-10-21 18:54:00,18,5,10,19.16497976705228,72.8010217093646,K/W,Trafficking,91,2
2023-02-25 06:39:00,6,5,2,19.11513707760741,72.94420356335347,R/S,Runaway,57,4
2023-01-02 22:15:00,22,0,1,19.21759451749498,72.86805729633639,P/N,Lost Child,67,4
2023-12-26 12:45:00,12,1,12,18.97583183118272,72.96831530930551,K/E,Abuse,86,2
2023-09-02 10:31:00,10,5,9,19.044719205543984,72.80434070500503,E,Trafficking,87,1
2023-06-19 01:07:00,1,0,6,18.912248017837733,72.83224763380618,K/E,Abuse,47,2
2023-10-22 16:56:00,16,6,10,19.134702341637496,72.82532644788157,P/S,Begging,90,4
2023-08-16 14:17:00,14,2,8,19.119945089907098,72.94488490657653,R/S,Runaway,45,4
2023-06-24 07:04:00,7,5,6,19.017809605095028,72.98600025917972,N,Child Labour,93,2
2023-01-17 18:04:00,18,1,1,19.026753219807528,72.81330814704681,R/C,Begging,90,3
2023-10-01 14:18:00,14,6,10,18.985577591569204,72.87060129685264,L,Child Labour,84,2
2023-12-23 17:12:00,17,5,12,19.22565605323108,72.80600969036324,G/S,Begging,41,5
2023-09-30 11:55:00,11,5,9,19.08864811779072,72.93037346220302,F/S,Abuse,48,1
2023-05-28 07:32:00,7,6,5,19.023580325002428,72.94599266252831,P/S,Child Labour,87,3
2023-11-17 16:42:00,16,4,11,18.933610280930196,72.92667916961376,H/E,Trafficking,66,1
2023-12-07 04:45:00,4,3,12,18.922997933015253,72.91093774877181,K/W,Runaway,43,3
2023-04-03 13:18:00,13,0,4,18.966180585826145,72.90092955793072,L,Runaway,76,4
2023-12-21 18:28:00,18,3,12,19.277335977160618,72.89595594375868,B,Lost Child,64,3
2023-04-13 09:06:00,9,3,4,19.273733075723776,72.88668231603829,R/S,Lost Child,48,5
2023-02-17 15:25:00,15,4,2,19.259862333657864,72.85544828362872,G/N,Begging,38,3
2023-03-14 17:24:00,17,1,3,19.22472393969829,72.82980888611748,G/S,Child Labour,43,4
2023-10-29 12:40:00,12,6,10,19.17919748640271,72.84314511594876,F/S,Begging,41,3
2023-11-03 05:01:00,5,4,11,19.188243946364135,72.98005867164578,E,Trafficking,60,4
2023-10-26 10:33:00,10,3,10,19.04598180507833,72.86527923463761,K/W,Child Labour,62,3
2023-10-01 02:31:00,2,6,10,18.904086340009382,72.97782030111996,H/W,Trafficking,55,2
2023-03-18 22:34:00,22,5,3,18.956834651132,72.80737028501368,L,Lost Child,43,5
2023-10-05 21:48:00,21,3,10,19.19118545657604,72.83118074449165,S,Child Labour,96,4
2023-12-04 22:44:00,22,0,12,18.902818758637675,72.97673417275043,L,Begging,39,3
2023-10-14 18:18:00,18,5,10,19.197506471793993,72.94725491230155,A,Lost Child,58,5
2023-01-21 20:15:00,20,5,1,19.24150629572836,72.99179256912795,K/W,Abuse,48,2
2023-04-02 06:56:00,6,6,4,19.02963801115544,72.97464859434433,P/S,Abuse,45,2
2023-10-16 07:53:00,7,0,10,19.00259396305742,72.97480510513975,G/S,Child Labour,48,2
2023-02-06 11:21:00,11,0,2,19.096630295731316,72.97216187953642,K/E,Trafficking,82,2
2023-08-20 17:26:00,17,6,8,19.145848474157194,72.96128876339797,F/N,Trafficking,68,4
2023-07-07 11:55:00,11,4,7,19.10562276591929,72.87727324031532,K/E,Child Labour,93,3
2023-10-12 04:25:00,4,3,10,19.015853213271654,72.86852454813727,R/S,Lost Child,60,5
2023-07-06 06:47:00,6,3,7,19.290251284298357,72.9917502778835,A,Trafficking,98,1
2023-01-16 19:45:00,19,0,1,19.05728309476891,72.86140296115981,S,Runaway,86,4
2023-12-15 00:42:00,0,4,12,18.982812222648345,72.9237040441112,K/W,Child Labour,38,3
2023-02-06 19:55:00,19,0,2,19.186498197986023,72.99341498007155,F/N,Trafficking,80,1
2023-11-28 07:12:00,7,1,11,19.29733663312563,72.99273347747345,H/W,Lost Child,98,5
2023-05-17 13:00:00,13,2,5,19.15657876733833,72.87735740711246,R/S,Lost Child,42,3
2023-03-04 07:36:00,7,5,3,19.266316163767364,72.89179833244063,F/N,Child Labour,94,1
2023-05-05 23:12:00,23,4,5,19.133698072904846,72.89909178256516,H/W,Trafficking,67,2
2023-08-01 01:29:00,1,1,8,18.914349354900235,72.96545311638677,P/S,Begging,49,4
2023-12-18 14:38:00,14,0,12,18.99458754546425,72.80416987216296,M/E,Begging,90,5
2023-05-19 10:55:00,10,4,5,19.133695372162805,72.91490763114312,M/E,Begging,89,5
2023-01-05 13:56:00,13,3,1,18.948696501961305,72.85941008478054,A,Trafficking,35,1
2023-05-02 14:19:00,14,1,5,19.10671377093234,72.85513917162373,F/N,Child Labour,64,4
2023-07-24 13:56:00,13,0,7,18.95089115981584,72.94182457396839,F/S,Begging,40,4
2023-04-05 05:16:00,5,2,4,19.135252873757498,72.96488286035971,R/N,Runaway,99,2
2023-07-07 21:15:00,21,4,7,19.173433245572113,72.86964438613624,K/E,Child Labour,33,3
2023-02-20 16:29:00,16,0,2,18.998340102177416,72.92542104638898,G/N,Child Labour,42,3
2023-06-18 02:12:00,2,6,6,19.03749494326522,72.97934982649095,S,Runaway,83,5
2023-03-09 02:01:00,2,3,3,19.226317744301685,72.91053097865439,T,Child Labour,32,4
2023-12-10 00:30:00,0,6,12,19.192165245439885,72.89704715921798,M/E,Child Labour,79,4
2023-06-11 11:47:00,11,6,6,18.927147357307696,72.84647028973913,E,Runaway,72,4
2023-04-06 00:28:00,0,3,4,19.03191658790178,72.8727490438458,R/C,Begging,95,5
2023-08-23 22:20:00,22,2,8,19.1739904486373,72.93229097219354,G/N,Trafficking,39,1
2023-05-31 05:26:00,5,2,5,19.187170527876855,72.9582157038474,R/S,Child Labour,59,2
2023-05-14 00:36:00,0,6,5,19.066699087634618,72.87610633425982,R/C,Abuse,56,2
2023-01-14 18:57:00,18,5,1,19.206632001150464,72.91007068795781,K/E,Runaway,71,4
2023-03-24 03:50:00,3,4,3,19.129433214713828,72.82199057704183,R/S,Begging,94,5
2023-03-24 01:25:00,1,4,3,19.199292289898473,72.92312904329575,R/C,Trafficking,35,1
2023-03-31 00:59:00,0,4,3,19.297056985014528,72.97962846866973,D,Child Labour,58,4
2023-12-16 06:02:00,6,5,12,19.28049845035326,72.92486732780159,D,Begging,60,5
2023-10-15 13:48:00,13,6,10,19.14726512074077,72.84308215255166,H/E,Child Labour,90,3
2023-06-11 13:03:00,13,6,6,19.05606319630735,72.80126049618156,A,Child Labour,31,3
2023-08-04 22:34:00,22,4,8,19.02403197783096,72.92536363958935,T,Trafficking,88,2
2023-02-08 09:22:00,9,2,2,19.12612957333828,72.8961904422981,C,Lost Child,65,4
2023-12-08 09:00:00,9,4,12,19.128502297490126,72.81107994317932,G/S,Runaway,95,5
2023-08-28 19:41:00,19,0,8,19.096928293062444,72.87708031460053,K/W,Begging,75,4
2023-01-13 15:47:00,15,4,1,19.23245032424834,72.91327496421796,S,Trafficking,95,1
2023-12-04 09:46:00,9,0,12,19.241606818181936,72.82821092036143,R/S,Begging,62,5
2023-07-29 19:32:00,19,5,7,19.00532658078541,72.97774161778506,B,Trafficking,40,2
2023-01-05 13:26:00,13,3,1,18.976190772785543,72.93621669666382,F/N,Trafficking,45,3
2023-09-22 08:30:00,8,4,9,19.26659552870978,72.9813779183708,N,Trafficking,93,1
2023-03-12 14:03:00,14,6,3,19.206784816853038,72.90355939682908,A,Trafficking,96,1
2023-12-16 11:54:00,11,5,12,19.258669843662265,72.91418556022015,N,Lost Child,82,4
2023-06-17 20:11:00,20,5,6,18.938425655843915,72.93073844916191,K/E,Lost Child,90,4
2023-02-25 11:15:00,11,5,2,19.288322941961592,72.88248159531798,G/S,Abuse,51,2
2023-09-01 10:06:00,10,4,9,18.911075865201276,72.83948660921206,G/N,Abuse,99,1
2023-07-27 05:29:00,5,3,7,19.112446181327403,72.84644040283989,G/N,Abuse,37,1
2023-07-07 14:04:00,14,4,7,19.068782059584606,72.91058787038645,N,Trafficking,63,1
2023-09-10 01:38:00,1,6,9,19.2331983033127,72.91825992048176,T,Runaway,77,4
2023-08-28 01:39:00,1,0,8,19.10392709385674,72.95155446165363,K/E,Begging,67,3
2023-06-09 19:42:00,19,4,6,19.108498178659776,72.86885138055074,G/S,Abuse,40,1
2023-07-28 10:10:00,10,4,7,18.988063211653905,72.84357972591064,K/E,Begging,61,3
2023-07-18 19:22:00,19,1,7,19.19609696000247,72.872300363465,G/S,Begging,96,4
2023-12-17 02:00:00,2,6,12,19.251106431729337,72.90481647216723,E,Abuse,65,1
2023-11-15 12:46:00,12,2,11,19.283790862087866,72.85446731574665,N,Trafficking,78,5
2023-02-22 19:53:00,19,2,2,18.987323285054487,72.97434694062393,T,Child Labour,55,2
2023-09-03 05:52:00,5,6,9,19.037966133658436,72.90354001278789,H/E,Child Labour,32,2
2023-08-17 20:02:00,20,3,8,18.970602691487734,72.82955093663361,N,Begging,56,4
2023-03-16 15:27:00,15,3,3,19.231861020280697,72.92394087946288,P/N,Trafficking,98,1
2023-01-02 02:43:00,2,0,1,18.916154000476975,72.88003714906678,N,Lost Child,45,5
2023-08-27 18:49:00,18,6,8,19.170425100222577,72.93293805087762,R/C,Child Labour,31,3
2023-10-25 06:21:00,6,2,10,19.072823382811094,72.9281248753044,F/S,Lost Child,94,5
2023-01-24 22:26:00,22,1,1,18.90207448361431,72.84048109062392,A,Abuse,58,1
2023-11-11 14:30:00,14,5,11,19.14889964366975,72.90881598601612,H/E,Begging,38,5
2023-10-06 10:12:00,10,4,10,19.132383770660912,72.93279129140268,G/S,Abuse,59,1
2023-08-23 03:26:00,3,2,8,19.04885937358218,72.90510398658598,H/W,Trafficking,30,1
2023-12-25 21:27:00,21,0,12,19.062738422826833,72.85836767387111,M/E,Runaway,41,2
2023-04-05 18:15:00,18,2,4,19.269492724919047,72.98591823481767,L,Abuse,44,2
2023-03-09 17:14:00,17,3,3,18.974500848686862,72.84103281392456,P/N,Begging,35,4
2023-09-16 07:02:00,7,5,9,19.184975325301938,72.84066250105407,P/N,Begging,97,3
2023-05-20 16:46:00,16,5,5,19.190073770799618,72.80652556556818,G/S,Child Labour,77,2
2023-10-18 00:41:00,0,2,10,19.291887077575474,72.81610874302964,M/E,Lost Child,53,5
2023-08-02 03:32:00,3,2,8,19.191286942863726,72.86282801461601,D,Child Labour,77,5
2023-02-26 16:37:00,16,6,2,19.08194151596211,72.81780789853633,P/S,Trafficking,83,1
2023-03-18 07:36:00,7,5,3,19.176992867495606,72.85726437718981,R/S,Trafficking,41,1
2023-08-17 01:33:00,1,3,8,18.95007366789711,72.97981491274518,M/E,Lost Child,71,3
2023-06-09 11:47:00,11,4,6,18.93473543891043,72.80276374483677,T,Runaway,88,4
2023-12-26 21:38:00,21,1,12,19.290805574547235,72.87857278041605,G/S,Lost Child,46,4
2023-05-05 05:03:00,5,4,5,19.28361300490929,72.86414702300819,L,Trafficking,73,1
2023-07-13 01:55:00,1,3,7,18.970568466316415,72.94044865683621,M/E,Trafficking,97,1
2023-08-01 21:58:00,21,1,8,19.04516197650061,72.9399425902903,K/E,Begging,34,4
2023-12-16 23:37:00,23,5,12,19.13622515630956,72.87112616905232,H/E,Child Labour,61,2
2023-11-22 22:50:00,22,2,11,18.991596369337273,72.9194540203517,K/E,Trafficking,97,1
2023-12-24 20:31:00,20,6,12,18.99895093321413,72.99321123981728,P/N,Abuse,84,2
2023-04-09 14:03:00,14,6,4,19.119486631406147,72.86371653220117,H/E,Lost Child,84,5
2023-03-31 14:28:00,14,4,3,18.974708166252967,72.94570552662609,D,Trafficking,83,1
2023-07-20 06:34:00,6,3,7,19.24744099172951,72.82391965822231,R/C,Abuse,31,2
2023-06-19 18:25:00,18,0,6,19.184771969474937,72.86958052687378,P/N,Abuse,53,2
2023-07-29 04:11:00,4,5,7,19.223460693625782,72.98548236095635,P/S,Trafficking,75,1
2023-11-28 23:49:00,23,1,11,19.22058048235943,72.87117356936749,N,Lost Child,52,4
2023-05-28 14:32:00,14,6,5,18.930695470245187,72.8156278810669,E,Child Labour,34,2
2023-10-28 00:09:00,0,5,10,19.140794979861624,72.95632748019487,K/E,Begging,56,5
2023-10-15 23:57:00,23,6,10,19.052994412269257,72.98397888384811,T,Begging,65,4
2023-12-27 16:43:00,16,2,12,18.98928665822336,72.99687258783638,K/E,Begging,81,3
2023-12-06 17:50:00,17,2,12,19.117118051707987,72.97198230110209,P/N,Runaway,63,5
2023-11-26 00:40:00,0,6,11,19.21996373714202,72.82598258547415,K/W,Trafficking,90,2
2023-08-06 18:26:00,18,6,8,19.042725880761477,72.93679454760384,P/N,Begging,80,3
2023-05-28 00:29:00,0,6,5,19.270635293362414,72.97779952650214,L,Begging,30,2
2023-08-02 02:27:00,2,2,8,19.297631636978895,72.89283326792642,N,Lost Child,40,5
2023-05-30 16:01:00,16,1,5,19.07795297672681,72.9899465598927,D,Abuse,75,1
2023-11-24 11:44:00,11,4,11,19.088090703860598,72.90914277753026,T,Child Labour,44,2
2023-10-29 17:06:00,17,6,10,19.27075746334944,72.94166461024199,L,Abuse,69,1
2023-04-06 01:10:00,1,3,4,19.230472899630698,72.98132240980867,K/E,Runaway,94,4
2023-09-13 23:14:00,23,2,9,19.162710552664898,72.87112402726373,A,Trafficking,90,1
2023-09-11 21:49:00,21,0,9,19.228783247778182,72.84427493377656,D,Begging,81,5
2023-02-10 08:09:00,8,4,2,18.94384604874998,72.81500463412732,L,Trafficking,32,2
2023-08-01 15:50:00,15,1,8,19.174142135093458,72.83095355395568,A,Child Labour,72,3
2023-04-08 05:29:00,5,5,4,19.226368653070175,72.85268551196566,K/W,Trafficking,89,2
2023-03-01 01:09:00,1,2,3,18.904773365366804,72.85943171504724,G/N,Runaway,79,3
2023-04-24 19:37:00,19,0,4,19.000310676869706,72.91480767268243,F/S,Child Labour,40,3
2023-06-30 10:37:00,10,4,6,19.122112611023386,72.88390324714202,R/C,Runaway,74,3
2023-03-09 04:34:00,4,3,3,19.114575413951968,72.93817500180134,F/S,Abuse,76,1
2023-10-14 10:40:00,10,5,10,18.925509836971983,72.97707442034567,G/S,Abuse,37,1
2023-03-29 04:00:00,4,2,3,19.012417964514697,72.81306884782765,B,Begging,79,5
2023-08-05 03:02:00,3,5,8,19.12034154433257,72.90495435744643,C,Child Labour,82,2
2023-03-28 22:21:00,22,1,3,18.968853054996224,72.91882673363637,R/S,Child Labour,59,3
2023-02-09 18:41:00,18,3,2,18.96116175152891,72.9329183524609,N,Lost Child,56,4
2023-03-28 09:53:00,9,1,3,19.01527070572947,72.87511106007962,A,Lost Child,49,5
2023-12-09 17:31:00,17,5,12,19.2108757329003,72.99713910915888,N,Begging,44,5
2023-08-14 02:46:00,2,0,8,18.90774520060362,72.91306169398425,F/N,Begging,55,5
2023-05-04 23:12:00,23,3,5,18.901230585453344,72.89866220177915,H/E,Child Labour,48,3
2023-09-09 01:30:00,1,5,9,18.900939900288996,72.99423143611243,K/E,Abuse,62,2
2023-10-16 13:51:00,13,0,10,19.055944360923647,72.89869987204088,G/S,Trafficking,47,1
2023-12-20 18:48:00,18,2,12,19.099592702029703,72.94285604000635,B,Abuse,89,1
2023-09-13 03:30:00,3,2,9,19.105789057194567,72.95944266278104,C,Child Labour,81,2
2023-04-12 12:07:00,12,2,4,19.006178350627664,72.8875154432064,R/C,Abuse,96,2
2023-04-13 04:50:00,4,3,4,19.072183162816515,72.95305961490443,B,Begging,62,4
2023-10-14 06:11:00,6,5,10,19.24778661711594,72.83687829408056,H/E,Child Labour,72,2
2023-01-15 22:24:00,22,6,1,19.00412742503758,72.94633930494686,R/N,Lost Child,50,4
2023-04-08 10:19:00,10,5,4,19.13316211527861,72.80534582768368,K/E,Runaway,72,5
2023-03-07 04:11:00,4,1,3,18.973881279124672,72.9865584748927,G/S,Begging,73,5
2023-04-05 04:37:00,4,2,4,19.13569207422992,72.83133356075841,P/S,Abuse,66,2
2023-06-15 13:07:00,13,3,6,19.21174775561623,72.91097921486427,F/S,Trafficking,92,1
2023-02-02 13:57:00,13,3,2,19.272492113350875,72.80500154323393,K/W,Runaway,46,5
2023-10-20 11:23:00,11,4,10,19.160142277464136,72.88014720438558,R/S,Child Labour,54,4
2023-06-12 04:09:00,4,0,6,19.21821838205703,72.8122264106872,N,Child Labour,47,3
2023-12-29 04:53:00,4,4,12,19.23305003102542,72.905913278211,G/S,Child Labour,87,2
2023-02-01 15:13:00,15,2,2,19.199993437041012,72.99783312158473,D,Lost Child,77,3
2023-09-01 12:47:00,12,4,9,19.061799233210017,72.98075130099448,T,Begging,96,4
2023-08-28 06:47:00,6,0,8,19.233587095134997,72.94840417121326,K/E,Runaway,59,3
2023-01-06 22:16:00,22,4,1,19.16978072936671,72.96733245359816,P/N,Runaway,85,5
2023-04-25 20:43:00,20,1,4,18.93749172595378,72.93268611783759,F/N,Child Labour,80,4
2023-12-15 02:38:00,2,4,12,19.050003664284386,72.86214775471414,L,Trafficking,59,1
2023-01-10 02:15:00,2,1,1,18.946504715444597,72.89553127892981,M/W,Lost Child,31,5
2023-04-14 22:28:00,22,4,4,19.105412082383705,72.84578431532303,H/E,Trafficking,39,2
2023-10-31 00:35:00,0,1,10,19.047928809622395,72.84062353223679,B,Runaway,45,5
2023-06-21 07:57:00,7,2,6,19.004990245234875,72.84708190654976,L,Abuse,82,2
2023-07-29 00:40:00,0,5,7,19.246240048803312,72.8221943345219,K/E,Abuse,73,2
2023-12-28 13:59:00,13,3,12,19.042700612102227,72.9287779710915,E,Begging,34,5
2023-02-17 21:48:00,21,4,2,19.065120319229205,72.90372997285947,A,Trafficking,48,2
2023-10-18 14:40:00,14,2,10,19.154165470154847,72.9541716768445,P/S,Trafficking,41,2
2023-08-08 16:07:00,16,1,8,18.90231431232114,72.89623667529979,E,Runaway,38,3
2023-09-29 00:32:00,0,4,9,19.2944721724497,72.84424710680561,P/S,Trafficking,74,1
2023-11-29 09:54:00,9,2,11,19.21537660026303,72.86116019669012,D,Begging,61,5
2023-04-27 01:00:00,1,3,4,18.99404790031848,72.86354453706953,F/S,Child Labour,61,2
2023-12-03 02:05:00,2,6,12,19.07520310855737,72.82425563407944,P/S,Lost Child,57,5
2023-07-07 23:39:00,23,4,7,19.234440930356783,72.97343101170645,M/W,Child Labour,88,2
2023-01-03 18:13:00,18,1,1,19.041695363281494,72.83983684034638,A,Trafficking,94,1
2023-10-17 19:27:00,19,1,10,19.021683462978835,72.8409654975333,H/W,Lost Child,85,5
2023-10-13 08:56:00,8,4,10,19.287375524194424,72.98535513480287,F/S,Child Labour,35,2
2023-07-02 22:29:00,22,6,7,19.17622821285013,72.87640209417103,G/S,Child Labour,53,2
2023-01-10 04:29:00,4,1,1,19.254173087108917,72.94630304797984,S,Trafficking,70,1
2023-04-17 06:33:00,6,0,4,19.29351454687934,72.91766642333042,T,Child Labour,72,4
2023-09-17 00:35:00,0,6,9,19.271984159723193,72.98398722214539,E,Runaway,31,3
2023-04-26 06:30:00,6,2,4,18.940003724114632,72.92551316793411,A,Runaway,30,3
2023-12-06 08:04:00,8,2,12,18.94716154361598,72.8373719426737,K/W,Trafficking,63,1
2023-12-27 07:52:00,7,2,12,18.9431389797638,72.95257503351151,R/C,Runaway,98,5
2023-02-10 09:00:00,9,4,2,18.95647946895489,72.81545672323061,R/S,Abuse,65,1
2023-05-23 01:13:00,1,1,5,19.13138066003902,72.82924733266402,P/S,Trafficking,87,2
2023-05-21 16:56:00,16,6,5,19.194234233026986,72.82063117349823,F/S,Lost Child,55,2
2023-09-04 09:26:00,9,0,9,18.992091850111862,72.85385122312003,R/C,Begging,82,5
2023-02-01 17:21:00,17,2,2,18.9052385542535,72.9122164883082,M/W,Child Labour,95,5
2023-11-01 02:50:00,2,2,11,19.111585344569338,72.94806450759053,C,Abuse,51,2
2023-12-12 16:12:00,16,1,12,19.278493334523148,72.94294067342494,E,Child Labour,32,2
2023-03-05 22:55:00,22,6,3,19.152780852471178,72.86943342988128,A,Runaway,62,5
2023-08-22 18:00:00,18,1,8,18.92077233904474,72.89791942422545,M/W,Trafficking,70,2
2023-04-09 09:33:00,9,6,4,19.26011506458348,72.85715967398012,T,Child Labour,44,4
2023-01-29 01:45:00,1,6,1,19.12164223867112,72.97804808267212,N,Lost Child,79,4
2023-06-22 01:16:00,1,3,6,19.126271319306767,72.82840684352622,S,Lost Child,86,5
2023-08-14 10:29:00,10,0,8,19.285250821455666,72.92061591136097,G/N,Trafficking,50,1
2023-08-07 19:58:00,19,0,8,19.273844270755244,72.88996328370338,R/S,Trafficking,67,1
2023-11-14 00:50:00,0,1,11,19.22271169407517,72.95368536014422,A,Lost Child,67,5
2023-06-08 13:58:00,13,3,6,19.24378544543922,72.90386523809744,H/E,Abuse,59,2
2023-10-11 19:22:00,19,2,10,19.07315201606111,72.94347498206744,F/N,Begging,79,5
2023-01-09 09:29:00,9,0,1,19.02546622411374,72.80908093274682,P/N,Runaway,71,2
2023-03-22 20:25:00,20,2,3,19.03739895620372,72.97872892523792,R/S,Lost Child,63,5
2023-11-26 21:58:00,21,6,11,19.001568965285283,72.87515198004472,K/W,Lost Child,98,3
2023-06-16 04:07:00,4,4,6,19.197028664271745,72.95229256285816,R/C,Lost Child,92,1
2023-07-28 13:33:00,13,4,7,19.152761734743073,72.90034934701363,D,Begging,96,5
2023-03-25 18:54:00,18,5,3,19.070623053571936,72.89713877505434,H/W,Runaway,83,4
2023-02-18 13:37:00,13,5,2,19.111814382109884,72.92552832618932,S,Abuse,98,2
2023-02-27 18:02:00,18,0,2,19.1015974895824,72.87096626427862,R/C,Child Labour,37,4
2023-04-19 00:59:00,0,2,4,19.07951152879908,72.9855930029945,R/S,Begging,59,4
2023-10-30 16:17:00,16,0,10,19.29742469844817,72.87423168288086,F/N,Trafficking,90,2
2023-09-07 23:24:00,23,3,9,19.003455441438685,72.95352491349252,N,Runaway,63,5
2023-03-13 01:12:00,1,0,3,19.215106545695157,72.82751177909702,F/N,Lost Child,30,4
2023-03-06 22:00:00,22,0,3,18.98834021796792,72.84411043389004,L,Lost Child,82,3
2023-11-27 12:23:00,12,0,11,19.023985392347225,72.88122011489583,K/W,Begging,75,5
2023-01-13 18:10:00,18,4,1,18.90607832588656,72.88678572063507,R/N,Child Labour,69,2
2023-09-13 21:30:00,21,2,9,19.205290126192462,72.8065629557199,D,Child Labour,39,2
2023-11-13 06:45:00,6,0,11,19.190383236596283,72.95599827516608,H/E,Begging,68,4
2023-04-02 21:15:00,21,6,4,19.23727340194644,72.8939218175731,P/N,Runaway,41,4
2023-08-08 20:41:00,20,1,8,19.089554560197058,72.9614132656088,L,Trafficking,69,2
2023-09-12 01:24:00,1,1,9,18.97669018662002,72.84578966159671,B,Child Labour,75,3
2023-02-09 03:20:00,3,3,2,19.08163228316731,72.81343527366002,G/N,Trafficking,34,2
2023-01-18 12:25:00,12,2,1,18.945607044273576,72.80413931517509,E,Trafficking,66,2
2023-06-05 19:42:00,19,0,6,19.062191213043405,72.85412319563333,N,Begging,49,3
2023-12-06 16:17:00,16,2,12,19.28765639415372,72.89691798057238,G/N,Runaway,35,2
2023-10-27 20:09:00,20,4,10,19.29541143363112,72.83881087434978,P/S,Trafficking,31,1
2023-06-27 06:50:00,6,1,6,19.196957704215592,72.97741907664822,R/N,Child Labour,39,5
2023-03-27 17:44:00,17,0,3,19.29209459225847,72.84841938534585,N,Runaway,55,4
2023-10-01 15:15:00,15,6,10,18.981232293489075,72.89111867170746,G/N,Abuse,67,1
2023-12-17 14:43:00,14,6,12,19.291631568899977,72.9454259439761,G/S,Abuse,76,2
2023-01-01 07:57:00,7,6,1,19.095628068686885,72.95102893181118,P/S,Child Labour,88,4
2023-06-28 10:32:00,10,2,6,19.261925478669625,72.99380130015562,F/S,Abuse,96,2
2023-11-19 13:00:00,13,6,11,19.0240865526491,72.81506496443905,K/W,Trafficking,44,2
2023-01-29 00:34:00,0,6,1,18.994961820163788,72.94678188055892,K/E,Trafficking,81,2
2023-01-26 18:12:00,18,3,1,19.170333562772598,72.9974100083005,M/W,Trafficking,70,1
2023-07-04 01:32:00,1,1,7,18.97719157125237,72.95145927210109,C,Trafficking,46,1
2023-11-30 09:21:00,9,3,11,19.067712165750912,72.92394099190929,K/E,Lost Child,70,4
2023-03-15 04:42:00,4,2,3,19.107823468665842,72.86772604247687,S,Begging,80,3
2023-08-16 12:00:00,12,2,8,19.148827491375357,72.90796218314497,P/N,Runaway,50,4
2023-05-29 11:45:00,11,0,5,18.975911504405136,72.96811346552492,S,Begging,71,4
2023-12-02 00:35:00,0,5,12,18.94895844000652,72.9275491836166,S,Trafficking,63,2
2023-09-25 12:40:00,12,0,9,19.055244608245683,72.882500439948,E,Abuse,73,2
2023-11-01 17:45:00,17,2,11,19.21840977045843,72.99753630702511,A,Child Labour,97,3
2023-12-28 10:55:00,10,3,12,19.083961439784122,72.96461425421016,F/N,Trafficking,53,2
2023-01-17 01:30:00,1,1,1,19.000283392300947,72.9182023719449,P/N,Abuse,39,1
2023-07-31 11:14:00,11,0,7,19.253582155988468,72.81479121813562,S,Runaway,61,3
2023-02-17 23:44:00,23,4,2,18.91454526888366,72.88615182637476,E,Trafficking,68,1
2023-02-24 16:49:00,16,4,2,18.92966092653334,72.9009455835413,S,Abuse,46,1
2023-12-23 03:14:00,3,5,12,18.91345460560675,72.99171578042701,N,Abuse,41,2
2023-05-13 17:52:00,17,5,5,19.04296643238884,72.93955156311014,G/S,Abuse,65,2
2023-06-19 14:20:00,14,0,6,19.253284078074923,72.81857402915482,E,Abuse,75,1
2023-07-22 03:20:00,3,5,7,18.9090210080828,72.96449691906865,S,Trafficking,89,1
2023-03-26 17:11:00,17,6,3,19.231075155807698,72.88198831488167,M/W,Trafficking,31,1
2023-11-20 09:40:00,9,0,11,19.291872979811906,72.96339356005583,L,Trafficking,47,5
2023-11-04 09:42:00,9,5,11,19.28210912555281,72.96015254857127,H/E,Begging,79,5
2023-09-12 05:33:00,5,1,9,19.090743347567347,72.99707150184442,F/S,Trafficking,35,1
2023-02-10 01:31:00,1,4,2,19.04945406816811,72.98902599796794,A,Begging,32,5
2023-06-22 13:50:00,13,3,6,19.1137712278797,72.81395130744886,A,Begging,36,2
2023-08-19 04:35:00,4,5,8,19.04669742995765,72.8972921552487,K/E,Trafficking,94,1
2023-01-06 11:54:00,11,4,1,18.993318350958944,72.90415355485877,F/S,Begging,65,4
2023-05-09 23:25:00,23,1,5,19.272541210712774,72.80886817605271,F/N,Begging,35,4
2023-07-19 20:33:00,20,2,7,19.131257879089272,72.807371304841,L,Lost Child,44,5
2023-08-27 00:08:00,0,6,8,18.956956147088828,72.97988010186873,H/E,Trafficking,88,2
2023-02-14 22:00:00,22,1,2,19.227980365609994,72.98601230410071,N,Begging,57,3
2023-12-08 20:13:00,20,4,12,19.022860728478836,72.93136232648587,M/E,Trafficking,68,2
2023-12-26 11:10:00,11,1,12,19.17173368165642,72.92279145110585,A,Trafficking,45,2
2023-01-23 06:58:00,6,0,1,18.96669044998998,72.94168456580302,S,Begging,56,3
2023-06-03 14:09:00,14,5,6,19.15795109504876,72.99956161622794,H/E,Runaway,80,5
2023-05-28 02:48:00,2,6,5,18.991212831323733,72.9361042150938,F/N,Lost Child,35,4
2023-06-28 13:29:00,13,2,6,19.266512805249114,72.90518042589025,C,Lost Child,77,4
2023-05-23 01:59:00,1,1,5,19.077788660104012,72.90943046709894,L,Lost Child,47,3
2023-08-01 16:39:00,16,1,8,18.984134865418934,72.9119369552124,S,Begging,91,3
2023-12-11 04:43:00,4,0,12,19.25520764364469,72.936447027461,B,Begging,32,4
2023-08-17 10:42:00,10,3,8,18.950116966965105,72.97995103524327,C,Lost Child,53,5
2023-06-03 04:53:00,4,5,6,18.90328966750191,72.83884298939908,G/N,Runaway,42,4
2023-01-12 22:31:00,22,3,1,19.283458077470286,72.86917204072665,F/S,Abuse,55,2
2023-10-03 01:12:00,1,1,10,19.26604007942034,72.9636116173652,L,Begging,46,3
2023-03-01 02:33:00,2,2,3,19.181148483139182,72.8078454696609,R/S,Begging,49,4
2023-06-24 19:36:00,19,5,6,19.168931017314247,72.83986145086429,C,Begging,93,3
2023-03-16 15:56:00,15,3,3,18.924758162180126,72.82456021162662,K/E,Lost Child,54,3
2023-01-27 03:07:00,3,4,1,19.211680623112873,72.85322246226738,R/N,Runaway,57,5
2023-01-27 16:40:00,16,4,1,19.034508430014988,72.99261873034662,M/W,Child Labour,89,2
2023-11-09 09:43:00,9,3,11,19.084772368759005,72.89901898964148,G/S,Runaway,63,4
2023-12-09 20:51:00,20,5,12,19.1992916806357,72.89620098815757,S,Begging,71,5
2023-11-20 17:08:00,17,0,11,19.051047776809572,72.81200378582831,F/N,Runaway,97,3
2023-07-18 01:16:00,1,1,7,18.925327901992596,72.94800879572193,A,Begging,43,3
2023-12-11 23:33:00,23,0,12,19.005580888504525,72.89297505581105,F/N,Trafficking,79,1
2023-06-06 19:08:00,19,1,6,18.98744013207817,72.83205501501017,H/E,Child Labour,71,1
2023-06-12 19:22:00,19,0,6,19.26180066075166,72.92819132910522,H/E,Abuse,90,1
2023-02-11 06:53:00,6,5,2,19.13290144798107,72.99483928333673,F/N,Abuse,60,2
2023-10-13 04:28:00,4,4,10,19.19756461343741,72.90544330705265,C,Trafficking,62,1
2023-07-18 03:57:00,3,1,7,18.96755821203752,72.9493984865125,G/N,Abuse,56,1
2023-05-16 19:51:00,19,1,5,18.981441136442765,72.83730370789662,E,Runaway,53,1
2023-08-01 15:52:00,15,1,8,18.9715597046049,72.89812762148442,R/C,Trafficking,77,4
2023-02-23 18:43:00,18,3,2,19.144539982355262,72.94766981562188,F/N,Begging,48,1
2023-09-15 10:36:00,10,4,9,19.269032590947713,72.92173955093232,H/W,Runaway,95,5
2023-09-24 18:44:00,18,6,9,19.294875026647176,72.85888463237326,H/E,Begging,70,4
2023-03-14 00:06:00,0,1,3,19.238375968188997,72.84918610809619,R/S,Abuse,85,2
2023-08-13 01:37:00,1,6,8,18.957487630910816,72.91100338529603,G/N,Abuse,45,5
2023-06-02 00:03:00,0,4,6,18.941570948134185,72.89934867795398,N,Abuse,36,1
2023-10-28 08:14:00,8,5,10,18.931013297754173,72.80067409382148,P/S,Trafficking,77,1
2023-03-11 12:42:00,12,5,3,19.178621370980252,72.88794976566734,R/C,Runaway,45,4
2023-07-13 02:31:00,2,3,7,19.22444708331644,72.8673376531198,F/N,Child Labour,90,2
2023-02-18 21:13:00,21,5,2,18.962635687486205,72.98370313145062,D,Abuse,62,1
2023-12-09 18:40:00,18,5,12,19.25064428162531,72.82216597954954,S,Runaway,44,5
2023-11-25 13:04:00,13,5,11,18.958400470889163,72.95652221633999,G/N,Begging,69,5
2023-08-24 14:13:00,14,3,8,19.041368903395057,72.9831702487767,N,Lost Child,48,5
2023-07-11 01:12:00,1,1,7,18.95940705553675,72.95002951049354,D,Lost Child,34,5
2023-05-28 01:31:00,1,6,5,19.2605852318813,72.92531856411023,F/N,Begging,81,3
2023-10-04 07:36:00,7,2,10,19.11892107996337,72.8317600373623,C,Child Labour,66,2
2023-10-04 00:28:00,0,2,10,19.273080297745956,72.80637571105382,M/W,Lost Child,68,4
2023-04-22 17:42:00,17,5,4,18.93346414483959,72.80041699226541,H/E,Abuse,34,2
2023-11-19 17:16:00,17,6,11,19.074855968486084,72.95002342745663,B,Lost Child,59,5
2023-01-14 16:43:00,16,5,1,19.114612346828018,72.83402739322318,K/E,Runaway,59,3
2023-03-12 17:06:00,17,6,3,19.273420047574486,72.99013280315195,P/N,Trafficking,63,2
2023-01-20 21:05:00,21,4,1,19.127745420676447,72.817055383226,D,Begging,47,4
2023-02-19 10:18:00,10,6,2,19.239701942741384,72.94844285730301,K/E,Child Labour,61,2
2023-07-19 12:43:00,12,2,7,18.95678336615695,72.93653274402318,P/N,Child Labour,59,3
2023-10-01 23:39:00,23,6,10,18.981479491904416,72.99114475910417,P/N,Begging,31,5
2023-02-17 23:34:00,23,4,2,18.948495563388736,72.8439449820736,G/N,Abuse,63,2
2023-08-21 03:05:00,3,0,8,19.064468388026675,72.93160802280045,L,Lost Child,89,5
2023-05-01 09:53:00,9,0,5,19.237478198557067,72.81282928902236,A,Lost Child,93,5
2023-05-08 03:10:00,3,0,5,18.909922549800882,72.97007372137865,R/N,Trafficking,60,2
2023-08-25 13:44:00,13,4,8,19.293895989558266,72.81403572281378,F/N,Lost Child,85,4
2023-10-13 13:51:00,13,4,10,18.934151204226684,72.93539198657776,R/C,Child Labour,35,3
2023-01-04 17:34:00,17,2,1,19.03841705779274,72.83933831678603,C,Begging,60,4
2023-09-11 08:27:00,8,0,9,18.91065553428992,72.94997049183858,T,Begging,64,4
2023-07-17 09:56:00,9,0,7,19.29195818537255,72.96354073995319,R/N,Abuse,74,2
2023-09-24 14:37:00,14,6,9,19.15127430878734,72.9172810536352,M/W,Abuse,99,1
2023-11-01 11:26:00,11,2,11,18.902740002646237,72.89632483176271,T,Child Labour,49,3
2023-03-12 13:39:00,13,6,3,19.066610636898197,72.98393263588075,R/C,Lost Child,39,4
2023-07-21 23:24:00,23,4,7,18.952010386037056,72.84447350125018,P/N,Child Labour,88,3
2023-06-24 22:59:00,22,5,6,18.96159549990531,72.86596969934075,F/S,Runaway,77,4
2023-06-28 09:59:00,9,2,6,18.907278536157314,72.98419273415514,C,Begging,85,3
2023-06-08 19:13:00,19,3,6,19.23599065269306,72.91504870338063,K/W,Begging,77,4
2023-09-29 05:41:00,5,4,9,19.065808962683327,72.99464396794528,G/N,Begging,89,3
2023-11-11 05:14:00,5,5,11,19.031024612161975,72.92630745484071,P/S,Lost Child,52,4
2023-02-21 16:18:00,16,1,2,18.90894279964859,72.89769613412165,C,Abuse,71,2
2023-07-10 07:43:00,7,0,7,19.01265267760894,72.9978507930035,H/W,Runaway,79,5
2023-12-13 22:56:00,22,2,12,19.046021024771616,72.83867514978724,C,Begging,65,4
2023-04-12 10:36:00,10,2,4,19.25075000918403,72.91730233302087,C,Abuse,93,2
2023-09-10 00:52:00,0,6,9,19.18106221506368,72.99746552378902,R/N,Runaway,54,5
2023-12-16 12:42:00,12,5,12,19.11987978047442,72.97182495709548,H/W,Trafficking,51,2
2023-06-13 23:25:00,23,1,6,19.126353495869747,72.99698260673202,R/S,Runaway,40,3
2023-12-25 20:05:00,20,0,12,19.234678963705683,72.84200940602666,D,Trafficking,88,2
2023-05-18 03:17:00,3,3,5,19.12745575275491,72.92637605865937,G/S,Trafficking,37,2
2023-11-05 06:31:00,6,6,11,19.06874114729604,72.909636795982,P/N,Child Labour,51,3
2023-08-04 05:41:00,5,4,8,18.90941223734883,72.80614067465079,H/E,Abuse,86,2
2023-10-28 10:50:00,10,5,10,19.129300380147516,72.81644144882802,S,Runaway,85,5
2023-12-02 06:18:00,6,5,12,19.083747511394204,72.82884228075827,F/S,Runaway,84,4
2023-04-29 01:39:00,1,5,4,18.94864680735131,72.96112548314014,R/C,Trafficking,43,1
2023-08-06 16:26:00,16,6,8,19.26825440268274,72.95080632121801,S,Child Labour,38,5
2023-06-10 07:35:00,7,5,6,18.996622426752182,72.96254240187004,R/C,Lost Child,90,5
2023-07-20 11:40:00,11,3,7,19.184886536911534,72.83109352555155,B,Begging,55,5
2023-04-17 01:02:00,1,0,4,19.079780277610304,72.93656417228968,M/W,Trafficking,98,2
2023-08-06 09:42:00,9,6,8,19.28509568392839,72.82426982339403,F/N,Abuse,57,2
2023-09-29 09:35:00,9,4,9,18.957069127084818,72.97820026719218,R/N,Lost Child,47,4
2023-09-14 12:49:00,12,3,9,19.005385181408286,72.80971263741748,C,Lost Child,94,5
2023-01-04 18:30:00,18,2,1,18.97865349077572,72.8026576647103,M/W,Abuse,43,1
2023-01-11 09:14:00,9,2,1,19.04009953447708,72.8378850782286,H/W,Trafficking,38,3
2023-07-22 08:01:00,8,5,7,19.00626612465089,72.90167347631075,M/E,Trafficking,40,2
2023-06-08 09:59:00,9,3,6,19.085692696921484,72.83962252001731,S,Runaway,92,5
2023-06-29 17:45:00,17,3,6,19.18201242324415,72.93242975904143,L,Abuse,54,1
2023-04-15 10:46:00,10,5,4,19.292215419555777,72.95562259297466,R/S,Child Labour,76,2
2023-01-24 20:30:00,20,1,1,19.12305149937226,72.8622881440018,G/N,Runaway,88,4
2023-08-02 04:01:00,4,2,8,19.022566574826403,72.89745620533178,C,Child Labour,46,3
2023-02-27 21:53:00,21,0,2,19.08960553895001,72.93173599121778,D,Child Labour,56,2
2023-10-31 06:14:00,6,1,10,19.11277544689557,72.92200657225868,C,Lost Child,94,4
2023-03-20 12:14:00,12,0,3,18.927792864033275,72.87273420792913,K/E,Begging,49,3
2023-11-07 10:45:00,10,1,11,19.188539627733867,72.99704379860297,R/N,Abuse,34,2
2023-11-21 11:15:00,11,1,11,19.126918841284674,72.83345290773599,A,Trafficking,60,1
2023-01-06 03:18:00,3,4,1,19.21577348131761,72.8284572181306,F/N,Runaway,38,5
2023-03-03 21:30:00,21,4,3,19.025745854110106,72.91382599753962,F/N,Abuse,55,1
2023-04-07 02:25:00,2,4,4,19.21079928357484,72.83841896274303,G/S,Runaway,49,5
2023-06-01 05:01:00,5,3,6,19.122751230480027,72.82001055478875,K/W,Lost Child,45,5
2023-06-25 18:26:00,18,6,6,19.294950804281758,72.84903622898354,D,Runaway,60,4
2023-06-11 06:29:00,6,6,6,19.082835990481712,72.98746236829848,T,Runaway,69,3
2023-07-04 00:24:00,0,1,7,19.281565697646165,72.98920828508868,T,Abuse,73,2
2023-07-09 18:35:00,18,6,7,19.284409612037585,72.9100585132542,R/C,Abuse,92,1
2023-09-03 08:34:00,8,6,9,19.227663954177245,72.88073298339717,P/N,Abuse,43,4
2023-03-27 16:15:00,16,0,3,19.296344704029607,72.84669557023635,K/E,Runaway,54,1
2023-05-01 01:05:00,1,0,5,19.173716536258553,72.92122194168196,R/N,Trafficking,56,5
2023-01-05 13:23:00,13,3,1,19.028281223198082,72.90503436321094,H/E,Begging,31,5
2023-10-22 01:38:00,1,6,10,18.980443664364444,72.98628583621624,K/W,Lost Child,63,3
2023-04-05 16:42:00,16,2,4,19.273020196238647,72.83363608663299,D,Runaway,33,3
2023-04-08 00:53:00,0,5,4,19.288555359628404,72.90696106839059,R/C,Lost Child,63,4
2023-10-10 17:52:00,17,1,10,19.205596411304416,72.97712752834079,R/S,Lost Child,76,5
2023-05-15 22:56:00,22,0,5,19.063206457917477,72.82828560489997,K/W,Begging,92,5
2023-08-24 06:45:00,6,3,8,19.20985134401598,72.91010497791129,P/N,Lost Child,89,5
2023-09-03 04:56:00,4,6,9,19.01077598267958,72.94993751897528,L,Runaway,72,3
2023-10-29 17:36:00,17,6,10,19.016858659160054,72.97256162658837,K/W,Child Labour,52,4
2023-12-04 13:19:00,13,0,12,19.067908340992094,72.89016747901329,L,Runaway,74,3
2023-03-21 11:31:00,11,1,3,19.224747132009743,72.89161239757937,P/N,Trafficking,52,1
2023-05-17 03:40:00,3,2,5,19.257582964968567,72.88510597234963,K/E,Child Labour,30,2
2023-08-23 20:15:00,20,2,8,19.27795898031793,72.97858359554843,M/E,Trafficking,92,1
2023-08-10 22:48:00,22,3,8,19.23309546787731,72.87852755628936,G/S,Abuse,82,2
2023-07-02 21:35:00,21,6,7,19.141682658732265,72.94586754824736,F/N,Abuse,59,1
2023-11-18 00:54:00,0,5,11,18.946138891222507,72.80434160520616,F/N,Child Labour,76,2
2023-01-10 01:19:00,1,1,1,19.004417939972612,72.97586729312806,L,Child Labour,79,2
2023-07-02 22:27:00,22,6,7,19.10725233676356,72.90539951169524,H/W,Runaway,44,5
2023-11-15 02:27:00,2,2,11,19.140326546816958,72.86945888755625,E,Lost Child,45,5
2023-09-03 23:29:00,23,6,9,19.08961471630495,72.94073295090664,K/E,Child Labour,55,2
2023-11-10 15:54:00,15,4,11,18.967515983347504,72.81367073862708,A,Lost Child,88,4
2023-07-25 20:33:00,20,1,7,19.20743398063407,72.92531677025242,K/W,Child Labour,81,4
2023-12-09 15:23:00,15,5,12,19.077662442710352,72.99877345217506,D,Trafficking,79,1
2023-10-08 13:57:00,13,6,10,19.20798415921092,72.82701281057447,P/N,Begging,58,1
2023-07-14 23:52:00,23,4,7,18.967623382988943,72.98233280027662,T,Abuse,94,2
2023-03-29 18:06:00,18,2,3,19.037573359729105,72.8118965407253,N,Abuse,60,5
2023-07-31 20:06:00,20,0,7,19.241774735263824,72.8740675236699,K/E,Runaway,92,3
2023-07-12 11:07:00,11,2,7,18.970624181437255,72.89221219171826,H/E,Trafficking,45,2
2023-11-23 18:33:00,18,3,11,19.056036162083487,72.8048442691062,R/C,Lost Child,90,5
2023-09-25 09:19:00,9,0,9,19.036950213300027,72.9286309988303,R/N,Trafficking,34,3
2023-12-28 23:14:00,23,3,12,19.241875165473427,72.81685193942289,A,Trafficking,95,2
2023-06-03 17:34:00,17,5,6,19.284675207117015,72.94049888091241,G/S,Abuse,34,1
2023-08-07 23:31:00,23,0,8,19.00313116247021,72.81342254384079,F/S,Begging,63,5
2023-02-09 09:23:00,9,3,2,19.035359103577264,72.82833258928213,N,Lost Child,63,3
2023-10-17 04:52:00,4,1,10,18.979731284527016,72.83854235915426,A,Begging,82,4
2023-12-10 20:38:00,20,6,12,18.920353546041053,72.95531057422723,B,Runaway,31,2
2023-06-15 06:49:00,6,3,6,18.954255915059797,72.86288543824043,G/S,Runaway,51,3
2023-12-14 00:00:00,0,3,12,19.002684501312558,72.86750014104206,B,Lost Child,72,3
2023-05-02 21:00:00,21,1,5,19.258432143441258,72.86192393648955,C,Lost Child,89,4
2023-08-27 00:26:00,0,6,8,18.905740887038387,72.96672149044109,G/S,Trafficking,62,1
2023-07-07 13:22:00,13,4,7,18.985109866770358,72.81791438985651,D,Runaway,86,3
2023-03-08 18:02:00,18,2,3,19.293209581639953,72.99004843512141,H/W,Lost Child,74,4
2023-05-11 20:29:00,20,3,5,19.04058874391723,72.83559617387773,H/E,Abuse,33,1
2023-06-06 18:02:00,18,1,6,18.964605138332715,72.92222875593727,H/E,Lost Child,93,5
2023-09-03 23:44:00,23,6,9,19.217336878787062,72.98389273828683,T,Child Labour,89,2
2023-05-03 16:55:00,16,2,5,19.112126461119328,72.81911202606517,M/W,Abuse,54,1
2023-05-27 09:51:00,9,5,5,19.089218019957855,72.88599330201288,S,Trafficking,62,2
2023-02-09 19:01:00,19,3,2,19.097990094271434,72.88633890577533,B,Runaway,71,4
2023-12-01 10:25:00,10,4,12,19.015209894126347,72.84827450466452,H/W,Child Labour,85,4
2023-10-11 23:39:00,23,2,10,19.279122854926232,72.92329139928577,M/E,Runaway,67,4
2023-03-31 10:28:00,10,4,3,19.164794667061372,72.86756523485074,B,Abuse,90,2
2023-07-30 19:14:00,19,6,7,18.995568989032783,72.88353461597526,T,Child Labour,48,2
2023-01-30 05:28:00,5,0,1,19.067863371588555,72.91318931511566,F/S,Abuse,86,1
2023-09-06 11:39:00,11,2,9,19.009598906047064,72.86944119225014,L,Begging,42,5
2023-06-26 02:20:00,2,0,6,19.28036006071712,72.94996009188466,E,Child Labour,88,1
2023-05-26 11:44:00,11,4,5,19.067512128598555,72.96291824350212,R/S,Lost Child,61,5
2023-07-30 14:10:00,14,6,7,19.117662876916576,72.92610537157546,G/N,Runaway,50,4
2023-06-10 19:47:00,19,5,6,18.95309077499475,72.93771931494696,T,Abuse,52,1
2023-11-04 21:17:00,21,5,11,19.03075648399424,72.97091505488618,A,Lost Child,54,3
2023-04-21 11:28:00,11,4,4,19.018842629618863,72.88800591949379,K/W,Begging,39,5
2023-05-08 05:24:00,5,0,5,19.004205843928382,72.83625348499281,H/E,Abuse,77,3
2023-09-08 05:47:00,5,4,9,19.103482689194337,72.96987182406879,B,Child Labour,58,4
2023-03-15 08:19:00,8,2,3,18.95633124307899,72.82006194138631,H/E,Begging,61,5
2023-08-06 17:38:00,17,6,8,18.91602496048645,72.85716292105165,P/S,Begging,77,5
2023-08-02 23:28:00,23,2,8,19.19467111144882,72.95471189427452,T,Begging,70,3
2023-04-20 10:10:00,10,3,4,19.13088158201055,72.8875098628409,F/N,Abuse,32,1
2023-03-18 02:30:00,2,5,3,18.924259856780882,72.98956821850587,M/W,Lost Child,40,5
2023-04-03 07:12:00,7,0,4,19.148065813686706,72.86581501907105,M/E,Begging,98,5
2023-02-15 01:45:00,1,2,2,19.030619361974292,72.95490392188248,F/S,Trafficking,62,2
2023-12-11 09:43:00,9,0,12,19.031456323249813,72.80897236990107,K/E,Trafficking,38,2
2023-11-27 13:02:00,13,0,11,19.000559400558565,72.8689108012969,G/N,Abuse,90,2
2023-11-25 06:31:00,6,5,11,19.096088743397786,72.92570630624647,R/S,Lost Child,42,3
2023-06-12 05:58:00,5,0,6,19.216415370356632,72.92962414089077,L,Runaway,47,5
2023-06-18 11:51:00,11,6,6,19.07383961399907,72.84182989349969,K/E,Abuse,44,1
2023-07-21 14:27:00,14,4,7,19.165545000956797,72.99118066845547,K/E,Trafficking,59,2
2023-03-24 21:24:00,21,4,3,18.949984693732123,72.97891995229553,G/N,Runaway,97,5
2023-03-02 02:03:00,2,3,3,18.975453882425093,72.85803803708068,E,Abuse,86,2
2023-07-06 18:04:00,18,3,7,19.007111094486323,72.94833585250757,F/N,Lost Child,77,4
2023-12-31 11:33:00,11,6,12,19.24319217450345,72.90298180380093,E,Child Labour,74,2
2023-09-03 02:15:00,2,6,9,19.1872807713979,72.8974205781469,P/S,Abuse,43,2
2023-05-16 05:18:00,5,1,5,19.159817942019327,72.82132614156097,G/S,Abuse,72,1
2023-04-13 07:59:00,7,3,4,19.240771234122878,72.83048246080352,P/N,Child Labour,94,3
2023-12-16 22:39:00,22,5,12,18.946724951402103,72.81702970289676,K/W,Abuse,80,2
2023-10-27 10:11:00,10,4,10,19.289700106247107,72.89343920184399,N,Trafficking,40,5
2023-08-03 09:46:00,9,3,8,18.907680808437156,72.94839335965102,R/N,Child Labour,85,2
2023-10-10 16:09:00,16,1,10,19.266747182325062,72.9859035517097,K/W,Lost Child,99,5
2023-04-29 02:26:00,2,5,4,19.16627411510459,72.96293576831984,B,Abuse,57,2
2023-04-08 09:02:00,9,5,4,19.26646283202586,72.96144790102602,S,Trafficking,79,1
2024-01-01 21:55:00,21,0,1,19.204433848116775,72.92937195927396,A,Lost Child,48,3
2023-01-05 23:20:00,23,3,1,19.199457762949528,72.905070937072,C,Lost Child,71,4
2023-09-06 20:05:00,20,2,9,19.133170200963555,72.95945563686007,K/W,Trafficking,92,2
2023-12-04 03:57:00,3,0,12,19.170974986186504,72.96441653514778,A,Runaway,33,4
2023-06-18 22:59:00,22,6,6,19.294715232272583,72.86937455636455,N,Lost Child,79,4
2023-12-27 20:08:00,20,2,12,19.161753409562902,72.81087915928246,G/N,Runaway,82,2
2023-09-08 05:15:00,5,4,9,19.002896277872214,72.98587099820112,F/S,Lost Child,82,3
2023-07-30 19:29:00,19,6,7,19.16475932856638,72.9177447533451,M/E,Trafficking,95,1
2023-03-29 14:07:00,14,2,3,19.120699760721916,72.83430868043588,D,Begging,98,5
2023-08-24 13:51:00,13,3,8,19.092082223218245,72.99598866621591,G/N,Child Labour,42,5
2023-11-02 18:04:00,18,3,11,18.94928163981102,72.85881698472913,N,Child Labour,47,2
2023-10-23 11:15:00,11,0,10,19.05394001153911,72.89186274005208,C,Lost Child,71,3
2023-09-27 09:21:00,9,2,9,18.914938132609084,72.98254832562618,R/N,Child Labour,55,3
2023-03-27 04:48:00,4,0,3,18.982243430410623,72.83511148184348,D,Child Labour,84,4
2023-03-26 19:46:00,19,6,3,19.139506659898665,72.9818560392317,R/S,Abuse,81,1
2023-12-16 11:54:00,11,5,12,19.016899217932465,72.90503894735087,C,Abuse,32,1
2023-05-13 23:45:00,23,5,5,19.21884183954192,72.97471114039404,S,Trafficking,79,1
2023-04-19 20:56:00,20,2,4,19.070777892477217,72.80091529057046,L,Runaway,47,5
2023-08-02 09:05:00,9,2,8,19.257134873191152,72.84305682640695,M/E,Runaway,30,3
2023-01-18 05:46:00,5,2,1,19.14675877991465,72.86173223792848,D,Trafficking,62,1
2023-02-12 19:10:00,19,6,2,19.265284552897054,72.86342261222792,H/W,Begging,69,3
2023-09-13 18:59:00,18,2,9,19.248970694035094,72.9627273603642,B,Abuse,83,3
2023-05-03 13:58:00,13,2,5,19.189899988213778,72.99217918362032,R/C,Child Labour,91,4
2023-01-29 19:21:00,19,6,1,19.177856266501728,72.80604171332544,B,Child Labour,40,5
2023-02-09 18:07:00,18,3,2,19.238575209619476,72.914304303135,G/N,Runaway,91,3
2023-10-02 16:19:00,16,0,10,19.077179247950497,72.88268808502278,P/S,Lost Child,78,4
2023-12-11 21:02:00,21,0,12,19.25978204418847,72.9665028662159,E,Lost Child,52,3
2023-05-04 14:01:00,14,3,5,19.191982937705827,72.86003054832139,R/N,Begging,75,4
2023-06-30 14:05:00,14,4,6,19.03174382700303,72.97775989331714,R/S,Trafficking,73,2
2023-08-10 13:43:00,13,3,8,18.948737998609445,72.90044292323192,S,Runaway,73,5
2023-07-17 20:51:00,20,0,7,19.00275211732941,72.9291328412854,R/S,Runaway,99,3
2023-09-03 09:15:00,9,6,9,19.22713384616444,72.92451579519214,R/C,Lost Child,92,5
2023-10-27 17:28:00,17,4,10,19.06438837481667,72.83953388965126,S,Runaway,61,3
2023-07-29 19:48:00,19,5,7,19.269834236792384,72.95733917039561,D,Child Labour,96,4
2023-04-27 19:06:00,19,3,4,19.110976456090935,72.9484502217867,K/W,Child Labour,42,4
2023-11-27 08:43:00,8,0,11,19.131935236063118,72.98703955449132,S,Runaway,68,4
2023-09-07 14:53:00,14,3,9,19.1411626976828,72.95912277746609,P/N,Lost Child,57,4
2023-06-21 13:23:00,13,2,6,19.285018723131685,72.98756481623805,H/E,Trafficking,99,2
2023-03-02 11:37:00,11,3,3,19.22445999757912,72.96080238018625,E,Child Labour,92,3
2023-09-06 04:19:00,4,2,9,19.254996057409627,72.90948302841417,P/N,Child Labour,66,5
2023-11-13 05:37:00,5,0,11,18.94607145902986,72.8479561592054,B,Abuse,96,2
2023-08-15 20:52:00,20,1,8,19.084006539073627,72.994707896445,B,Lost Child,60,5
2023-06-10 20:49:00,20,5,6,19.24564544650896,72.96699810224456,C,Child Labour,74,4
2023-05-29 23:04:00,23,0,5,19.24828577632723,72.80824113964526,G/S,Trafficking,78,1
2023-04-22 16:07:00,16,5,4,19.23440210198027,72.93775756661027,S,Trafficking,84,1
2023-01-12 16:18:00,16,3,1,19.134077039210155,72.80537052822427,K/W,Abuse,61,1
2023-12-01 05:15:00,5,4,12,19.261045245047022,72.9174101669827,E,Lost Child,89,3
2023-04-07 21:11:00,21,4,4,19.03699816246551,72.91834381837613,R/N,Trafficking,96,1
2023-02-08 14:35:00,14,2,2,18.966650725620788,72.97414688531975,F/S,Lost Child,56,5
2023-01-18 12:32:00,12,2,1,19.299222311800893,72.82878717560216,P/N,Trafficking,91,2
2023-01-06 19:02:00,19,4,1,19.13688459936734,72.95715233469275,F/N,Trafficking,87,1
2023-06-18 10:07:00,10,6,6,19.023829854160592,72.82239459402356,T,Child Labour,48,5
2023-05-11 22:05:00,22,3,5,18.940568610531656,72.9933228531496,C,Lost Child,44,4
2023-05-22 13:00:00,13,0,5,19.107698055966374,72.81089131189216,P/S,Abuse,97,1
2023-09-07 14:36:00,14,3,9,19.296676904964457,72.94431998301052,E,Child Labour,80,3
2023-11-01 13:16:00,13,2,11,18.962719611749275,72.95176250963674,E,Runaway,99,4
2023-07-17 11:01:00,11,0,7,19.14063494225339,72.9892555881673,D,Runaway,63,4
2023-12-11 15:07:00,15,0,12,19.25866559918673,72.94782456325848,G/S,Child Labour,71,2
2023-05-28 05:19:00,5,6,5,19.145006226336918,72.89910630738476,R/N,Child Labour,68,4
2023-05-25 21:46:00,21,3,5,19.0732468946162,72.93132434357932,F/S,Trafficking,88,2
2023-09-09 09:22:00,9,5,9,18.95770637172968,72.90552860878623,K/E,Trafficking,36,2
2023-10-27 01:55:00,1,4,10,19.289656239037427,72.97241496696202,R/C,Child Labour,65,3
2023-09-07 05:54:00,5,3,9,19.203650190724527,72.98824353314996,D,Child Labour,88,2
2023-05-17 16:52:00,16,2,5,19.06312268403733,72.95675124445395,R/C,Abuse,82,2
2023-10-30 15:58:00,15,0,10,19.147776391522914,72.96059957487958,P/N,Runaway,85,3
2023-02-19 03:06:00,3,6,2,18.900490015060964,72.98024863453256,G/S,Begging,64,5
2024-01-01 20:53:00,20,0,1,19.069975002942922,72.9104953941056,P/S,Lost Child,97,4
2023-10-29 23:11:00,23,6,10,19.06446712308612,72.98348744157286,R/N,Trafficking,48,1
2023-12-23 17:03:00,17,5,12,18.90778013914737,72.81130567227486,T,Abuse,35,2
2023-10-29 11:03:00,11,6,10,18.950804745801918,72.90891709648436,F/S,Lost Child,85,5
2023-12-13 08:30:00,8,2,12,19.17744551720276,72.95033033909142,R/C,Runaway,32,4
2023-07-12 01:30:00,1,2,7,19.122927136816024,72.85991131708936,H/E,Child Labour,89,2
2023-07-10 13:38:00,13,0,7,19.278943670289014,72.9214493012705,M/E,Runaway,48,5
2023-11-14 19:04:00,19,1,11,19.080183196107146,72.91187401181017,S,Begging,73,4
2023-07-12 05:23:00,5,2,7,19.2668777750155,72.97827115978376,F/N,Runaway,37,5
2023-07-14 21:36:00,21,4,7,19.06113868185164,72.93444502910313,A,Lost Child,89,3
2023-10-10 10:54:00,10,1,10,19.15429776858686,72.97350441350213,C,Abuse,40,2
2023-12-06 06:36:00,6,2,12,19.28826039460795,72.81722455727959,D,Child Labour,82,3
2023-08-25 14:29:00,14,4,8,19.04861095156712,72.91628260839128,K/W,Runaway,78,5
2023-02-14 22:26:00,22,1,2,19.249083273345263,72.8193824798576,R/S,Child Labour,75,1
2023-05-04 07:10:00,7,3,5,19.26927752896786,72.90749467677625,L,Child Labour,73,4
2023-01-07 12:05:00,12,5,1,19.048929469811753,72.85271160194644,G/S,Lost Child,58,4
2023-05-08 12:43:00,12,0,5,18.964091466745575,72.9871403578924,F/S,Runaway,56,4
2023-09-24 06:45:00,6,6,9,19.204817718006208,72.87421289451261,P/S,Lost Child,48,5
2023-06-07 18:18:00,18,2,6,19.037638264125256,72.89072984715251,M/W,Abuse,57,1
2023-04-20 11:46:00,11,3,4,19.241487034187262,72.81361245163012,H/W,Runaway,69,5
2023-09-10 07:53:00,7,6,9,18.998921853600866,72.80869078583707,E,Abuse,68,2
2023-01-21 20:22:00,20,5,1,19.02409275803015,72.8936189977221,M/W,Trafficking,41,1
2023-01-03 20:53:00,20,1,1,19.132586484174453,72.95644743599978,R/N,Abuse,32,2
2023-05-18 01:27:00,1,3,5,19.009822998029197,72.83661424814952,D,Lost Child,69,5
2023-02-06 02:54:00,2,0,2,19.11740348041794,72.99127149742549,P/S,Trafficking,42,2
2023-11-22 05:39:00,5,2,11,19.11655353619718,72.91037490457039,F/S,Abuse,35,2
2023-12-22 16:17:00,16,4,12,19.185933302425795,72.87335323227109,E,Trafficking,55,1
2023-10-22 19:47:00,19,6,10,18.94561186104866,72.9627607233186,G/S,Abuse,88,2
2023-09-24 08:14:00,8,6,9,19.173044461575905,72.93124272995027,N,Abuse,73,2
2023-11-20 12:34:00,12,0,11,19.115872104777747,72.87668934567871,H/W,Child Labour,63,5
2023-06-08 15:55:00,15,3,6,18.948178167947912,72.88720701586092,G/S,Runaway,94,3
2023-11-06 06:59:00,6,0,11,18.911476130724246,72.9198795179315,R/S,Runaway,47,4
2023-06-14 12:48:00,12,2,6,19.127221089754578,72.97441733485799,G/N,Runaway,99,4
2023-07-18 06:11:00,6,1,7,19.061475385814628,72.88177678324361,F/S,Abuse,69,1
2023-01-08 06:10:00,6,6,1,19.083521227921704,72.96902075727311,P/N,Lost Child,92,5
2023-11-01 00:43:00,0,2,11,19.018239338001166,72.80964025235998,B,Lost Child,65,4
2023-11-18 04:37:00,4,5,11,19.07496873931443,72.82342963829328,K/W,Begging,94,5
2023-12-03 19:14:00,19,6,12,19.281303919953505,72.87546083340979,T,Lost Child,32,5
2023-06-20 06:48:00,6,1,6,19.284949480113234,72.98124636007083,K/W,Begging,91,4
2023-01-10 16:43:00,16,1,1,19.07079243767906,72.86234280715614,D,Child Labour,80,2
2023-12-29 00:23:00,0,4,12,19.207509499904326,72.92040945054136,R/S,Abuse,91,1
2023-11-12 19:44:00,19,6,11,19.14468595742134,72.99481339879992,A,Abuse,58,2
2023-04-16 03:47:00,3,6,4,19.191865374961356,72.99301817647778,K/E,Abuse,40,2
2023-10-25 11:59:00,11,2,10,19.125899287278415,72.8625033489022,N,Lost Child,67,5
2023-05-25 15:23:00,15,3,5,19.115272257077006,72.85215097974802,S,Abuse,42,1
2023-06-17 16:09:00,16,5,6,19.09188856927767,72.94976748508167,N,Trafficking,51,2
2023-11-17 10:59:00,10,4,11,19.28424991101419,72.91599622383633,G/N,Runaway,31,3
2023-04-28 22:03:00,22,4,4,19.10297196960668,72.90963345808439,D,Runaway,33,5
2023-03-04 21:36:00,21,5,3,19.071354179609173,72.92763595772338,D,Trafficking,88,2
2023-09-17 16:11:00,16,6,9,19.065460206126478,72.91108743944933,M/W,Trafficking,83,1
2023-09-28 09:09:00,9,3,9,18.904045164284863,72.83764715547208,N,Abuse,65,3
2023-12-04 12:07:00,12,0,12,19.131917163053075,72.85520068029548,S,Child Labour,94,4
2023-11-23 19:31:00,19,3,11,18.9417311789737,72.80119668046092,R/C,Trafficking,98,1
2023-09-28 17:06:00,17,3,9,19.243233157812476,72.81883569477537,A,Runaway,72,3
2023-12-10 22:24:00,22,6,12,19.00763298401569,72.94362633842012,F/N,Begging,88,5
2023-06-15 04:33:00,4,3,6,19.035938221374018,72.92178808376026,T,Abuse,74,1
2023-06-14 10:50:00,10,2,6,19.16726114151711,72.93380738017073,K/W,Runaway,65,4
2023-01-29 08:26:00,8,6,1,19.22825031939187,72.8582288879551,N,Lost Child,60,5
2023-10-15 12:21:00,12,6,10,19.1516129736153,72.84075914315184,H/W,Abuse,69,1
2023-05-02 21:23:00,21,1,5,18.996575386139213,72.9404165220488,K/E,Runaway,83,4
2023-02-16 12:59:00,12,3,2,19.01483071378235,72.90145221018332,P/S,Runaway,56,3
2023-10-31 09:58:00,9,1,10,19.221038123782336,72.85408840431377,H/W,Runaway,46,4
2023-11-04 23:00:00,23,5,11,18.92641285327259,72.86062907502173,R/S,Lost Child,32,3
2023-08-24 15:56:00,15,3,8,19.0264173650092,72.9501741169872,F/N,Begging,80,5
2023-08-01 19:35:00,19,1,8,19.255542018655397,72.83096208401427,R/N,Lost Child,63,4
2023-06-19 06:44:00,6,0,6,19.0004313289009,72.97135518187015,F/N,Child Labour,31,4
2023-01-26 16:04:00,16,3,1,19.238003498565412,72.91954125542075,B,Runaway,80,4
2023-07-02 08:32:00,8,6,7,19.07530858080258,72.95064637467034,T,Abuse,66,1
2023-04-30 23:50:00,23,6,4,19.076205512454326,72.88053038974938,R/S,Abuse,52,2
2023-05-12 05:56:00,5,4,5,19.076387120315147,72.9367546581117,H/W,Runaway,49,5
2023-12-09 00:23:00,0,5,12,19.156364193544764,72.85525019579663,M/E,Abuse,61,2
2023-05-10 16:59:00,16,2,5,18.912535750635357,72.82663584778695,P/S,Child Labour,45,4
2023-09-29 20:04:00,20,4,9,19.090740575607253,72.92372481703781,M/E,Trafficking,46,1
2023-01-29 06:49:00,6,6,1,19.171524105939568,72.84910660461506,P/N,Child Labour,78,3
2023-10-04 07:43:00,7,2,10,18.912063424337454,72.88233579929863,T,Lost Child,57,5
2023-05-27 22:48:00,22,5,5,19.26466979807114,72.89048949842883,N,Lost Child,99,5
2023-02-16 19:27:00,19,3,2,19.28697665393094,72.83465408337962,P/S,Runaway,96,3
2023-09-03 19:31:00,19,6,9,18.980761782304587,72.94584526157536,M/E,Child Labour,91,4
2023-05-28 02:16:00,2,6,5,19.169854148997977,72.99581268519174,R/S,Begging,56,4
2023-10-16 13:21:00,13,0,10,18.991060427412954,72.93134896364865,G/N,Runaway,84,5
2023-12-13 13:43:00,13,2,12,19.162747420143802,72.99090974018206,L,Lost Child,63,3
2023-04-07 21:17:00,21,4,4,18.908472515891585,72.87856973779112,H/E,Abuse,42,1
2023-07-25 01:21:00,1,1,7,19.26584955323301,72.9562291100225,T,Abuse,72,1
2023-07-24 23:56:00,23,0,7,19.036083778991348,72.95131789311975,M/E,Lost Child,55,3
2023-09-02 14:29:00,14,5,9,19.215961341813934,72.98946995018275,K/W,Runaway,79,4
2023-04-26 19:47:00,19,2,4,18.938023672180712,72.9913106377842,B,Abuse,86,2
2023-06-10 01:58:00,1,5,6,19.187065417471867,72.88171797443975,E,Begging,84,4
2023-01-08 03:16:00,3,6,1,19.029751013195405,72.82179125474333,T,Trafficking,98,1
2023-11-25 04:08:00,4,5,11,18.972233842742092,72.94844644218333,T,Begging,60,5
2023-01-04 16:28:00,16,2,1,19.07503654824079,72.94836098501595,R/C,Begging,72,3
2023-06-11 18:20:00,18,6,6,19.221696064238483,72.92817737909976,H/W,Lost Child,86,5
2023-05-17 18:06:00,18,2,5,19.185845421459625,72.85340813329361,K/E,Lost Child,76,5
2023-01-28 06:29:00,6,5,1,19.037288384779565,72.87967970295782,H/W,Begging,83,3
2023-11-16 13:37:00,13,3,11,19.09208021783282,72.82192258618896,F/N,Abuse,78,2
2023-03-17 00:01:00,0,4,3,19.046423146940317,72.80355254627037,F/S,Begging,37,4
2023-12-11 06:07:00,6,0,12,19.12387228754347,72.95361208231239,S,Lost Child,88,5
2023-04-25 08:14:00,8,1,4,19.068240833350632,72.98291419352478,H/E,Runaway,82,4
2023-10-21 05:21:00,5,5,10,19.123287444357572,72.91589936210016,R/S,Runaway,98,4
2023-11-10 00:13:00,0,4,11,19.20588879079167,72.96122975490022,B,Trafficking,81,2
2023-02-20 03:08:00,3,0,2,19.159592679538438,72.9684733430308,H/W,Trafficking,32,1
2023-11-26 08:55:00,8,6,11,18.957922368907948,72.8337284866499,R/C,Runaway,45,3
2023-03-30 03:15:00,3,3,3,19.17557466592717,72.97586763781545,G/S,Trafficking,70,2
2023-06-15 10:29:00,10,3,6,18.921957122734312,72.83134725145663,T,Runaway,83,5
2023-01-25 09:31:00,9,2,1,19.197370781200576,72.86109130476972,H/E,Begging,81,5
2023-07-07 21:52:00,21,4,7,19.053022038069653,72.97182520011972,B,Begging,48,4
2023-10-19 20:39:00,20,3,10,19.019285787248492,72.96983831308896,R/N,Lost Child,86,3
2023-06-30 13:53:00,13,4,6,18.913716094486634,72.87057423894895,L,Begging,47,4
2023-05-27 23:49:00,23,5,5,19.012594090002207,72.85354233812215,L,Abuse,52,2
2023-02-24 06:34:00,6,4,2,19.12457911375672,72.85561601587041,R/S,Begging,98,5
2023-11-14 19:08:00,19,1,11,19.19092870870051,72.82424224784177,M/E,Child Labour,60,5
2023-10-15 15:45:00,15,6,10,19.273254901455093,72.81953651221724,G/N,Runaway,33,5
2023-01-20 15:09:00,15,4,1,19.004223338977035,72.99465042102773,P/N,Abuse,66,2
2023-05-13 06:37:00,6,5,5,19.017403395211822,72.97379263785895,S,Trafficking,44,1
2023-10-14 17:30:00,17,5,10,19.037251972474053,72.9512709750687,R/N,Begging,60,3
2023-12-20 12:47:00,12,2,12,19.173132497168456,72.83186083027655,R/C,Lost Child,60,4
2023-08-03 06:13:00,6,3,8,19.14719184930375,72.81558980638101,P/S,Trafficking,89,2
2023-09-07 15:10:00,15,3,9,19.12474646009513,72.94599826003466,H/W,Abuse,59,2
2023-03-04 09:30:00,9,5,3,19.282895240738096,72.82052246765089,F/S,Child Labour,38,4
2023-05-17 01:12:00,1,2,5,19.17127177281538,72.96357926986249,A,Runaway,88,3
2023-08-24 08:08:00,8,3,8,19.234990750775786,72.9440228116065,C,Begging,36,3
2023-07-31 02:37:00,2,0,7,19.102323122855623,72.80626271733358,G/S,Abuse,46,1
2023-10-12 10:36:00,10,3,10,19.094800960083184,72.93531416648442,R/N,Child Labour,97,2
2023-09-06 05:51:00,5,2,9,18.901369632910683,72.91905439422486,R/C,Child Labour,32,2
2023-12-20 16:18:00,16,2,12,18.924252439460645,72.93880217616707,B,Runaway,86,4
2023-02-07 03:49:00,3,1,2,19.120484539214527,72.98961413962923,E,Runaway,32,4
2023-06-10 05:47:00,5,5,6,19.037930675274314,72.89181707788958,H/E,Trafficking,53,1
2023-09-15 05:03:00,5,4,9,19.209173496923825,72.85028632987796,L,Trafficking,41,1
2023-10-16 20:12:00,20,0,10,19.171232642255468,72.85949575298618,F/S,Begging,73,4
2023-04-03 06:32:00,6,0,4,18.90493960917287,72.90472604807215,F/N,Runaway,71,3
2023-12-02 22:37:00,22,5,12,19.015134507033217,72.93840739167491,S,Lost Child,77,3
2023-04-27 17:53:00,17,3,4,19.046961766983255,72.9898124428309,R/N,Lost Child,32,5
2023-01-21 19:49:00,19,5,1,19.054890188202343,72.96639379380726,K/E,Child Labour,60,2
2023-08-25 18:57:00,18,4,8,19.048141396642297,72.91246494538602,S,Lost Child,52,5
2023-03-02 23:04:00,23,3,3,19.067069834797177,72.96311781373205,H/E,Abuse,81,1
2023-04-07 21:46:00,21,4,4,19.27570905286744,72.8309405476581,S,Begging,95,5
2023-05-19 15:16:00,15,4,5,18.93827539045125,72.97909108462588,N,Trafficking,95,1
2023-01-15 19:36:00,19,6,1,18.99224216913773,72.97568710308929,A,Abuse,97,2
2023-09-29 18:24:00,18,4,9,19.21102111297278,72.86449096477735,T,Trafficking,55,2
2023-11-10 16:55:00,16,4,11,19.130564427178534,72.96157210729618,S,Trafficking,70,1
2023-10-29 18:51:00,18,6,10,19.2954993076725,72.97387566954485,G/N,Child Labour,80,4
2023-03-27 05:19:00,5,0,3,19.021697562058204,72.97024151225803,T,Lost Child,31,5
2023-06-18 05:03:00,5,6,6,19.245778792123833,72.84326984688106,T,Child Labour,85,2
2023-01-07 00:24:00,0,5,1,19.12135428405641,72.82700260755155,P/N,Runaway,99,5
2023-03-06 13:54:00,13,0,3,19.1650245833994,72.89504748064792,K/E,Trafficking,67,2
2023-04-16 22:26:00,22,6,4,18.90904047129981,72.9017418654572,H/E,Lost Child,99,5
2023-09-28 08:07:00,8,3,9,19.110195159411802,72.911758408246,P/S,Abuse,85,1
2023-10-06 21:52:00,21,4,10,19.038359147660408,72.80200961211919,D,Trafficking,42,1
2023-07-21 17:41:00,17,4,7,19.004295367107023,72.84764744825618,D,Begging,85,3
2023-05-06 13:00:00,13,5,5,19.045183349493776,72.81957471346311,K/W,Abuse,59,1
2023-06-23 01:46:00,1,4,6,19.279464565900803,72.81436599102724,P/S,Begging,86,3
2023-09-18 16:05:00,16,0,9,19.20442141271418,72.81199800776012,D,Trafficking,84,2
2023-03-14 03:13:00,3,1,3,19.07960136658675,72.98922076594354,F/S,Lost Child,91,3
2023-05-07 15:49:00,15,6,5,18.949806759732297,72.91323265607319,N,Trafficking,88,2
2023-03-02 07:58:00,7,3,3,18.921570693244224,72.89287762205528,K/W,Abuse,94,2
2023-03-11 20:29:00,20,5,3,19.216758242512203,72.93810759850132,G/S,Child Labour,80,3
2023-03-06 20:04:00,20,0,3,18.94916592953056,72.98950349173617,R/S,Lost Child,87,3
2023-10-09 13:45:00,13,0,10,19.2227521753313,72.901503923847,P/S,Child Labour,97,4
2023-05-10 04:19:00,4,2,5,18.912280650450032,72.80532328607312,G/S,Abuse,56,1
2023-12-19 13:04:00,13,1,12,18.995572414263304,72.89066834259431,L,Abuse,35,1
2023-08-24 17:14:00,17,3,8,19.02492346325483,72.91962118105853,N,Child Labour,89,2
2023-07-17 07:56:00,7,0,7,19.07111773912025,72.91390350001058,M/E,Runaway,46,3
2023-04-19 22:00:00,22,2,4,19.29302995870721,72.84514087732762,S,Trafficking,97,1
2023-06-07 01:06:00,1,2,6,19.028311385930483,72.98915710028756,H/W,Child Labour,54,4
2023-07-19 05:30:00,5,2,7,19.108428211315193,72.83951013296338,L,Child Labour,79,3
2023-05-28 10:00:00,10,6,5,19.29134923309938,72.85927608245564,F/N,Lost Child,94,4
2023-04-08 08:18:00,8,5,4,19.096417741184034,72.95838804447165,P/N,Child Labour,35,3
2023-06-28 15:44:00,15,2,6,19.164922484597856,72.96408417332265,H/W,Trafficking,53,2
2023-11-29 12:28:00,12,2,11,19.067824374194256,72.98425445564021,H/E,Abuse,85,2
2023-08-02 13:09:00,13,2,8,19.04120116087909,72.9018639448868,E,Begging,89,5
2023-12-12 20:47:00,20,1,12,19.293424533124213,72.88471844880237,G/S,Begging,88,1
2023-01-31 08:48:00,8,1,1,19.045900226210655,72.80821384115836,L,Child Labour,49,4
2023-04-18 12:50:00,12,1,4,19.09317034358323,72.84331114422567,M/W,Abuse,41,2
2023-01-29 00:54:00,0,6,1,19.178689351288792,72.99809962704887,F/N,Lost Child,61,4
2023-12-03 22:03:00,22,6,12,19.014704268013404,72.96890998647685,T,Runaway,99,5
2023-12-25 01:30:00,1,0,12,19.195570540138974,72.94819514054247,H/E,Abuse,48,2
2023-11-09 18:18:00,18,3,11,19.110475475036328,72.87995430853387,N,Lost Child,46,4
2023-08-03 23:57:00,23,3,8,19.140103895794287,72.84295734789033,B,Child Labour,74,2
2023-09-03 11:27:00,11,6,9,18.928415332398806,72.93068080730994,N,Runaway,42,5
2023-08-26 08:03:00,8,5,8,19.01897117400384,72.96043499286718,R/C,Runaway,85,5
2023-11-10 10:33:00,10,4,11,19.008035007702837,72.81266030549486,L,Runaway,69,4
2023-07-16 21:53:00,21,6,7,18.93555395672876,72.9797635238087,K/E,Abuse,37,1
2023-10-28 10:58:00,10,5,10,19.270809218177707,72.86311616407697,K/E,Lost Child,63,3
2023-03-26 18:54:00,18,6,3,18.951536867692273,72.81932074700268,E,Runaway,51,5
2023-01-09 08:07:00,8,0,1,18.955878535239133,72.92827447578406,L,Lost Child,87,4
2023-02-24 13:59:00,13,4,2,19.27643367064634,72.89158218317954,F/S,Lost Child,96,3
2023-08-04 03:54:00,3,4,8,18.906744572588714,72.87071185873398,M/W,Abuse,58,2
2023-11-29 13:09:00,13,2,11,19.06880758811322,72.80342623138682,C,Child Labour,30,3
2023-11-05 20:53:00,20,6,11,19.08480362682938,72.96386972076827,B,Child Labour,48,4
2023-11-23 16:59:00,16,3,11,18.952448431394018,72.91115443787572,M/W,Abuse,81,3
2023-01-27 06:03:00,6,4,1,18.9957214241796,72.90896691662283,H/E,Runaway,33,2
2023-08-01 14:13:00,14,1,8,19.00668655670112,72.94636642450978,R/S,Abuse,46,2
2023-02-27 22:16:00,22,0,2,19.262515153910915,72.84408524377562,H/W,Child Labour,34,3
2023-01-05 05:50:00,5,3,1,19.146610711840616,72.98465913523243,K/E,Runaway,96,4
2023-06-29 04:50:00,4,3,6,18.946925535472964,72.89276885159606,R/S,Runaway,36,5
2023-08-04 22:11:00,22,4,8,19.152716017967805,72.97428078972112,L,Abuse,67,2
2023-02-03 18:05:00,18,4,2,18.972484082663698,72.82422315889627,P/S,Abuse,30,1
2023-12-25 07:52:00,7,0,12,18.977948557003153,72.91176065889833,G/S,Runaway,33,5
2023-03-06 20:49:00,20,0,3,19.202177709593666,72.89483060513189,E,Lost Child,89,5
2023-12-29 03:28:00,3,4,12,18.914874075272767,72.83584163367223,R/C,Trafficking,64,2
2023-02-22 07:39:00,7,2,2,19.189922369313226,72.81996939783433,P/S,Lost Child,94,4
2023-05-17 03:57:00,3,2,5,19.16653745071529,72.89471369846554,H/W,Trafficking,78,1
2023-02-20 07:55:00,7,0,2,18.999751274983797,72.8803457603255,G/S,Begging,67,4
2023-06-11 16:24:00,16,6,6,19.238705731409134,72.80397036158067,R/C,Runaway,68,5
2023-09-29 22:57:00,22,4,9,19.13591818691998,72.8426623054673,R/C,Trafficking,55,1
2023-11-18 12:49:00,12,5,11,19.12879171909658,72.80474051711933,G/N,Begging,46,5
2023-08-06 06:42:00,6,6,8,19.0490813460036,72.85418060345027,G/S,Runaway,54,3
2023-10-08 21:24:00,21,6,10,19.082724851802645,72.8340299620977,R/C,Abuse,90,1
2023-04-11 13:18:00,13,1,4,19.022976630973936,72.90065138279519,M/W,Trafficking,64,2
2023-11-21 19:53:00,19,1,11,19.21657241783384,72.84991728158992,R/C,Abuse,83,1
2023-02-02 23:36:00,23,3,2,19.204985730487373,72.80921248633443,F/S,Abuse,99,2
2023-11-20 14:44:00,14,0,11,18.929184632484514,72.93657400626401,F/S,Trafficking,31,2
2023-07-26 10:35:00,10,2,7,18.93416167738101,72.91312286489958,M/E,Child Labour,48,4
2023-08-15 22:07:00,22,1,8,19.157944100054706,72.85683012444407,P/N,Runaway,60,3
2023-01-07 04:33:00,4,5,1,18.959015695411853,72.93666229781468,R/S,Child Labour,81,3
2023-09-07 14:17:00,14,3,9,19.228834480981924,72.91297289721211,D,Lost Child,59,5
2023-01-03 01:31:00,1,1,1,19.24499209632299,72.81118449001119,R/S,Abuse,82,2
2023-11-08 01:24:00,1,2,11,19.13689193426559,72.90720118387112,M/W,Child Labour,76,4
2023-02-09 17:21:00,17,3,2,19.239607124911096,72.85627036300815,K/E,Runaway,58,5
2023-03-12 05:07:00,5,6,3,18.99771019688102,72.82561144499041,K/W,Runaway,46,3
2023-06-21 11:48:00,11,2,6,19.067465687613705,72.93523614583486,F/S,Lost Child,58,5
2023-05-14 17:28:00,17,6,5,18.937600087375284,72.90180336938928,S,Lost Child,78,5
2023-12-14 03:38:00,3,3,12,18.957253195978943,72.91330040353591,G/S,Runaway,45,4
2023-03-02 18:00:00,18,3,3,19.04985887877675,72.99337462208356,G/N,Begging,34,3
2023-05-20 22:47:00,22,5,5,18.936581540096256,72.80519548755504,K/W,Trafficking,55,2
2023-08-26 12:29:00,12,5,8,18.94501451610858,72.848359294424,P/N,Trafficking,77,1
2023-10-31 11:42:00,11,1,10,19.125340962362337,72.85022288237401,B,Lost Child,84,4
2023-11-06 18:43:00,18,0,11,19.128818090992038,72.9598444280023,M/W,Runaway,69,2
2023-03-10 09:32:00,9,4,3,19.23431664202246,72.94713988374366,G/N,Begging,66,4
2023-03-07 04:18:00,4,1,3,19.191391995102062,72.84777609288803,A,Child Labour,97,2
2023-04-27 08:51:00,8,3,4,18.976208721595235,72.92332141174874,H/E,Begging,42,4
2023-07-11 18:55:00,18,1,7,19.20228569639802,72.85301724618857,P/N,Abuse,91,1
2023-03-25 11:05:00,11,5,3,19.140034864613785,72.99021763421517,F/S,Trafficking,32,2
2023-03-26 20:31:00,20,6,3,18.982947205355433,72.93208592544033,G/S,Child Labour,61,4
2023-03-16 11:28:00,11,3,3,18.95893849453802,72.8592395140578,S,Abuse,49,2
2023-09-05 04:15:00,4,1,9,19.288958744257123,72.92715045835439,E,Child Labour,48,3
2023-06-25 12:34:00,12,6,6,18.901534160083596,72.91343638467333,K/E,Abuse,80,2
2023-06-24 22:10:00,22,5,6,19.123890032385635,72.99087192092658,M/E,Abuse,44,2
2023-03-31 02:34:00,2,4,3,19.106189294064336,72.96004856274925,H/W,Runaway,88,5
2023-04-06 15:00:00,15,3,4,19.055803532563807,72.83764148763979,S,Runaway,64,4
2023-08-24 17:36:00,17,3,8,19.157624578815557,72.80872080931934,P/S,Abuse,60,1
2023-02-24 07:23:00,7,4,2,18.950604622704244,72.97797957343397,P/S,Trafficking,61,1
2023-09-17 22:11:00,22,6,9,19.06157669765504,72.86453133543648,T,Lost Child,98,3
2023-04-02 02:10:00,2,6,4,19.215069325241423,72.88197790683566,M/E,Begging,92,4
2023-08-05 04:36:00,4,5,8,19.285122106873178,72.82533997002204,P/S,Runaway,51,5
2023-02-03 10:15:00,10,4,2,19.051213393365956,72.81535303801134,M/E,Lost Child,31,5
2023-08-19 13:02:00,13,5,8,19.203775292620925,72.8341924598219,R/S,Lost Child,90,3
2023-05-16 02:05:00,2,1,5,19.107765928690235,72.88439605763058,N,Trafficking,69,1
2023-08-20 14:27:00,14,6,8,19.220853404674724,72.98755126756221,M/W,Trafficking,38,1
2023-05-29 22:04:00,22,0,5,19.073918818081637,72.8069135891568,B,Trafficking,96,1
2023-05-01 01:50:00,1,0,5,19.09765237886577,72.93971596832311,E,Runaway,86,5
2023-02-20 10:19:00,10,0,2,19.25129392737196,72.85568904028992,G/S,Trafficking,67,3
2023-08-04 21:22:00,21,4,8,18.96028701993768,72.94618888725577,K/E,Abuse,33,1
2023-06-09 21:30:00,21,4,6,19.224352477542542,72.85258511715814,A,Trafficking,93,2
2023-10-07 18:40:00,18,5,10,19.106090043653666,72.94612450134065,T,Begging,47,4
2023-10-30 14:56:00,14,0,10,19.253555151944635,72.83170623712383,M/W,Abuse,76,3
2023-11-10 11:26:00,11,4,11,18.951353848522107,72.98690761146523,G/N,Abuse,65,1
2023-07-29 05:46:00,5,5,7,19.013518734848745,72.84642042495796,G/N,Abuse,59,1
2023-10-11 18:03:00,18,2,10,19.171562397320752,72.85346525286076,M/W,Lost Child,93,4
2023-12-31 07:12:00,7,6,12,19.08138405299744,72.95216560360264,N,Runaway,73,4
2023-03-30 06:06:00,6,3,3,18.96202597792675,72.96275695098547,B,Trafficking,41,2
2023-02-14 12:08:00,12,1,2,19.076014548698375,72.85754423638757,H/E,Runaway,59,1
2023-09-04 14:36:00,14,0,9,19.110961645643783,72.92631443533257,H/E,Child Labour,68,3
2023-01-06 00:01:00,0,4,1,19.16338131953177,72.87691366915519,T,Child Labour,41,4
2023-05-22 12:19:00,12,0,5,19.12608372157765,72.91549299900778,M/E,Abuse,62,2
2023-08-19 18:44:00,18,5,8,19.036060302296136,72.84728001274574,S,Abuse,65,2
2023-02-22 20:19:00,20,2,2,19.27897869566925,72.91959276797363,H/E,Trafficking,35,1
2023-03-17 11:46:00,11,4,3,19.143487520188383,72.94852257123682,N,Runaway,58,4
2023-01-21 00:41:00,0,5,1,19.01915718136883,72.8286542899521,L,Abuse,96,1
2023-09-22 02:27:00,2,4,9,19.2081071591523,72.98671718081289,R/C,Abuse,59,2
2023-02-11 08:05:00,8,5,2,18.936057998529353,72.95753800528044,K/W,Begging,90,3
2023-05-03 03:35:00,3,2,5,18.980419549734165,72.91408753320654,P/S,Lost Child,42,3
2023-04-29 13:30:00,13,5,4,19.21140880029434,72.98459146841832,E,Child Labour,84,4
2023-04-17 14:50:00,14,0,4,19.037538544744137,72.93421046931927,S,Trafficking,50,2
2023-04-09 13:12:00,13,6,4,18.95770911812749,72.85687033785808,P/N,Begging,64,3
2023-08-12 01:56:00,1,5,8,19.19478141657265,72.88926008791532,N,Abuse,84,2
2023-01-20 00:03:00,0,4,1,19.27885979021418,72.92657032354195,B,Begging,96,5
2023-12-01 17:40:00,17,4,12,19.18102555160083,72.95531674119758,H/E,Lost Child,89,2
2023-07-01 14:36:00,14,5,7,19.129490126927852,72.85250104690333,R/C,Begging,82,3
2023-05-19 02:39:00,2,4,5,18.936296369910956,72.88727832378757,C,Child Labour,69,4
2023-11-21 19:11:00,19,1,11,19.166505269678336,72.96153726089419,R/S,Begging,96,3
2023-09-20 12:24:00,12,2,9,19.238892971882564,72.85934027725551,G/N,Begging,59,5
2023-01-24 19:38:00,19,1,1,19.102503495709918,72.92421902503193,T,Child Labour,37,3
2023-10-29 22:29:00,22,6,10,19.211382905108547,72.98477937377065,S,Trafficking,75,1
2023-07-05 07:33:00,7,2,7,19.111311005401188,72.86001188794182,T,Runaway,41,4
2023-01-21 05:39:00,5,5,1,18.96454019312505,72.86006952927403,P/S,Abuse,36,2
2023-07-26 12:56:00,12,2,7,18.939412020922987,72.99364569793829,F/S,Child Labour,32,2
2023-11-05 06:43:00,6,6,11,18.956102756284338,72.98639375776656,L,Abuse,82,1
2023-05-16 04:53:00,4,1,5,19.135317968664534,72.86394438997134,M/E,Abuse,44,1
2023-07-24 09:15:00,9,0,7,19.28016365649095,72.81392951086194,M/W,Begging,85,3
2023-01-03 21:55:00,21,1,1,19.1851255146839,72.94547095458745,K/E,Runaway,59,3
2023-05-09 17:04:00,17,1,5,19.2385633602725,72.8462942221881,G/S,Begging,86,3
2023-06-05 10:13:00,10,0,6,19.10561359848902,72.96250023138637,H/E,Runaway,53,5
2023-01-29 12:41:00,12,6,1,19.127791108195737,72.83497584974103,P/N,Trafficking,46,1
2023-05-16 11:29:00,11,1,5,19.213616387937364,72.9220389618972,G/S,Lost Child,86,4
2023-08-24 15:26:00,15,3,8,19.1832923242344,72.94253207399966,K/E,Lost Child,67,3
2023-09-27 14:43:00,14,2,9,18.943487936110635,72.9657227523611,D,Abuse,55,2
2023-05-27 19:12:00,19,5,5,18.96309538830918,72.82552616164003,F/S,Abuse,64,3
2023-03-08 02:35:00,2,2,3,19.240044493626886,72.93978621477564,E,Lost Child,77,5
2023-07-24 21:51:00,21,0,7,19.158541427865735,72.97391442781549,T,Abuse,79,1
2023-10-21 20:34:00,20,5,10,18.964445366806565,72.82864960424327,G/S,Begging,50,5
2023-10-18 23:41:00,23,2,10,19.009034185940177,72.91820986675762,H/E,Abuse,39,1
2023-12-20 20:37:00,20,2,12,18.911613089874745,72.93342360391786,S,Trafficking,77,1
2023-07-14 12:32:00,12,4,7,19.115048189505632,72.93160647851674,K/W,Abuse,78,2
2023-11-27 21:22:00,21,0,11,19.157802247414125,72.9185486027976,G/S,Begging,72,4
2023-09-16 06:43:00,6,5,9,19.125963519969453,72.85072854425884,N,Runaway,32,3
2023-03-31 02:30:00,2,4,3,19.189737542294214,72.89617657733193,H/E,Lost Child,46,4
2023-01-05 21:40:00,21,3,1,19.153737238309994,72.85738577486575,P/N,Lost Child,52,3
2023-02-13 19:41:00,19,0,2,19.252975752203835,72.83667076416147,G/N,Runaway,79,5
2023-11-19 01:21:00,1,6,11,19.252820356427186,72.9436761441745,N,Trafficking,76,1
2023-09-08 00:02:00,0,4,9,19.26469872798256,72.90187535631216,D,Abuse,51,1
2023-02-11 14:07:00,14,5,2,19.27312312790258,72.92900889086008,P/S,Trafficking,94,1
2023-04-27 22:53:00,22,3,4,19.07319560190218,72.88534502359818,G/S,Runaway,33,3
2023-03-31 11:14:00,11,4,3,19.111083558023594,72.88571184557917,G/N,Begging,99,3
2023-10-06 00:01:00,0,4,10,18.90973284854712,72.8279119054905,S,Runaway,58,4
2023-01-18 15:57:00,15,2,1,18.93834301447093,72.95947745449172,F/S,Trafficking,96,1
2023-06-04 16:53:00,16,6,6,19.181775892969775,72.97117537246183,H/E,Runaway,36,4
2023-03-28 19:21:00,19,1,3,19.089667248328347,72.83679678087185,G/N,Begging,31,5
2023-02-03 09:14:00,9,4,2,19.16664133317805,72.90100522095149,F/N,Lost Child,41,5
2023-02-15 01:03:00,1,2,2,18.945462852611648,72.83857750806222,M/E,Lost Child,30,5
2023-08-13 03:17:00,3,6,8,19.00938935112444,72.95358069012107,T,Begging,75,5
2023-09-11 22:36:00,22,0,9,18.981325972061814,72.95320691022947,B,Child Labour,96,2
2023-06-10 01:50:00,1,5,6,19.01428170248553,72.84341779667788,G/N,Abuse,76,2
2023-01-22 02:21:00,2,6,1,18.99979264267984,72.98114620847545,G/S,Child Labour,64,4
2023-11-01 08:39:00,8,2,11,19.157370822026873,72.82076679354742,H/E,Runaway,49,4
2023-10-13 17:39:00,17,4,10,19.022150351477464,72.91185211557048,H/E,Begging,30,3
2023-01-13 03:12:00,3,4,1,19.259067433808237,72.80761267106514,P/S,Lost Child,86,3
2023-03-23 04:11:00,4,3,3,19.256067395593796,72.84181320302596,K/W,Child Labour,62,4
2023-03-27 15:22:00,15,0,3,18.922175350472347,72.81597310943509,A,Abuse,81,2
2023-07-23 20:29:00,20,6,7,19.20242967662264,72.99391967741532,S,Runaway,83,4
2023-04-16 18:33:00,18,6,4,18.973970925519808,72.80933305411465,L,Abuse,36,2
2023-06-15 10:13:00,10,3,6,19.145691857516574,72.99563440278932,R/N,Abuse,88,1
2023-04-08 01:09:00,1,5,4,18.93664561744713,72.98004713557803,R/S,Lost Child,56,3
2023-04-13 07:15:00,7,3,4,19.236860078005844,72.88389480464615,D,Child Labour,59,5
2023-02-06 10:25:00,10,0,2,19.077920304612697,72.86449579294523,D,Lost Child,94,4
2023-04-01 15:14:00,15,5,4,19.06346306472142,72.81131397663421,P/N,Runaway,76,4
2023-05-14 12:32:00,12,6,5,18.963150168804546,72.83650512272042,F/N,Child Labour,83,2
2023-01-31 01:43:00,1,1,1,18.956162231039528,72.87517481961557,L,Abuse,34,2
2023-06-16 06:09:00,6,4,6,19.210319581052193,72.99024935519435,H/W,Begging,51,5
2023-10-12 13:27:00,13,3,10,18.96867981826384,72.80148106387941,L,Trafficking,71,2
2023-04-28 11:43:00,11,4,4,19.177273575480484,72.8213247415251,R/S,Lost Child,88,4
2023-07-05 08:09:00,8,2,7,19.08262339278272,72.84324044562042,R/C,Trafficking,75,2
2023-11-19 05:19:00,5,6,11,19.23941413388267,72.84025625265146,A,Begging,66,4
2023-06-04 15:43:00,15,6,6,19.289933720884118,72.91602499601589,H/E,Runaway,88,3
2023-02-06 14:53:00,14,0,2,19.00397342819664,72.81422985211309,K/E,Abuse,87,2
2023-09-04 07:33:00,7,0,9,19.015348503285978,72.91535770745368,P/S,Begging,95,3
2023-09-22 09:56:00,9,4,9,19.19686929782971,72.91881725975347,R/N,Child Labour,83,3
2023-04-10 16:34:00,16,0,4,19.28740178561952,72.93453846331036,K/W,Child Labour,95,4
2023-07-05 11:35:00,11,2,7,18.933828691814686,72.95712756916267,L,Runaway,45,3
2023-06-05 15:24:00,15,0,6,19.25575554752518,72.82524106451727,G/S,Trafficking,51,2
2023-01-21 23:52:00,23,5,1,19.037878203705425,72.81902240700852,D,Begging,89,4
2023-03-30 09:05:00,9,3,3,18.993472937213895,72.87099935356132,R/N,Abuse,98,2
2023-04-09 22:23:00,22,6,4,19.121142715227005,72.88731254943225,L,Runaway,30,5
2023-04-14 09:10:00,9,4,4,19.020206550411185,72.89371496081458,E,Lost Child,57,5
2023-10-27 22:34:00,22,4,10,19.227521327718073,72.9221238481253,R/C,Begging,83,4
2023-06-28 18:03:00,18,2,6,19.213432516027623,72.86015592075034,R/S,Lost Child,36,3
2023-10-15 22:01:00,22,6,10,19.187033129531464,72.8945169522317,M/W,Trafficking,52,2
2023-06-24 09:38:00,9,5,6,19.067304443341328,72.8693882161119,F/S,Trafficking,53,2
2023-07-14 17:57:00,17,4,7,19.06799083509123,72.86310982317436,P/N,Abuse,91,1
2023-11-22 16:17:00,16,2,11,19.044929678019262,72.96578778276888,N,Begging,81,3
2023-05-27 04:27:00,4,5,5,19.028943756901054,72.85415912133092,H/W,Child Labour,82,4
2023-09-11 10:09:00,10,0,9,19.070354463447774,72.84805450872223,K/W,Lost Child,45,4
2023-05-11 01:39:00,1,3,5,18.997964171647407,72.93083501085623,S,Runaway,73,4
2023-09-22 17:59:00,17,4,9,18.96342869419354,72.86231408695105,K/E,Runaway,57,1
2023-03-25 08:30:00,8,5,3,18.906480866617493,72.88363412993952,H/W,Runaway,55,3
2023-04-14 15:14:00,15,4,4,19.206415551767414,72.98201442282702,M/W,Abuse,42,1
2023-07-10 22:53:00,22,0,7,19.228549749699845,72.85050656873909,F/S,Trafficking,94,2
2023-02-16 23:15:00,23,3,2,19.076716629806178,72.81616777489135,N,Child Labour,62,4
2023-04-20 11:24:00,11,3,4,19.293289501427193,72.8510917845085,K/E,Runaway,48,4
2023-01-16 05:03:00,5,0,1,19.190641914244704,72.94728007201233,T,Trafficking,99,1
2023-10-09 01:57:00,1,0,10,18.94557902898631,72.95856923722178,R/C,Child Labour,51,4
2023-08-15 07:42:00,7,1,8,19.200879766377472,72.99719192431004,R/S,Runaway,74,4
2023-05-08 13:47:00,13,0,5,19.023399197110738,72.94822262508323,H/W,Lost Child,80,4
2023-04-04 22:21:00,22,1,4,18.97872389768458,72.9459063760641,M/W,Trafficking,53,1
2023-04-21 19:57:00,19,4,4,19.066682940728523,72.86430275057663,K/W,Begging,53,5
2023-08-23 22:36:00,22,2,8,19.2940735269577,72.93486917338038,P/N,Runaway,92,3
2023-12-16 19:57:00,19,5,12,19.15156146726903,72.92759262371608,G/N,Begging,90,1
2023-11-24 03:37:00,3,4,11,19.279235417784164,72.91763331899787,R/C,Trafficking,40,2
2023-12-13 16:11:00,16,2,12,19.25268270737081,72.80320395944517,N,Abuse,37,2
2023-05-12 04:32:00,4,4,5,18.93056524927372,72.8277368395084,N,Trafficking,96,1
2023-03-05 20:52:00,20,6,3,19.24606898055739,72.82797555310295,M/E,Lost Child,52,3
2023-10-20 03:31:00,3,4,10,19.089792438157343,72.89001607315245,P/S,Child Labour,78,4
2023-03-17 02:51:00,2,4,3,19.244441568254018,72.80430734959045,C,Abuse,76,2
2023-04-30 05:34:00,5,6,4,19.171248954753185,72.86909534446835,F/S,Lost Child,68,5
2023-06-07 14:42:00,14,2,6,19.046770991593974,72.82319239859805,P/N,Begging,99,3
2023-09-11 21:24:00,21,0,9,19.106663997507745,72.94863571380377,E,Abuse,82,1
2023-08-13 22:58:00,22,6,8,19.136970709109946,72.86199163797039,R/C,Trafficking,75,1
2023-04-28 09:07:00,9,4,4,19.107240516216958,72.98214582694422,N,Lost Child,39,3
2023-09-12 22:13:00,22,1,9,19.29322893231786,72.87015155732541,F/S,Child Labour,80,3
2023-06-25 16:23:00,16,6,6,19.092647367759444,72.98048262704532,R/S,Child Labour,74,2
2023-10-26 00:37:00,0,3,10,19.135848691720803,72.90518749372754,D,Lost Child,90,5
2023-08-16 18:16:00,18,2,8,19.134981499372376,72.92998040209267,B,Abuse,66,4
2023-08-20 22:42:00,22,6,8,19.175844331345484,72.91197402602307,R/S,Lost Child,93,4
2023-03-18 04:12:00,4,5,3,19.211336899747412,72.97301371992363,L,Abuse,57,2
2023-06-17 16:27:00,16,5,6,19.004439557366247,72.96395443863837,C,Abuse,82,1
2023-05-09 23:55:00,23,1,5,19.079278521398475,72.80502659862442,P/N,Trafficking,93,2
2023-07-15 15:56:00,15,5,7,19.148382481840738,72.97440604187177,N,Trafficking,40,2
2023-04-08 11:38:00,11,5,4,19.081551417087372,72.94762930284602,P/S,Abuse,75,1
2023-02-06 20:42:00,20,0,2,18.924576122179403,72.82146057356056,C,Child Labour,55,3
2023-12-20 04:15:00,4,2,12,19.072012513783676,72.84783042753567,R/N,Runaway,31,3
2023-10-10 14:40:00,14,1,10,19.295303442744125,72.90078641025063,M/E,Lost Child,90,4
2023-03-14 10:09:00,10,1,3,19.24482011454807,72.90594675110937,R/S,Abuse,34,2
2023-06-15 00:00:00,0,3,6,19.028647434139263,72.87645182379009,S,Lost Child,82,4
2023-11-16 02:35:00,2,3,11,19.202627100853682,72.9093945304907,P/S,Abuse,56,2
2023-06-14 08:33:00,8,2,6,19.23562867814007,72.81452613197861,H/E,Abuse,96,1
2023-01-26 11:44:00,11,3,1,19.078657431264958,72.82630543316289,D,Child Labour,52,1
2023-09-23 14:53:00,14,5,9,19.29006397263485,72.84138247939525,M/E,Abuse,58,2
2023-10-28 16:19:00,16,5,10,18.977042576653332,72.84111018923862,C,Abuse,49,2
2023-10-25 16:49:00,16,2,10,18.942217483562366,72.80285135739122,M/W,Trafficking,96,2
2023-04-05 13:27:00,13,2,4,19.076652874241397,72.8332190237751,H/E,Child Labour,85,4
2023-06-02 03:57:00,3,4,6,19.01558021758437,72.8470116753059,K/W,Lost Child,82,4
2023-08-24 19:35:00,19,3,8,19.049549121627418,72.8362974504651,S,Runaway,81,4
2023-06-22 16:11:00,16,3,6,19.253916100965743,72.83337185335228,M/W,Trafficking,77,2
2023-11-10 12:48:00,12,4,11,19.15727209285295,72.98453538712037,N,Lost Child,63,5
2023-08-31 07:32:00,7,3,8,19.031540004693092,72.91253912785653,R/C,Lost Child,83,4
2023-03-28 09:26:00,9,1,3,18.95912414859085,72.96755611386556,R/N,Begging,69,3
2023-02-16 02:38:00,2,3,2,19.142064229556777,72.80186673220163,D,Trafficking,37,1
2023-09-26 17:54:00,17,1,9,19.172150596655616,72.9184917673528,H/E,Abuse,90,1
2023-12-07 00:23:00,0,3,12,19.10052824252467,72.95323040121691,F/S,Runaway,54,5
2023-07-05 08:13:00,8,2,7,18.944311185448587,72.80600147160004,S,Begging,93,3
2023-07-31 22:46:00,22,0,7,18.936654529719775,72.93183571878633,N,Abuse,81,1
2023-11-27 12:13:00,12,0,11,19.297396659476547,72.97215329113283,G/S,Child Labour,61,4
2023-04-26 16:44:00,16,2,4,18.97780741358049,72.89085271437985,M/W,Trafficking,65,2
2023-12-30 21:57:00,21,5,12,18.95625644507331,72.81043448650408,G/S,Trafficking,98,1
2023-06-20 15:40:00,15,1,6,18.979484520784474,72.84368277274406,P/S,Begging,73,4
2023-10-01 15:35:00,15,6,10,19.064668627800888,72.97588215437618,M/W,Begging,48,3
2023-12-04 21:26:00,21,0,12,18.98918750559297,72.83718040299829,F/S,Begging,50,5
2023-02-01 10:26:00,10,2,2,19.14237520797489,72.84030165343015,B,Child Labour,30,4
2023-09-18 06:19:00,6,0,9,19.143179200563267,72.83857643470155,M/W,Trafficking,59,2
2023-04-15 11:15:00,11,5,4,18.99477218919649,72.93948801122788,M/E,Lost Child,77,4
2023-10-07 23:06:00,23,5,10,19.259932410221065,72.8819182014765,M/E,Begging,30,5
2023-08-05 00:15:00,0,5,8,18.916903516501563,72.90366654375107,N,Runaway,41,5
2023-09-20 21:00:00,21,2,9,18.984930775190232,72.88220255773419,E,Runaway,72,3
2023-08-24 09:18:00,9,3,8,19.21296532657467,72.8382752918835,S,Begging,62,5
2023-03-14 03:24:00,3,1,3,19.20593034514495,72.88565955252066,M/E,Runaway,55,3
2023-04-15 01:36:00,1,5,4,19.29945277610445,72.94040889996361,P/S,Runaway,63,4
2023-08-30 03:05:00,3,2,8,18.93450237079253,72.8075343140229,L,Runaway,88,3
2023-02-05 22:11:00,22,6,2,19.120920504760083,72.92025383648804,A,Lost Child,32,1
2023-06-13 19:50:00,19,1,6,19.232965781055817,72.96631145088486,L,Child Labour,75,2
2023-12-22 23:49:00,23,4,12,19.0019710670827,72.95418328284983,G/N,Child Labour,82,2
2023-08-29 06:43:00,6,1,8,18.95800565356406,72.94189610192089,A,Begging,34,3
2023-10-23 22:27:00,22,0,10,19.167574791119236,72.83529830300449,E,Runaway,49,4
2023-07-11 18:20:00,18,1,7,19.003990816679078,72.8477355674869,L,Lost Child,76,5
2023-01-03 02:15:00,2,1,1,19.01051597834931,72.89532936412508,P/S,Lost Child,55,4
2023-08-02 15:24:00,15,2,8,18.988897655685577,72.87758252713117,G/N,Child Labour,49,2
2023-09-24 01:38:00,1,6,9,19.22240056429241,72.96349539444833,R/N,Abuse,52,2
2023-08-28 09:10:00,9,0,8,19.289482457008546,72.92322360654944,D,Child Labour,77,2
2023-09-27 01:31:00,1,2,9,19.155006707818604,72.90837119566051,R/N,Lost Child,42,3
2023-09-05 23:51:00,23,1,9,19.106318643521526,72.83718224974261,P/S,Trafficking,60,2
2023-11-14 10:49:00,10,1,11,19.219055780179314,72.94622145834343,F/N,Child Labour,36,4
2023-08-31 16:31:00,16,3,8,18.936076233964176,72.98934820237373,H/W,Begging,69,4
2023-04-29 14:30:00,14,5,4,18.97416938204726,72.84291634836814,K/E,Child Labour,50,3
2023-10-03 18:01:00,18,1,10,19.161747835964047,72.95898318805806,R/S,Lost Child,65,4
2023-11-02 13:53:00,13,3,11,18.94988760386622,72.82512776909249,N,Trafficking,76,2
2023-12-06 11:55:00,11,2,12,19.193355045502837,72.89359399493956,H/W,Runaway,85,5
2023-09-25 13:00:00,13,0,9,18.939869870766554,72.94050780942966,D,Lost Child,94,4
2023-07-26 18:30:00,18,2,7,19.252942722233172,72.9680932982068,P/N,Child Labour,36,3
2023-05-07 20:41:00,20,6,5,19.108234710017044,72.93967173324516,D,Begging,37,5
2023-01-26 05:51:00,5,3,1,19.26820005290037,72.83865604268159,H/E,Abuse,92,2
2023-08-27 07:26:00,7,6,8,19.025341174199458,72.97659919886785,D,Runaway,65,4
2023-09-10 05:30:00,5,6,9,19.059165507249855,72.99590511229353,K/E,Child Labour,53,3
2023-09-17 05:37:00,5,6,9,19.157001712184652,72.85761115570781,D,Child Labour,86,3
2023-03-02 23:12:00,23,3,3,19.224808455775552,72.9166947240304,E,Runaway,54,4
2023-10-12 04:49:00,4,3,10,19.275010496321368,72.83416464545245,T,Child Labour,35,3
2023-02-11 07:11:00,7,5,2,19.027424448741357,72.85654881966238,G/S,Abuse,41,1
2023-10-05 20:18:00,20,3,10,18.95370000884707,72.81024857614253,M/E,Child Labour,75,3
2023-02-01 10:41:00,10,2,2,19.044924811212123,72.87625275987217,H/E,Abuse,33,2
2023-01-26 04:28:00,4,3,1,19.217633126785024,72.91989436871243,H/W,Lost Child,50,4
2023-08-09 04:06:00,4,2,8,19.073587532874797,72.95123448362756,N,Runaway,96,4
2023-10-14 08:03:00,8,5,10,19.169178835021373,72.97277774403588,R/N,Lost Child,88,5
2023-04-01 19:21:00,19,5,4,19.121401066483607,72.96552075988185,N,Runaway,88,5
2023-10-09 09:03:00,9,0,10,18.970264408123786,72.96688186986705,D,Lost Child,54,3
2023-11-11 07:08:00,7,5,11,18.967724653191013,72.90386170016637,H/E,Abuse,39,2
2023-10-02 21:20:00,21,0,10,19.229170270571352,72.81586836201934,D,Lost Child,59,4
2023-10-24 23:25:00,23,1,10,19.168887799658734,72.89789514374692,G/N,Child Labour,73,4
2023-07-24 01:49:00,1,0,7,19.28683230168121,72.81897953578873,T,Runaway,58,3
2023-03-10 11:06:00,11,4,3,19.261312606614073,72.93380257134882,D,Runaway,96,5
2023-02-25 03:43:00,3,5,2,19.04232250600626,72.89291548686266,G/N,Trafficking,98,2
2023-12-11 19:55:00,19,0,12,19.035955001152367,72.84643460990921,M/W,Trafficking,79,1
2023-08-23 08:47:00,8,2,8,19.14317861993878,72.84363721783726,R/C,Abuse,35,2
2023-03-12 01:14:00,1,6,3,19.154580937747124,72.81330939738085,M/W,Lost Child,37,5
2023-03-31 12:44:00,12,4,3,19.12368841457026,72.8248160188281,L,Begging,78,3
2023-05-15 22:37:00,22,0,5,18.932216126354298,72.859510687669,M/E,Abuse,34,2
2023-05-17 15:42:00,15,2,5,19.192108081363358,72.96053776778417,R/C,Child Labour,64,3
2023-05-22 16:50:00,16,0,5,19.29207604251954,72.9000304969002,D,Abuse,60,2
2023-02-27 17:06:00,17,0,2,18.916644747211404,72.93687520124391,N,Trafficking,66,1
2023-09-06 10:46:00,10,2,9,19.250744817760697,72.90056288090021,M/E,Abuse,35,1
2023-10-27 17:01:00,17,4,10,19.18530224170331,72.82033246566361,K/W,Lost Child,33,4
2023-06-29 23:04:00,23,3,6,19.245659235740018,72.99872171529934,A,Begging,52,5
2023-05-30 17:32:00,17,1,5,19.186164401269288,72.87366536822708,H/W,Abuse,48,1
2023-01-11 10:26:00,10,2,1,19.217863240591473,72.89969542446156,G/S,Abuse,34,1
2023-02-23 16:25:00,16,3,2,19.200227020375973,72.93470939036692,S,Child Labour,87,4
2023-05-12 03:29:00,3,4,5,19.229192205065214,72.91482693732125,K/W,Begging,83,4
2023-03-13 08:49:00,8,0,3,19.244087961114424,72.82190244326553,L,Trafficking,67,1
2023-09-14 19:01:00,19,3,9,18.98755510311531,72.93277353469388,F/N,Begging,47,5
2023-07-16 04:11:00,4,6,7,19.226207751056425,72.97120990757068,E,Child Labour,53,2
2023-03-06 15:32:00,15,0,3,18.95250027769602,72.8767144926657,B,Abuse,43,1
2023-04-23 13:47:00,13,6,4,19.133201198261705,72.90742464627256,E,Trafficking,68,2
2023-06-07 21:37:00,21,2,6,19.205887019109696,72.93079888768962,R/N,Trafficking,54,2
2023-05-23 08:16:00,8,1,5,19.293696234037775,72.97794900720461,R/N,Abuse,85,1
2023-10-22 17:00:00,17,6,10,18.92776757485442,72.86157188968282,D,Child Labour,96,4
2023-05-07 03:10:00,3,6,5,18.904848869420015,72.93489073675853,D,Lost Child,60,4
2023-03-07 16:03:00,16,1,3,18.916945596512367,72.94900910996476,A,Lost Child,75,5
2023-12-06 17:42:00,17,2,12,19.1390319836901,72.93121769551296,H/E,Abuse,50,2
2023-08-05 08:30:00,8,5,8,19.0945927132287,72.96234228118998,N,Trafficking,65,1
2023-05-14 19:53:00,19,6,5,19.07657988182937,72.87683186920123,N,Abuse,59,1
2023-02-22 02:27:00,2,2,2,19.187832424125343,72.89836530249472,G/N,Trafficking,36,1
2023-03-09 13:17:00,13,3,3,18.990486780021406,72.98861856666016,K/E,Runaway,83,3
2023-12-06 14:34:00,14,2,12,18.962990247814272,72.86481740749889,E,Abuse,71,2
2023-09-22 14:29:00,14,4,9,18.990161694189563,72.99452137087786,E,Trafficking,82,1
2023-04-16 11:12:00,11,6,4,19.023730200390297,72.8061277482088,C,Abuse,80,1
2023-01-16 21:27:00,21,0,1,19.090108317953383,72.84732677345916,K/E,Begging,74,4
2023-08-17 22:37:00,22,3,8,18.91305588909029,72.92991618338415,L,Trafficking,84,1
2023-09-25 21:38:00,21,0,9,18.991854949182795,72.98993986272687,P/N,Runaway,67,3
2023-06-29 07:58:00,7,3,6,19.20095796074698,72.84732893099488,H/E,Trafficking,52,1
2023-08-03 00:07:00,0,3,8,19.24794499133532,72.92133734398669,S,Runaway,30,5
2023-12-12 12:17:00,12,1,12,19.188983382888807,72.88969004481122,P/S,Runaway,87,4
2023-02-04 02:21:00,2,5,2,18.993270805136365,72.95090435081414,R/C,Trafficking,95,2
2023-03-20 07:36:00,7,0,3,18.943407201873548,72.84314404645261,E,Abuse,59,2
2023-11-10 06:53:00,6,4,11,19.026935829669156,72.97308480892413,H/W,Abuse,97,1
2023-02-17 09:29:00,9,4,2,19.036964324710787,72.93841225265008,M/E,Begging,85,3
2023-07-12 20:14:00,20,2,7,19.027051398643813,72.99102000624357,R/N,Begging,62,4
2023-08-23 17:27:00,17,2,8,18.98283545023721,72.95735961280917,E,Runaway,85,4
2023-09-23 22:08:00,22,5,9,18.949130038942382,72.9997758504443,R/N,Child Labour,74,3
2023-11-14 08:55:00,8,1,11,19.072493827710915,72.91359621798664,L,Child Labour,36,5
2023-10-18 00:25:00,0,2,10,19.21793632812186,72.9181394151948,K/E,Lost Child,81,5
2023-09-19 02:15:00,2,1,9,19.026276982299247,72.88190895000062,D,Child Labour,36,4
2023-09-18 21:55:00,21,0,9,19.09238932392058,72.87416985092995,G/S,Trafficking,73,1
2023-07-03 12:09:00,12,0,7,19.021862212253623,72.8540541086484,H/E,Trafficking,30,2
2023-07-03 00:20:00,0,0,7,18.91023459555229,72.85062536925524,A,Runaway,33,3
2023-05-10 03:53:00,3,2,5,18.9987401642096,72.83780221477029,K/W,Lost Child,98,3
2023-12-11 00:00:00,0,0,12,19.056443726846062,72.91692588854202,A,Begging,46,3
2023-06-05 07:44:00,7,0,6,18.931787594054136,72.86937139259481,G/S,Abuse,46,1
2023-11-22 03:12:00,3,2,11,19.12013867804662,72.83903692862121,P/S,Lost Child,49,5
2023-11-02 15:15:00,15,3,11,19.15005644518471,72.94504574157644,D,Abuse,91,2
2023-05-07 17:46:00,17,6,5,18.954345225902532,72.85163557106576,F/S,Abuse,83,2
2023-05-27 07:13:00,7,5,5,19.086633392209624,72.8610352767063,R/S,Trafficking,71,2
2023-08-20 16:06:00,16,6,8,19.104716582058085,72.96076000408117,L,Runaway,38,4
2023-01-03 01:27:00,1,1,1,19.026679839702048,72.90673332675533,M/W,Trafficking,57,1
2023-05-22 22:10:00,22,0,5,19.086245628765226,72.9578157032,R/N,Begging,96,3
2023-07-16 01:31:00,1,6,7,18.958219569434686,72.8009485493668,P/N,Begging,67,5
2023-09-27 00:37:00,0,2,9,18.915286427982835,72.90839048289726,E,Trafficking,38,2
2023-11-20 02:03:00,2,0,11,19.148325494554236,72.82089693851663,K/W,Child Labour,95,2
2023-08-29 16:13:00,16,1,8,19.17617416808627,72.85796610604258,N,Runaway,60,3
2023-01-29 05:16:00,5,6,1,19.24222942193622,72.93008402540168,N,Lost Child,50,5
2023-09-24 03:27:00,3,6,9,19.236788330264325,72.87949605646106,G/S,Child Labour,67,4
2023-01-28 03:47:00,3,5,1,19.05692333575845,72.98172833090969,P/S,Lost Child,97,4
2023-03-23 03:40:00,3,3,3,19.15001840543069,72.98638398923181,H/E,Runaway,45,5
2023-11-21 23:31:00,23,1,11,19.277643366153367,72.90647022957324,R/C,Child Labour,96,3
2023-05-05 13:23:00,13,4,5,19.15276477511358,72.93761771299529,K/E,Begging,47,5
2023-06-21 06:14:00,6,2,6,19.20160587835104,72.97051533907688,N,Lost Child,49,5
2023-03-25 01:29:00,1,5,3,18.92380812841267,72.82277306407309,G/N,Begging,81,5
2023-08-26 02:58:00,2,5,8,19.01336823467495,72.98135739821693,F/S,Abuse,35,1
2023-05-17 07:53:00,7,2,5,19.25001832570612,72.89481886423216,K/W,Abuse,85,2
2023-02-22 15:40:00,15,2,2,19.105219210866952,72.99708354738145,A,Abuse,33,2
2023-05-29 06:50:00,6,0,5,19.088145325524305,72.88876513537696,R/N,Lost Child,30,4
2023-09-29 19:51:00,19,4,9,18.97936439392911,72.8630963790147,R/N,Abuse,86,2
2023-02-23 04:24:00,4,3,2,19.089593021590513,72.88762895984924,D,Abuse,60,2
2023-06-17 19:26:00,19,5,6,19.233443626497117,72.8874698702708,N,Begging,36,5
2023-01-26 10:07:00,10,3,1,19.271238436632846,72.91433812583034,H/E,Child Labour,34,3
2023-11-18 19:31:00,19,5,11,18.951125785563345,72.85781797108142,P/S,Abuse,94,2
2023-01-20 21:03:00,21,4,1,19.100011490740375,72.98945439762687,T,Lost Child,66,5
2023-03-08 13:58:00,13,2,3,19.21332215661607,72.90697941858869,N,Child Labour,51,4
2023-03-31 17:32:00,17,4,3,19.095286108722423,72.95404916299455,K/E,Trafficking,33,1
2023-10-26 13:41:00,13,3,10,19.27123415617296,72.8862483972505,S,Begging,46,1
2023-12-24 16:07:00,16,6,12,19.195658413850502,72.8181627179438,E,Runaway,37,4
2023-08-08 05:00:00,5,1,8,19.00060971404236,72.81229533660536,F/S,Lost Child,91,4
2023-05-17 23:51:00,23,2,5,19.198256391311926,72.8164037068829,T,Lost Child,67,4
2023-10-20 22:30:00,22,4,10,19.11702865606622,72.9802086531007,F/S,Runaway,32,3
2023-11-11 00:01:00,0,5,11,19.133996741543143,72.811526647009,R/C,Begging,30,5
2023-10-19 22:02:00,22,3,10,19.042498047286124,72.8688119400649,K/E,Runaway,31,4
2023-09-28 13:21:00,13,3,9,19.16542769513218,72.80004829314854,G/N,Runaway,49,5
2023-08-01 20:02:00,20,1,8,19.058039887822343,72.95882475308252,S,Abuse,94,2
2023-03-01 06:40:00,6,2,3,19.10143278003154,72.80252348824888,P/S,Runaway,65,4
2023-12-25 06:09:00,6,0,12,19.232572729248176,72.97151661586071,K/E,Abuse,30,5
2023-12-04 22:25:00,22,0,12,18.92895328944658,72.87608867055945,A,Child Labour,76,2
2023-09-17 18:44:00,18,6,9,19.12854370753344,72.87780588928918,K/E,Begging,89,3
2023-07-31 05:47:00,5,0,7,19.15009681997896,72.90234582755978,R/S,Lost Child,49,5
2023-03-11 05:12:00,5,5,3,19.19053784752979,72.85304647990864,P/S,Runaway,96,4
2023-12-06 22:58:00,22,2,12,19.173412408087597,72.9238352347001,T,Trafficking,39,4
2023-01-12 00:26:00,0,3,1,19.088574334984486,72.831726314507,P/N,Trafficking,32,1
2023-02-27 07:31:00,7,0,2,19.01264929651737,72.90367191273897,D,Lost Child,43,4
2023-11-25 22:40:00,22,5,11,18.90514246883346,72.85084401141044,E,Lost Child,71,3
2023-09-28 01:48:00,1,3,9,18.95208564091532,72.93329657184368,R/C,Runaway,36,3
2023-09-01 02:46:00,2,4,9,19.11951296451914,72.85284163908639,K/E,Child Labour,72,3
2023-03-01 17:07:00,17,2,3,19.193963444483575,72.98195584786512,M/E,Abuse,38,1
2023-10-04 17:56:00,17,2,10,19.054093465928723,72.89764781241779,H/W,Abuse,79,2
2023-03-25 11:05:00,11,5,3,19.217610594663803,72.91869004519128,H/E,Lost Child,57,4
2023-07-03 22:19:00,22,0,7,18.97569841544406,72.94232912854231,H/W,Runaway,75,4
2023-06-30 17:09:00,17,4,6,19.10107094066462,72.90594449115171,B,Abuse,99,2
2023-07-08 15:21:00,15,5,7,19.001995591087564,72.93662777460004,E,Begging,52,4
2023-09-14 13:02:00,13,3,9,19.167762835464988,72.92838677784401,H/W,Begging,89,4
2023-06-15 21:32:00,21,3,6,18.935676117865853,72.83056602727008,T,Runaway,60,5
2023-09-05 06:07:00,6,1,9,18.930271236393597,72.98779247158824,P/S,Trafficking,85,1
2023-06-14 22:13:00,22,2,6,19.059850135716257,72.86875034850266,K/E,Begging,36,5
2023-03-19 16:01:00,16,6,3,18.975678670696208,72.93863858966317,P/S,Runaway,45,5
2023-12-07 05:05:00,5,3,12,19.12594549663198,72.95310626876154,R/N,Begging,80,4
2023-08-10 04:57:00,4,3,8,18.9560439131355,72.95018880051124,F/N,Child Labour,85,4
2023-06-17 11:17:00,11,5,6,19.281755467957943,72.93234409944807,R/C,Begging,80,4
2023-10-13 10:15:00,10,4,10,19.21849997645069,72.95835998112238,K/E,Trafficking,51,2
2023-05-12 16:30:00,16,4,5,19.25996190632444,72.90754821592989,N,Trafficking,57,1
2023-05-14 19:29:00,19,6,5,19.144538121232497,72.83395604326341,R/N,Lost Child,47,3
2023-08-03 16:19:00,16,3,8,18.91634283733374,72.9662120841666,K/W,Trafficking,99,2
2023-03-08 18:08:00,18,2,3,19.09384090077922,72.84382505533902,D,Begging,34,4
2023-03-03 18:12:00,18,4,3,18.919724980629915,72.91068488373942,M/E,Lost Child,63,5
2023-01-14 10:26:00,10,5,1,18.997008363212267,72.87335667504726,D,Begging,70,5
2023-03-06 19:41:00,19,0,3,19.152917598023997,72.84239045378509,F/S,Abuse,64,2
2023-07-13 18:57:00,18,3,7,19.032941365165534,72.91953303887055,F/S,Begging,57,5
2023-06-02 21:31:00,21,4,6,18.99168455088664,72.96827494698259,D,Abuse,67,2
2023-04-15 11:43:00,11,5,4,19.10794899051095,72.84390377117093,P/S,Runaway,54,3
2023-12-05 12:20:00,12,1,12,19.033222391033778,72.8320337735556,A,Abuse,94,2
2023-01-16 01:19:00,1,0,1,19.04280368366024,72.91951322464156,G/S,Begging,98,4
2023-10-07 01:49:00,1,5,10,19.16789426197967,72.88944877286872,K/W,Abuse,53,1
2023-08-07 00:41:00,0,0,8,18.928556535312982,72.95074944165184,R/N,Runaway,39,5
2023-10-25 01:50:00,1,2,10,19.257245924981422,72.80466751155706,D,Trafficking,48,2
2023-07-08 13:00:00,13,5,7,19.280541576220244,72.95190003201108,S,Child Labour,61,2
2023-08-01 10:57:00,10,1,8,19.229504756348174,72.89717063336465,E,Runaway,68,4
2023-10-13 11:43:00,11,4,10,19.22549903394985,72.98033952855835,H/W,Child Labour,59,4
2023-03-15 17:47:00,17,2,3,18.910946260686934,72.94144532303373,D,Abuse,78,1
2023-11-27 05:51:00,5,0,11,19.075469152637503,72.87635461962361,B,Trafficking,74,2
2023-07-20 19:30:00,19,3,7,19.052198906944934,72.85146308499968,F/S,Trafficking,95,1
2023-03-11 18:50:00,18,5,3,19.105597434258783,72.98060132384641,K/W,Abuse,83,1
2023-06-21 03:43:00,3,2,6,19.27290758422854,72.90715268524602,R/C,Trafficking,34,1
2023-12-28 18:19:00,18,3,12,19.081775234900434,72.97728256382761,B,Runaway,73,4
2023-06-14 22:06:00,22,2,6,19.20431108071303,72.95086452256201,P/S,Runaway,63,5
2023-11-24 00:22:00,0,4,11,19.257923837575937,72.98768119334777,P/S,Child Labour,95,4
2023-09-05 02:06:00,2,1,9,19.235430691123604,72.87061005557152,M/E,Child Labour,97,4
2023-05-26 08:21:00,8,4,5,19.275015222407944,72.95197585333128,L,Lost Child,74,5
2023-04-08 12:57:00,12,5,4,19.13969346812555,72.83659676402692,A,Trafficking,48,2
2023-10-16 13:07:00,13,0,10,19.23692800960708,72.90458571501233,R/N,Begging,61,4
2023-05-02 06:29:00,6,1,5,19.166851325123734,72.82617308485108,G/S,Begging,34,3
2023-10-16 20:55:00,20,0,10,19.237860623621412,72.9366341392243,M/W,Abuse,60,1
2023-07-18 23:50:00,23,1,7,19.25165813285676,72.89817274983832,K/W,Trafficking,39,1
2023-05-03 17:08:00,17,2,5,18.94287246437393,72.87117063619748,C,Child Labour,53,4
2023-08-22 04:58:00,4,1,8,19.072097801149052,72.83562700742355,P/N,Trafficking,42,2
2023-06-26 12:11:00,12,0,6,19.023430694168802,72.94453892594088,M/E,Lost Child,45,4
2023-03-28 10:01:00,10,1,3,19.09289749887197,72.9737954034409,P/S,Child Labour,47,3
2023-08-06 09:20:00,9,6,8,19.079976035414447,72.83812469229498,F/N,Begging,92,3
2023-01-05 11:30:00,11,3,1,19.276619449724233,72.82326760422187,B,Lost Child,37,2
2023-02-22 16:17:00,16,2,2,18.92712779756121,72.81716460018825,T,Begging,40,5
2023-06-12 03:21:00,3,0,6,19.17210302290908,72.97028717974052,F/N,Lost Child,78,4
2023-09-28 17:39:00,17,3,9,19.191247537573624,72.84443574701749,P/S,Lost Child,73,3
2023-09-01 23:44:00,23,4,9,19.230530804402417,72.89597715973146,M/W,Runaway,99,5
2023-05-13 18:14:00,18,5,5,19.126683057113397,72.93337531886125,S,Child Labour,37,2
2023-08-18 12:19:00,12,4,8,19.157206895738828,72.91796095791857,G/N,Lost Child,51,3
2023-06-17 13:04:00,13,5,6,18.901060003296458,72.94115720871984,D,Abuse,35,1
2023-09-09 06:43:00,6,5,9,19.195092362988312,72.85752455884769,K/W,Trafficking,33,2
2023-05-05 00:33:00,0,4,5,19.082014605692283,72.83502148630866,B,Trafficking,45,2
2023-08-27 12:38:00,12,6,8,18.93628585072884,72.83327656352088,H/W,Child Labour,91,2
2023-10-15 10:44:00,10,6,10,19.03718181276372,72.91757974243193,S,Lost Child,96,5
2023-07-29 12:26:00,12,5,7,19.192045103153742,72.94638754457104,C,Lost Child,69,3
2023-12-23 23:58:00,23,5,12,19.056538662892173,72.9025069360754,B,Lost Child,32,5
2023-05-06 06:02:00,6,5,5,18.990986246304693,72.99690012829319,R/N,Runaway,76,5
2023-11-26 19:28:00,19,6,11,19.20807047080623,72.80561004544687,B,Child Labour,96,3
2023-02-04 18:41:00,18,5,2,19.27194310486216,72.88738610443991,E,Runaway,78,5
2023-09-18 20:30:00,20,0,9,18.9336489093503,72.91873085508219,C,Lost Child,66,4
2023-11-04 06:51:00,6,5,11,18.964858526099082,72.88082862933018,L,Trafficking,44,2
2023-12-26 01:36:00,1,1,12,19.024979479936746,72.95197767444061,K/E,Lost Child,52,5
2023-02-15 13:29:00,13,2,2,19.025173571732932,72.98384734588343,S,Trafficking,58,4
2023-12-20 23:01:00,23,2,12,18.92733493481522,72.81302163318658,R/N,Runaway,49,5
2023-04-25 19:36:00,19,1,4,19.060058334202893,72.92750520319927,H/E,Child Labour,33,4
2023-06-26 12:28:00,12,0,6,19.15701991098844,72.98239727080899,S,Trafficking,83,1
2023-07-12 01:26:00,1,2,7,19.127613347295508,72.84295595778944,C,Child Labour,65,3
2023-06-26 20:54:00,20,0,6,19.274029948661852,72.90224960661149,M/W,Begging,34,5
2023-09-14 15:55:00,15,3,9,19.245259858439532,72.85160582804158,M/W,Begging,85,3
2023-01-03 08:59:00,8,1,1,18.905619968155992,72.92313728017967,E,Runaway,84,5
2023-02-24 14:58:00,14,4,2,18.94285724039881,72.8882597439554,H/W,Begging,70,5
2023-11-13 21:45:00,21,0,11,18.955067172675804,72.89241691157359,R/N,Trafficking,49,2
2023-01-25 05:09:00,5,2,1,18.924665640547246,72.89747009978375,A,Abuse,99,2
2023-11-06 10:39:00,10,0,11,18.953800474877607,72.9522814011712,G/N,Lost Child,41,4
2023-06-22 18:42:00,18,3,6,19.271307339028876,72.84286046022069,D,Child Labour,72,3
2023-03-18 07:30:00,7,5,3,19.217441214177388,72.9743686483253,P/N,Child Labour,99,3
2023-10-11 14:49:00,14,2,10,19.188450162156947,72.8422095403918,L,Abuse,76,2
2023-08-09 21:44:00,21,2,8,18.961801039089433,72.91825343007753,M/E,Trafficking,98,1
2023-06-22 06:58:00,6,3,6,19.250327674640094,72.98170302452186,P/N,Abuse,71,1
2023-02-13 01:02:00,1,0,2,19.064518002483993,72.87377348416288,K/E,Abuse,62,2
2023-12-27 23:33:00,23,2,12,18.97286496968433,72.92398317009132,N,Abuse,80,2
2023-10-10 11:39:00,11,1,10,19.14431431747996,72.87142079987163,R/C,Child Labour,62,3
2023-01-16 14:25:00,14,0,1,19.28874982021919,72.84252082835164,H/E,Lost Child,31,3
2023-06-28 10:40:00,10,2,6,19.040273997288793,72.83927893449878,A,Begging,66,4
2023-06-28 06:45:00,6,2,6,18.91962870566244,72.95763553538498,S,Begging,97,3
2023-01-30 04:08:00,4,0,1,18.934867052862963,72.86345527445722,F/N,Lost Child,84,5
2023-08-18 03:41:00,3,4,8,18.98778746189916,72.88378918506717,R/C,Abuse,81,4
2023-05-07 17:34:00,17,6,5,18.97584223343874,72.98523757487885,F/S,Trafficking,32,2
2023-02-20 11:25:00,11,0,2,19.099862560354005,72.97114223427681,C,Child Labour,31,2
2023-12-03 06:37:00,6,6,12,19.231852973775073,72.99693532805094,G/N,Child Labour,64,2
2024-01-01 14:51:00,14,0,1,19.029726203977507,72.90798573686678,G/S,Trafficking,47,1
2023-07-30 17:31:00,17,6,7,19.285579116274214,72.8385225257473,T,Runaway,58,5
2023-03-23 09:20:00,9,3,3,19.24448389231921,72.8633156417125,D,Runaway,55,3
2023-12-01 13:18:00,13,4,12,19.017880322430734,72.9935177229254,K/E,Child Labour,46,4
2023-12-21 00:14:00,0,3,12,19.002642287281883,72.92216695120338,F/N,Runaway,36,1
2023-11-02 13:57:00,13,3,11,19.082779490075982,72.8023313051798,K/E,Runaway,87,4
2023-01-31 12:53:00,12,1,1,19.054644576856596,72.80705489336817,G/S,Abuse,74,2
2023-01-03 23:05:00,23,1,1,19.238523460468407,72.98096715333462,L,Begging,82,4
2023-12-30 21:21:00,21,5,12,19.124886728578836,72.89022767449757,P/N,Trafficking,46,1
2023-08-14 17:08:00,17,0,8,18.963580168276884,72.93635289445267,T,Lost Child,67,5
2023-05-04 15:11:00,15,3,5,19.21321201973195,72.82724486744604,D,Runaway,56,4
2023-02-21 10:49:00,10,1,2,19.071686539355728,72.86064674410625,R/N,Child Labour,84,2
2023-07-03 18:13:00,18,0,7,18.902012030073166,72.87950760297076,G/S,Begging,38,4
2023-09-01 18:06:00,18,4,9,19.279038046404647,72.81965870507966,A,Begging,94,5
2023-08-11 15:25:00,15,4,8,19.000960879202548,72.9437539156465,R/N,Abuse,94,2
2023-09-18 06:51:00,6,0,9,19.03396123539746,72.81966256431687,R/S,Abuse,62,2
2023-02-20 22:17:00,22,0,2,18.930842723132706,72.80454776355592,F/S,Lost Child,66,4
2023-09-29 21:24:00,21,4,9,19.20000601362691,72.85018827237913,R/C,Abuse,46,1
2023-09-02 17:18:00,17,5,9,19.211176799989584,72.80876926762615,F/N,Trafficking,96,1
2023-11-25 17:09:00,17,5,11,19.291797658915026,72.92048555589135,G/N,Abuse,64,2
2023-05-22 06:02:00,6,0,5,19.28702402104228,72.9768683795195,L,Abuse,66,2
2023-02-19 17:12:00,17,6,2,18.98561156814005,72.96825629513667,T,Lost Child,35,3
2023-03-14 22:46:00,22,1,3,19.162384754804357,72.9792857046808,P/S,Runaway,82,4
2023-03-12 00:40:00,0,6,3,19.15368472976959,72.85624791891472,M/E,Begging,54,5
2023-12-01 15:58:00,15,4,12,19.27531389390449,72.80240136302945,P/N,Begging,41,3
2023-06-19 14:32:00,14,0,6,19.198396654148592,72.88385908972921,R/C,Begging,88,3
2023-11-29 18:47:00,18,2,11,18.9188314284834,72.88416469587499,D,Lost Child,58,5
2023-09-04 18:30:00,18,0,9,19.021679722585088,72.92570643421047,P/S,Abuse,47,4
2023-12-30 02:59:00,2,5,12,19.150183552303766,72.82273946285416,K/E,Lost Child,37,5
2023-09-03 21:43:00,21,6,9,19.223110698014825,72.83339531691297,N,Trafficking,58,1
2023-07-07 08:17:00,8,4,7,19.12868605714801,72.9941259278199,F/S,Child Labour,92,3
2023-01-25 20:55:00,20,2,1,19.219647545141328,72.90690908061599,P/S,Abuse,62,2
2023-08-07 22:40:00,22,0,8,19.031351474225037,72.95389966455622,P/N,Lost Child,45,5
2023-08-03 19:16:00,19,3,8,18.94383128743745,72.91708975524553,H/E,Child Labour,57,3
2023-06-19 10:21:00,10,0,6,19.153877716637894,72.93822678808246,N,Begging,99,5
2023-06-19 03:24:00,3,0,6,19.28116005987596,72.9205541391988,R/S,Runaway,47,5
2023-07-13 22:41:00,22,3,7,18.90610680378626,72.88462722805066,F/N,Abuse,93,2
2023-09-11 01:00:00,1,0,9,19.04123627022611,72.97610963395955,S,Abuse,51,1
2023-03-24 14:03:00,14,4,3,19.214134854078722,72.9786329388056,H/W,Begging,72,3
2023-03-20 16:19:00,16,0,3,18.922864790161192,72.8118628988726,R/C,Begging,45,5
2023-03-24 19:59:00,19,4,3,19.158238049056077,72.98540669190686,H/E,Runaway,79,5
2023-06-23 01:32:00,1,4,6,19.067871252647457,72.93524259070514,H/E,Abuse,43,2
2023-03-01 11:39:00,11,2,3,18.911734793624106,72.83599680618899,C,Lost Child,79,5
2023-09-12 01:53:00,1,1,9,18.969298466436538,72.96281110912192,R/N,Trafficking,49,2
2023-02-15 16:56:00,16,2,2,19.086967441947177,72.84085467559187,G/N,Abuse,71,1
2023-09-10 12:52:00,12,6,9,18.96713036027986,72.81898477277245,R/S,Abuse,37,1
2023-03-23 00:26:00,0,3,3,18.949498228554493,72.94925981494964,C,Begging,47,5
2023-06-29 19:37:00,19,3,6,18.98234936525271,72.91496867020386,L,Trafficking,60,1
2023-08-01 01:50:00,1,1,8,19.147270232640466,72.99197308401946,K/W,Runaway,84,3
2023-03-09 01:32:00,1,3,3,18.94242090179125,72.97463485907753,M/W,Begging,76,5
2023-07-22 00:06:00,0,5,7,18.940306775745892,72.87821718576699,S,Trafficking,89,1
2023-03-01 20:41:00,20,2,3,18.980193145653633,72.8035841536219,R/N,Trafficking,82,2
2023-12-18 11:45:00,11,0,12,19.204617008626123,72.8296046411422,C,Runaway,91,3
2023-10-15 15:58:00,15,6,10,19.006374844653575,72.98534829148473,P/N,Lost Child,92,5
2023-09-26 18:29:00,18,1,9,19.120227658802932,72.9800913256997,R/N,Abuse,39,2
2023-08-08 16:12:00,16,1,8,18.97557734688396,72.82177103752117,T,Abuse,65,2
2023-03-05 22:54:00,22,6,3,18.900125774023145,72.93876483658903,K/W,Trafficking,59,3
2023-11-03 22:24:00,22,4,11,19.174321989562266,72.90689855364606,R/C,Child Labour,73,2
2023-09-29 17:31:00,17,4,9,18.986762623603877,72.92937491079452,R/C,Begging,58,4
2023-11-23 19:19:00,19,3,11,19.150864726194577,72.82571009809216,R/C,Begging,82,4
2023-01-22 03:22:00,3,6,1,18.986507792096802,72.82623723822155,R/S,Child Labour,86,2
2023-07-01 19:34:00,19,5,7,19.20493957975775,72.99455425399945,K/E,Lost Child,46,4
2023-02-24 22:34:00,22,4,2,19.026724188722408,72.96887503044113,F/N,Abuse,74,1
2023-11-24 06:32:00,6,4,11,18.94448721979768,72.89354706991718,M/W,Child Labour,86,4
2023-07-19 13:59:00,13,2,7,19.065967473204754,72.88289578378024,H/W,Abuse,75,5
2023-11-06 16:47:00,16,0,11,19.040875517263686,72.95817598456611,T,Child Labour,53,2
2023-02-21 15:30:00,15,1,2,19.112799156197813,72.92938360499642,E,Child Labour,51,3
2023-10-18 05:01:00,5,2,10,19.264298283963818,72.85320339439586,L,Begging,66,4
2023-12-03 03:24:00,3,6,12,19.087893901998246,72.92521246612327,T,Runaway,92,3
2023-06-02 23:48:00,23,4,6,19.083188960997234,72.85986865562218,S,Abuse,44,1
2023-10-19 12:28:00,12,3,10,19.288341194036416,72.81509915480186,C,Lost Child,57,3
2023-05-28 09:13:00,9,6,5,19.206092801877777,72.87099068448825,E,Abuse,51,2
2023-04-20 16:26:00,16,3,4,18.97420139147492,72.90257045389097,C,Runaway,81,3
2023-07-28 06:56:00,6,4,7,19.162515513199963,72.85708876272759,M/E,Trafficking,76,2
2023-03-03 09:42:00,9,4,3,19.103581396267337,72.93939464942225,T,Lost Child,45,3
2023-05-24 07:48:00,7,2,5,18.981689833618336,72.89366140234853,N,Trafficking,55,2
2023-08-11 15:45:00,15,4,8,19.21291672522838,72.91050087501995,R/S,Runaway,45,5
2023-05-11 15:17:00,15,3,5,19.008903284677555,72.98484496519744,G/S,Begging,50,3
2023-02-03 08:39:00,8,4,2,18.981928840451236,72.89964188393766,H/E,Lost Child,86,4
2023-12-28 17:59:00,17,3,12,19.201775083309848,72.96492851625885,H/W,Child Labour,68,2
2023-07-11 18:17:00,18,1,7,18.926722887314842,72.86162128864838,R/S,Runaway,43,4
2023-03-09 19:10:00,19,3,3,19.02975409327956,72.89797758018096,L,Runaway,68,4
2023-10-03 12:06:00,12,1,10,19.27958241879901,72.9640473274107,H/E,Begging,77,3
2023-09-19 09:19:00,9,1,9,18.94585028153456,72.8631407187659,R/C,Runaway,69,3
2023-06-27 05:12:00,5,1,6,18.944512991319712,72.89165690480073,H/W,Child Labour,42,2
2023-10-27 04:31:00,4,4,10,18.953427828058782,72.95995124690518,C,Begging,36,3
2023-01-31 21:00:00,21,1,1,19.0579049944132,72.93211133985209,A,Lost Child,99,4
2023-10-12 07:30:00,7,3,10,19.02064892030051,72.88601081819338,M/W,Runaway,40,4
2023-12-23 07:36:00,7,5,12,19.284747841084144,72.91418636499786,A,Abuse,43,2
2023-11-04 07:07:00,7,5,11,19.20997576621911,72.9505626815098,F/N,Lost Child,80,3
2023-08-06 22:42:00,22,6,8,19.255634604606335,72.81891607755105,N,Lost Child,40,5
2023-05-06 00:00:00,0,5,5,19.281803545520212,72.93830054838118,A,Abuse,67,2
2023-09-04 14:48:00,14,0,9,19.217413914512424,72.87976404542422,A,Lost Child,68,5
2023-04-10 08:11:00,8,0,4,19.13498559065703,72.8397427395141,P/S,Trafficking,40,2
2023-11-07 17:38:00,17,1,11,19.056823347152218,72.97981249225899,F/S,Lost Child,52,3
2023-03-16 14:31:00,14,3,3,19.176367216821664,72.88639139143353,P/N,Lost Child,49,5
2023-05-26 08:04:00,8,4,5,19.27965194170243,72.98438146835883,N,Trafficking,36,1
2023-12-01 22:20:00,22,4,12,19.2103957793975,72.91191884630496,P/N,Begging,93,3
2023-11-25 09:11:00,9,5,11,19.018558661127127,72.98448059400391,H/W,Lost Child,93,3
2023-09-16 01:35:00,1,5,9,18.911707655496496,72.8083947516892,F/S,Begging,56,4
2023-09-12 20:19:00,20,1,9,18.99323851610863,72.91387650720526,D,Trafficking,68,1
2023-10-24 23:55:00,23,1,10,18.946784430800108,72.97659231605667,A,Begging,51,5
2024-01-01 22:15:00,22,0,1,19.223949572742285,72.97657986163792,R/N,Lost Child,52,5
2023-10-25 01:41:00,1,2,10,18.90473057775475,72.87675097385085,L,Runaway,39,4
2023-06-04 21:20:00,21,6,6,19.2407651620046,72.97051160876168,K/W,Lost Child,85,3
2023-06-21 18:36:00,18,2,6,19.030603068285743,72.82480919712162,R/S,Lost Child,57,3
2023-02-10 21:22:00,21,4,2,18.98790383222129,72.86420457587396,F/N,Begging,78,5
2023-03-04 01:18:00,1,5,3,19.144895952043523,72.88723873074576,K/W,Lost Child,97,5
2023-10-26 18:43:00,18,3,10,19.1982815894392,72.83262239074763,D,Trafficking,74,1
2023-01-20 19:23:00,19,4,1,19.063269727584707,72.9299288719207,L,Lost Child,93,4
2023-02-01 00:58:00,0,2,2,19.037801183606128,72.90045652460073,D,Lost Child,89,3
2023-03-18 03:02:00,3,5,3,19.020902934406227,72.8132062261018,R/C,Runaway,69,3
2023-10-04 14:58:00,14,2,10,19.12788805168017,72.9254389289464,H/E,Runaway,89,3
2023-02-03 04:38:00,4,4,2,19.124410869606407,72.80217577990348,R/S,Child Labour,47,4
2023-03-11 11:59:00,11,5,3,19.12229739925834,72.82615273254235,F/S,Child Labour,54,4
2023-05-31 15:22:00,15,2,5,19.264782445479835,72.87707903630974,F/S,Begging,32,5
2023-03-25 19:03:00,19,5,3,19.167190803838665,72.88569343885767,R/C,Runaway,73,5
2023-04-02 07:51:00,7,6,4,19.012606532352446,72.80896936580463,G/N,Runaway,52,3
2023-11-04 14:54:00,14,5,11,19.184294017623216,72.91103486719045,M/E,Trafficking,57,2
2023-05-17 02:54:00,2,2,5,19.09700627193686,72.80461874775577,M/W,Runaway,85,4
2023-10-08 10:47:00,10,6,10,19.260226003253297,72.96036584935742,R/C,Child Labour,53,2
2023-05-23 16:47:00,16,1,5,18.911320069461645,72.90428342739244,B,Lost Child,40,3
2023-01-15 04:27:00,4,6,1,19.004799143488277,72.97630300981304,A,Abuse,30,2
2023-05-22 07:25:00,7,0,5,18.995834331823673,72.83254624917379,D,Abuse,44,1
2023-04-14 19:16:00,19,4,4,19.093172895714197,72.88642418957956,C,Abuse,97,1
2023-01-19 16:04:00,16,3,1,18.90738977966147,72.96617195326434,H/E,Child Labour,38,2
2023-10-09 04:56:00,4,0,10,19.10993646830875,72.89640609455424,N,Abuse,39,2
2023-12-29 15:39:00,15,4,12,19.212230481425667,72.90560270958898,D,Child Labour,30,4
2023-03-14 13:11:00,13,1,3,19.20563806761435,72.90383684072975,H/W,Runaway,72,4
2023-04-22 01:11:00,1,5,4,19.02245217007148,72.86874117999625,K/W,Trafficking,30,2
2023-01-17 18:58:00,18,1,1,19.254557220281363,72.95332526215314,C,Trafficking,49,1
2023-02-07 21:47:00,21,1,2,19.150853943806204,72.87570986830998,K/E,Begging,34,5
2023-10-25 03:17:00,3,2,10,19.180803502529436,72.84646194867595,K/E,Trafficking,34,2
2023-08-14 16:58:00,16,0,8,19.275661107712157,72.88093889222394,H/E,Trafficking,79,2
2023-12-13 07:40:00,7,2,12,19.197222731770168,72.90334792446946,R/S,Runaway,62,4
2023-06-17 19:12:00,19,5,6,19.294178210626832,72.80644907305123,B,Trafficking,58,1
2023-07-09 21:20:00,21,6,7,19.083373725610134,72.91812462937274,M/E,Child Labour,53,2
2023-05-08 13:25:00,13,0,5,19.278260957527237,72.9004292338194,H/E,Trafficking,86,1
2023-01-05 07:51:00,7,3,1,19.078961774404053,72.90537205992445,M/W,Abuse,66,2
2023-04-01 07:43:00,7,5,4,18.931544459354566,72.93073085270491,H/E,Child Labour,58,3
2023-02-20 09:14:00,9,0,2,19.14113346138767,72.95059353543141,R/N,Trafficking,46,1
2023-02-08 20:42:00,20,2,2,19.129471556144306,72.95350869086948,F/N,Abuse,42,1
2023-04-18 12:14:00,12,1,4,18.962329474464482,72.81462926138785,F/S,Begging,61,3
2023-08-20 22:06:00,22,6,8,19.163719348913595,72.98389419724559,R/C,Abuse,38,2
2023-07-23 08:56:00,8,6,7,19.25739924795499,72.92568321312005,N,Child Labour,91,2
2023-09-06 05:54:00,5,2,9,18.92178543526776,72.82277605446359,M/E,Trafficking,68,2
2023-12-01 03:30:00,3,4,12,19.237104270633086,72.97774839125894,K/E,Child Labour,73,4
2023-04-04 18:46:00,18,1,4,19.148165755279727,72.9157357335856,G/N,Abuse,51,1
2023-08-05 21:45:00,21,5,8,19.181177732262228,72.94110766357743,C,Begging,41,5
2023-12-13 06:52:00,6,2,12,19.13998933821409,72.96310271980323,F/N,Child Labour,93,3
2023-05-24 11:11:00,11,2,5,19.028813510944097,72.905694383021,G/N,Abuse,57,2
2023-03-20 22:02:00,22,0,3,18.948431690232077,72.86120754084382,B,Trafficking,91,2
2023-09-05 21:15:00,21,1,9,19.03884011136099,72.84439866212381,R/S,Begging,36,5
2023-04-09 06:44:00,6,6,4,19.119492643169995,72.91775522649803,F/S,Runaway,30,4
2023-08-04 02:10:00,2,4,8,19.062460775100785,72.97055863713085,P/N,Begging,75,4
2023-04-23 20:29:00,20,6,4,19.271082857202956,72.94532231723116,R/S,Begging,35,5
2023-08-05 13:07:00,13,5,8,18.97114109822968,72.81175783731484,P/N,Lost Child,52,3
2023-05-14 12:29:00,12,6,5,19.123128180440997,72.86447797085488,R/N,Trafficking,55,5
2023-09-24 17:49:00,17,6,9,19.143741468540497,72.91987266975114,F/S,Runaway,89,3
2023-06-08 06:41:00,6,3,6,19.207993843298084,72.94111342588043,N,Child Labour,56,2
2023-12-23 02:33:00,2,5,12,18.97253266929153,72.92110453797913,B,Runaway,86,4
2023-01-10 06:32:00,6,1,1,19.013047180208982,72.91081833518247,R/C,Child Labour,70,4
2023-04-14 10:31:00,10,4,4,19.083847841884225,72.80959970223681,K/E,Trafficking,84,2
2023-06-02 14:51:00,14,4,6,19.132581734562354,72.80792198533854,K/E,Lost Child,53,4
2023-09-28 10:11:00,10,3,9,19.01174820870473,72.87544760003244,T,Abuse,84,1
2023-06-09 23:22:00,23,4,6,18.946639441104935,72.89872464255248,D,Lost Child,58,4
2023-02-15 00:04:00,0,2,2,18.993093371124882,72.9196627812796,P/S,Child Labour,88,3
2023-05-10 05:08:00,5,2,5,19.287248002935048,72.86508415135926,R/N,Begging,37,5
2023-10-08 08:32:00,8,6,10,18.97937946298664,72.89467319907405,B,Child Labour,43,4
2023-05-31 23:49:00,23,2,5,18.934485498656375,72.8210066967962,T,Begging,89,3
2023-03-10 02:07:00,2,4,3,18.982628001281885,72.86254386659891,A,Lost Child,76,5
2023-05-16 20:05:00,20,1,5,19.18517132087219,72.82765356950128,H/E,Runaway,54,3
2023-11-11 18:09:00,18,5,11,19.004150017622514,72.87183745946781,H/W,Begging,36,3
2023-12-04 01:01:00,1,0,12,19.076380694819314,72.99787136683287,C,Begging,82,3
2023-11-22 01:40:00,1,2,11,19.252276813126926,72.96147976791381,B,Child Labour,30,2
2023-02-10 00:13:00,0,4,2,19.253450382123738,72.904253442415,B,Begging,36,3
2023-07-05 22:51:00,22,2,7,19.285833145135275,72.91061229535637,H/W,Child Labour,61,2
2023-01-05 10:58:00,10,3,1,18.921657076037956,72.89664710318819,H/E,Runaway,83,3
2023-07-29 07:21:00,7,5,7,19.16917979580009,72.91383797187741,A,Abuse,65,1
2023-03-22 05:18:00,5,2,3,18.91907326103887,72.90080041710718,K/W,Abuse,73,2
2023-04-19 11:00:00,11,2,4,19.009069408132685,72.94237645691972,R/N,Abuse,70,1
2023-04-09 19:46:00,19,6,4,19.146323026711126,72.94804560385155,H/W,Abuse,71,2
2023-06-12 09:59:00,9,0,6,19.00355689743433,72.93876871366251,K/W,Trafficking,38,2
2023-01-06 09:14:00,9,4,1,19.22787028357112,72.99287417072466,R/C,Trafficking,79,2
2023-10-02 23:29:00,23,0,10,19.089453781763204,72.9764038267608,R/S,Child Labour,71,3
2023-07-06 17:53:00,17,3,7,19.272218331994214,72.82233962737055,B,Abuse,53,1
2023-07-06 14:30:00,14,3,7,19.048850428244368,72.85986792534163,F/N,Child Labour,99,2
2023-08-04 16:39:00,16,4,8,19.195454858756648,72.86264375034328,B,Lost Child,73,3
2023-04-12 14:18:00,14,2,4,19.11779437671275,72.91694766247032,K/E,Begging,37,4
2023-06-05 20:40:00,20,0,6,19.079037576937367,72.8321210064774,M/W,Abuse,70,1
2023-11-22 13:36:00,13,2,11,19.057143460908353,72.96656919445583,B,Runaway,69,3
2023-11-14 17:27:00,17,1,11,18.980092134057568,72.91538906498171,B,Abuse,54,1
2023-11-30 19:20:00,19,3,11,18.90194168184891,72.84719746904388,M/E,Trafficking,38,1
2023-05-06 08:17:00,8,5,5,19.210984792726922,72.93347136816482,M/E,Trafficking,47,2
2023-03-24 22:59:00,22,4,3,19.25488605736999,72.90589730503984,H/W,Lost Child,48,5
2023-07-13 13:06:00,13,3,7,18.954268021772318,72.80802494568444,C,Begging,71,5
2023-06-19 09:34:00,9,0,6,18.93966740783184,72.98629129510634,H/E,Lost Child,75,5
2023-04-21 00:55:00,0,4,4,19.131977722834545,72.8763694501234,H/W,Child Labour,77,3
2023-06-19 03:10:00,3,0,6,19.210598789869135,72.84718157625989,E,Lost Child,62,4
2023-07-06 06:18:00,6,3,7,19.12068280411294,72.81427639576583,H/E,Abuse,78,2
2023-05-20 12:35:00,12,5,5,19.26656672605793,72.85776087653235,K/W,Runaway,41,5
2023-12-18 08:42:00,8,0,12,19.06172059728478,72.89926376622786,P/S,Begging,92,3
2023-08-05 01:05:00,1,5,8,19.25192508100585,72.84331954795162,F/N,Child Labour,84,4
2023-04-13 11:50:00,11,3,4,18.996774122462632,72.86604930752492,M/E,Child Labour,57,3
2023-10-08 18:34:00,18,6,10,18.952938026979968,72.96513165023995,H/E,Abuse,71,1
2023-09-06 13:47:00,13,2,9,19.205014052040646,72.95109117267752,E,Runaway,66,4
2023-08-31 07:11:00,7,3,8,18.900023037996597,72.93583473873534,T,Runaway,68,5
2023-09-01 01:07:00,1,4,9,19.154202539922515,72.9757027616912,G/N,Begging,84,4
2023-07-07 21:22:00,21,4,7,19.176169157134375,72.91763531498438,E,Runaway,86,3
2023-03-13 22:53:00,22,0,3,19.068588340711067,72.84533698676933,D,Lost Child,63,3
2023-07-27 05:38:00,5,3,7,19.12646622742218,72.87989677006354,B,Child Labour,85,2
2023-06-20 16:48:00,16,1,6,19.145125936258435,72.96724671739192,B,Begging,81,3
2023-08-28 12:00:00,12,0,8,18.908214643133814,72.9593049061956,K/W,Trafficking,59,2
2023-04-22 11:20:00,11,5,4,19.12005909409624,72.97598266341845,G/S,Child Labour,60,2
2023-01-07 17:24:00,17,5,1,19.21774431326007,72.9774743647561,P/N,Trafficking,66,1
2023-12-04 22:24:00,22,0,12,19.012944582334438,72.85279124970457,S,Abuse,90,1
2023-07-18 18:52:00,18,1,7,19.274006939837818,72.90678186621821,R/C,Begging,74,3
2023-12-10 22:02:00,22,6,12,19.026028102742664,72.97621929139159,R/C,Begging,40,3
2023-03-12 07:42:00,7,6,3,19.205392299197033,72.91746449674712,S,Trafficking,63,2
2023-03-12 11:24:00,11,6,3,19.097232835441012,72.86113380760469,G/S,Child Labour,33,3
2023-06-09 20:19:00,20,4,6,19.187375426522852,72.82697099832048,G/N,Child Labour,67,2
2023-09-25 12:09:00,12,0,9,19.069332687947945,72.95649384235101,T,Abuse,70,2
2023-07-28 04:05:00,4,4,7,19.274065405985287,72.90054397117163,R/C,Trafficking,99,2
2023-09-14 19:44:00,19,3,9,19.22468947853007,72.86127367890782,C,Trafficking,69,2
2023-05-26 05:11:00,5,4,5,19.228274619618098,72.90291655791818,C,Child Labour,45,2
2023-05-01 10:25:00,10,0,5,19.22742336817677,72.84434844222918,R/N,Child Labour,93,3
2023-04-08 08:40:00,8,5,4,19.253704595689193,72.96345591045511,H/W,Begging,43,5
2023-01-27 03:27:00,3,4,1,19.120822168120984,72.99453732628534,N,Begging,65,4
2023-09-23 06:31:00,6,5,9,19.286187969647912,72.84165325876344,M/W,Lost Child,88,4
2023-10-17 04:50:00,4,1,10,19.24847283338662,72.8532631390752,K/E,Trafficking,93,1
2023-02-26 17:08:00,17,6,2,18.981638029630346,72.9813845336269,S,Trafficking,51,1
2023-05-05 09:23:00,9,4,5,19.089984967780797,72.94612373440994,T,Abuse,46,2
2023-06-20 11:44:00,11,1,6,18.934731538888247,72.85777990824583,H/W,Lost Child,71,4
2023-11-14 23:34:00,23,1,11,19.17046155548645,72.81607256239464,P/S,Trafficking,78,2
2023-07-01 00:24:00,0,5,7,19.053005020876366,72.89427696652811,R/C,Trafficking,42,1
2023-02-27 06:55:00,6,0,2,19.18111790508761,72.97572922172974,N,Begging,97,3
2023-12-13 17:06:00,17,2,12,18.977380009052798,72.80135076085035,D,Trafficking,53,2
2023-06-10 22:57:00,22,5,6,19.034937276522786,72.86369963715067,P/S,Begging,40,3
2023-01-13 06:54:00,6,4,1,18.94411874865386,72.8349087553818,S,Trafficking,73,2
2023-04-15 17:52:00,17,5,4,19.057679153115767,72.90532267431824,T,Trafficking,43,2
2023-10-28 00:32:00,0,5,10,19.038846496790875,72.83192852578776,L,Child Labour,58,3
2023-03-20 21:42:00,21,0,3,19.147220586705334,72.80778452005657,R/C,Child Labour,44,3
2023-06-28 03:25:00,3,2,6,19.085648151695594,72.85479045113495,D,Trafficking,74,2
2023-03-13 02:07:00,2,0,3,19.01754766474909,72.98673946169258,K/W,Lost Child,76,4
2023-11-09 13:48:00,13,3,11,19.0231404127711,72.9635429676506,H/E,Trafficking,32,1
2023-09-11 04:30:00,4,0,9,19.238756481798116,72.88376368067725,R/C,Lost Child,55,4
2023-09-09 21:48:00,21,5,9,18.984371768622328,72.84854295931699,R/S,Trafficking,60,2
2023-09-26 12:58:00,12,1,9,19.068983227537526,72.9834084398134,R/S,Child Labour,36,2
2023-12-14 06:53:00,6,3,12,19.258890662885854,72.89835897979104,L,Begging,96,3
2023-04-16 11:39:00,11,6,4,19.072344174128535,72.8699185554795,P/S,Runaway,49,5
2023-11-08 00:09:00,0,2,11,18.908288284208567,72.87644502593079,A,Child Labour,52,3
2023-12-21 01:03:00,1,3,12,19.286753786573907,72.90217882145922,G/N,Begging,89,3
2023-02-16 11:32:00,11,3,2,19.03420430347092,72.88076214395635,P/S,Begging,64,3
2023-02-05 03:18:00,3,6,2,19.176054748200897,72.88117021719016,D,Trafficking,65,2
2023-06-28 08:26:00,8,2,6,19.253586184771503,72.99764542649643,R/S,Runaway,34,4
2023-02-21 16:50:00,16,1,2,19.209994530228176,72.86648180512526,H/E,Child Labour,81,3
2023-03-15 06:24:00,6,2,3,19.216284472422647,72.99592842535812,F/N,Begging,83,5
2023-09-25 14:31:00,14,0,9,19.259443953039884,72.91239843000744,S,Lost Child,50,3
2023-04-01 16:01:00,16,5,4,18.941318979219318,72.9483445204189,M/E,Trafficking,62,2
2023-09-24 15:47:00,15,6,9,19.100994553615443,72.95491951103182,D,Lost Child,30,4
2023-07-13 01:08:00,1,3,7,18.99484427366711,72.89553421599658,B,Lost Child,36,4
2023-07-28 11:20:00,11,4,7,18.908122341918535,72.97790278399435,P/S,Runaway,92,5
2023-12-05 08:19:00,8,1,12,18.928418543423067,72.85460871014921,H/W,Lost Child,65,5
2023-04-16 22:01:00,22,6,4,19.065276144185116,72.86044481640438,R/C,Child Labour,36,4
2023-01-11 18:57:00,18,2,1,19.286950906999408,72.92653375742337,S,Trafficking,81,1
2023-11-14 09:06:00,9,1,11,19.24285820116043,72.81854341945741,F/S,Lost Child,84,3
2023-02-13 19:54:00,19,0,2,19.101133263789368,72.8136532459522,K/W,Lost Child,57,4
2023-11-11 16:57:00,16,5,11,18.941602996351822,72.98131938004386,G/S,Child Labour,57,3
2023-07-15 16:44:00,16,5,7,19.1633562723396,72.89644513701556,N,Begging,51,5
2023-11-28 12:25:00,12,1,11,18.94521346217532,72.93449619969276,H/W,Trafficking,95,2
2023-08-08 12:29:00,12,1,8,19.07737954626498,72.8465685709318,C,Child Labour,51,4
2023-07-01 14:44:00,14,5,7,19.022800472237552,72.98866592698853,R/C,Child Labour,72,4
2023-02-04 23:46:00,23,5,2,19.11819468114531,72.94884978807436,R/N,Child Labour,32,3
2023-04-04 19:09:00,19,1,4,19.07124224275795,72.8436995225079,R/S,Begging,51,5
2023-08-06 13:34:00,13,6,8,19.2963924052546,72.80548315185864,R/C,Child Labour,56,4
2023-12-05 00:50:00,0,1,12,19.080583178646535,72.89451548090582,C,Begging,86,3
2023-09-04 22:14:00,22,0,9,18.94672012612274,72.82599463579817,H/W,Lost Child,97,5
2023-03-19 16:40:00,16,6,3,18.99644859713082,72.85461175019357,H/W,Runaway,54,5
2023-09-21 16:08:00,16,3,9,19.222857549735394,72.99237808616851,R/N,Begging,76,3
2023-05-03 15:10:00,15,2,5,19.223150833066942,72.80783261427138,H/E,Trafficking,91,1
2023-03-17 04:57:00,4,4,3,19.07771209694991,72.97239592340061,N,Runaway,74,4
2023-06-29 11:10:00,11,3,6,19.19593121084845,72.8456747397992,R/S,Abuse,65,2
2023-05-13 13:50:00,13,5,5,18.90082871376434,72.83618579311556,T,Runaway,87,5
2023-06-22 15:01:00,15,3,6,19.108792737285544,72.87338426788249,A,Lost Child,66,4
2023-07-02 00:16:00,0,6,7,19.25252782361058,72.8028684535476,E,Lost Child,82,3
2023-01-19 02:37:00,2,3,1,19.106523965467588,72.94828654920934,R/N,Abuse,88,2
2023-12-20 20:25:00,20,2,12,18.92130512483208,72.82712012682948,B,Trafficking,60,2
2023-08-13 13:40:00,13,6,8,19.193459098318062,72.82710304356976,N,Lost Child,39,4
2023-05-25 14:36:00,14,3,5,19.24509288964773,72.98567937480595,R/C,Child Labour,84,4
2023-09-17 15:52:00,15,6,9,19.08639118880051,72.81131806484102,H/E,Trafficking,69,1
2023-01-23 10:35:00,10,0,1,18.909766835398013,72.80849869425387,F/N,Begging,93,5
2023-03-27 10:52:00,10,0,3,19.041212034550888,72.92477744855286,H/E,Begging,33,3
2023-06-08 03:19:00,3,3,6,19.004402223083154,72.90694028642324,H/W,Abuse,51,2
2023-08-09 00:57:00,0,2,8,19.11727736746822,72.84906023281053,R/S,Abuse,34,2
2023-12-19 05:41:00,5,1,12,19.088768590489778,72.93317131133942,K/W,Begging,32,2
2023-11-10 11:58:00,11,4,11,19.074618965237324,72.93274417498702,H/E,Abuse,82,1
2023-08-13 20:48:00,20,6,8,19.134874058701016,72.87382883112566,F/S,Abuse,58,2
2023-07-17 15:11:00,15,0,7,19.231387430542416,72.94885253870606,R/C,Lost Child,45,4
2023-05-04 10:51:00,10,3,5,19.25313274798893,72.86272115756461,H/E,Abuse,68,2
2023-03-20 21:17:00,21,0,3,19.294573725007897,72.80495063906693,R/N,Child Labour,46,4
2023-09-09 04:01:00,4,5,9,19.161173433067216,72.96243948757623,P/N,Trafficking,34,1
2023-12-30 10:20:00,10,5,12,19.132318238222634,72.81457440847804,F/N,Trafficking,85,1
2023-01-30 08:28:00,8,0,1,19.104147559040594,72.90111081670743,C,Begging,48,3
2023-02-08 14:20:00,14,2,2,19.243350487414645,72.89663814693367,G/N,Trafficking,39,1
2023-04-13 22:35:00,22,3,4,19.038640001439596,72.86879733649259,N,Begging,64,5
2023-02-20 15:57:00,15,0,2,19.187518475564687,72.81412156585071,S,Begging,83,5
2023-08-17 01:09:00,1,3,8,18.94873334497527,72.8242978475163,M/E,Trafficking,71,3
2023-08-10 19:32:00,19,3,8,19.101391715136792,72.83509102030332,M/E,Runaway,75,4
2023-05-12 04:01:00,4,4,5,19.126340715251168,72.80466455592179,G/S,Lost Child,40,5
2023-03-26 10:18:00,10,6,3,18.994646100705584,72.90491835176158,R/S,Abuse,36,1
2023-11-01 11:28:00,11,2,11,19.297652834569057,72.93210861115446,H/E,Trafficking,41,2
2023-06-13 01:08:00,1,1,6,19.294845846805174,72.86676988137785,N,Begging,88,5
2023-05-13 11:01:00,11,5,5,18.96319338253112,72.98907621530985,K/E,Begging,63,3
2023-09-20 18:34:00,18,2,9,19.283020706063674,72.91247894515838,S,Abuse,57,5
2023-09-25 15:23:00,15,0,9,19.012162808828947,72.88602467319396,G/S,Child Labour,34,4
2023-01-10 06:19:00,6,1,1,18.94361690743603,72.90166303957558,H/W,Begging,64,3
2023-05-22 17:45:00,17,0,5,19.04925134242013,72.87358839423908,H/E,Abuse,36,2
2023-10-31 17:07:00,17,1,10,19.09715465065087,72.8835750399356,G/N,Runaway,47,5
2023-10-15 22:23:00,22,6,10,19.175929768211603,72.91064934409573,C,Runaway,68,1
2023-03-17 06:09:00,6,4,3,19.280692827255628,72.81426147867407,F/N,Child Labour,48,4
2023-09-04 10:29:00,10,0,9,18.96790882449706,72.86255553046179,R/S,Lost Child,80,3
2023-12-22 08:29:00,8,4,12,19.296309737455644,72.86986414250883,P/S,Child Labour,66,5
2023-10-20 14:04:00,14,4,10,19.034706099360694,72.8351487943632,N,Lost Child,44,5
2023-05-30 02:19:00,2,1,5,19.1325296189804,72.99607663240945,K/W,Begging,94,5
2023-03-06 01:37:00,1,0,3,18.993951874434682,72.91071529939005,H/E,Begging,67,3
2023-02-08 10:26:00,10,2,2,19.213380256593997,72.9392224411589,R/C,Child Labour,31,2
2023-01-23 15:26:00,15,0,1,18.92953853392107,72.81577053220617,K/W,Lost Child,91,4
2023-10-10 18:48:00,18,1,10,19.227721457930596,72.91453939223487,K/W,Begging,39,5
2023-11-07 00:10:00,0,1,11,19.212090426884085,72.93022697780042,D,Trafficking,85,2
2023-03-23 21:44:00,21,3,3,19.169405492495166,72.90553376305033,P/S,Lost Child,95,5
2023-11-18 21:04:00,21,5,11,19.109459280680905,72.88210937206507,T,Child Labour,72,4
2023-01-10 01:26:00,1,1,1,19.223746206141083,72.93596879874875,F/S,Runaway,97,3
2023-09-02 10:59:00,10,5,9,19.125931761129383,72.82179901354118,R/S,Runaway,72,4
2023-05-14 21:33:00,21,6,5,19.288717868689982,72.94522830547537,B,Begging,62,3
2023-10-31 16:28:00,16,1,10,18.952663672201027,72.91706482368492,D,Child Labour,82,3
2023-04-02 12:02:00,12,6,4,19.07534421566057,72.89061633588288,H/W,Lost Child,32,4
2023-10-25 17:38:00,17,2,10,19.118561756321597,72.86504196293768,R/N,Child Labour,30,4
2023-02-02 10:42:00,10,3,2,19.13847262715507,72.89669155100356,S,Child Labour,65,2
2023-06-09 03:34:00,3,4,6,19.106976752477546,72.83784146244138,P/S,Child Labour,64,2
2023-06-28 15:48:00,15,2,6,19.034932812528087,72.89943743602082,N,Child Labour,75,3
2023-08-22 07:35:00,7,1,8,19.158241396014155,72.96042948681284,F/S,Lost Child,66,5
2023-05-06 11:46:00,11,5,5,19.07437115385286,72.96073022542208,N,Child Labour,32,2
2023-10-05 23:34:00,23,3,10,19.11622926303087,72.9798208224414,P/S,Trafficking,72,1
2023-04-24 01:06:00,1,0,4,19.098791860809985,72.85886913953449,G/N,Lost Child,92,5
2023-12-17 07:00:00,7,6,12,19.159250494216042,72.92373218154482,L,Runaway,66,5
2023-10-06 06:45:00,6,4,10,19.148278950252827,72.97783386995056,M/W,Child Labour,46,2
2023-08-01 05:21:00,5,1,8,19.254791189221457,72.8918554830057,K/W,Abuse,47,2
2023-03-13 00:58:00,0,0,3,19.08880185315901,72.87613442698381,P/S,Begging,30,3
2023-04-12 04:22:00,4,2,4,19.241993432304884,72.96083637663729,D,Abuse,58,1
2023-04-19 19:26:00,19,2,4,19.167141259117106,72.80126067948483,N,Begging,36,3
2023-08-11 07:28:00,7,4,8,19.282451778248507,72.9032534389504,C,Child Labour,83,3
2023-10-29 03:18:00,3,6,10,19.191051197237286,72.8287138968552,P/N,Begging,41,3
2023-07-19 22:20:00,22,2,7,19.21460218518304,72.83231804543102,M/E,Begging,92,4
2023-07-18 18:19:00,18,1,7,19.063154858255785,72.96433277225033,K/W,Runaway,91,5
2023-08-13 02:14:00,2,6,8,19.25425546827173,72.91497079061884,H/E,Trafficking,61,2
2023-06-30 20:59:00,20,4,6,18.926983143949442,72.98259080305782,P/S,Abuse,73,2
2023-10-17 23:37:00,23,1,10,19.123056622860716,72.98521409979307,M/W,Child Labour,68,3
2023-08-14 19:40:00,19,0,8,19.25900918725335,72.9248562361838,D,Runaway,81,4
2023-01-07 16:09:00,16,5,1,19.220533030432513,72.97774491737646,S,Trafficking,77,1
2023-10-28 20:48:00,20,5,10,19.155023026770465,72.8199717496212,H/E,Runaway,80,3
2023-10-13 09:29:00,9,4,10,19.26063294893779,72.84927678772401,M/E,Trafficking,78,1
2023-07-19 10:33:00,10,2,7,19.106229461222185,72.97337337423957,R/C,Child Labour,48,2
2023-02-06 08:06:00,8,0,2,18.91467176544636,72.95168876433908,P/N,Lost Child,71,3
2023-03-25 07:43:00,7,5,3,19.259540798447695,72.93724564705616,P/S,Runaway,60,1
2023-03-08 03:04:00,3,2,3,18.95709579700266,72.94842347537231,B,Lost Child,34,3
2023-12-16 03:22:00,3,5,12,19.094535318891214,72.81840423757524,G/S,Trafficking,66,1
2023-08-23 22:04:00,22,2,8,19.12739862042351,72.88429563764274,H/W,Begging,38,4
2023-05-11 11:32:00,11,3,5,19.273138093168757,72.92293140501619,R/C,Trafficking,58,1
2023-02-12 02:39:00,2,6,2,19.123542285694995,72.91823974367061,H/E,Abuse,88,1
2023-06-07 11:12:00,11,2,6,19.18987556305186,72.97898214050566,N,Runaway,90,5
2023-09-01 02:51:00,2,4,9,19.018442324889765,72.85469032635767,P/N,Lost Child,62,4
2023-10-10 11:40:00,11,1,10,19.15679348417066,72.84163202403346,H/W,Runaway,59,4
2023-07-19 19:39:00,19,2,7,18.97632597025508,72.82927219246527,P/N,Runaway,65,4
2023-07-21 06:15:00,6,4,7,19.23838843524214,72.90675788978584,H/W,Child Labour,81,3
2023-10-30 19:22:00,19,0,10,18.962938392352935,72.81768605024222,R/S,Runaway,40,5
2023-06-14 08:25:00,8,2,6,19.146049188416004,72.99299888081,F/S,Child Labour,71,2
2023-11-23 23:52:00,23,3,11,19.29437632306427,72.9282676972616,B,Trafficking,85,2
2023-12-14 14:28:00,14,3,12,18.95622160425162,72.91435709717085,M/E,Lost Child,31,3
2023-11-05 18:17:00,18,6,11,19.25889772668656,72.85210023940965,H/W,Trafficking,56,2
2023-11-01 06:07:00,6,2,11,19.202156010652924,72.80735878174409,G/N,Lost Child,41,5
2023-05-05 06:31:00,6,4,5,19.278967268539578,72.81567279189888,C,Lost Child,36,5
2023-08-01 20:36:00,20,1,8,19.18510662236356,72.89127165370917,G/N,Lost Child,48,4
2023-08-04 15:45:00,15,4,8,19.135410136938386,72.99421255770616,E,Begging,37,3
2023-01-31 10:52:00,10,1,1,18.98493888388382,72.8185365403399,G/S,Abuse,84,1
2023-10-28 07:52:00,7,5,10,19.29895872037023,72.81459024402811,R/N,Trafficking,98,1
2023-05-21 03:29:00,3,6,5,18.956807913614785,72.91923987960507,C,Trafficking,31,2
2023-06-29 11:34:00,11,3,6,19.03631257093144,72.86704561720822,H/W,Begging,57,5
2023-03-26 03:01:00,3,6,3,18.914413754227592,72.8737402014816,H/W,Child Labour,33,4
2023-07-14 18:07:00,18,4,7,19.17438755170855,72.93314340177517,D,Trafficking,69,1
2023-12-10 18:15:00,18,6,12,19.079418262397475,72.86925368726746,D,Runaway,33,3
2023-02-19 17:32:00,17,6,2,19.069507164654603,72.9837317703328,G/N,Child Labour,41,4
2023-02-17 15:47:00,15,4,2,19.223130509100674,72.93737150013645,K/E,Lost Child,79,5
2023-08-12 08:54:00,8,5,8,19.19563848462714,72.94043212454928,L,Trafficking,60,1
2023-09-29 02:19:00,2,4,9,19.012888564869854,72.85528530658836,H/E,Begging,95,3
2023-01-14 05:46:00,5,5,1,18.913841924920135,72.91746502309442,F/N,Trafficking,67,1
2023-01-01 21:38:00,21,6,1,19.091706224148957,72.8730718149606,F/N,Abuse,68,1
2023-11-07 14:20:00,14,1,11,19.195634778901304,72.82995690223511,R/N,Abuse,55,1
2023-08-02 15:05:00,15,2,8,18.921054450382808,72.83991121301601,F/N,Child Labour,74,4
2023-03-01 04:36:00,4,2,3,18.9061206755989,72.83650009465337,R/S,Trafficking,87,2
2023-08-13 13:49:00,13,6,8,19.25996941747952,72.87161754883428,B,Abuse,57,1
2023-07-05 18:43:00,18,2,7,18.952314690759028,72.99788481557398,E,Trafficking,99,1
2023-05-03 18:12:00,18,2,5,18.992052937316,72.89484378910198,M/W,Lost Child,64,1
2023-01-22 01:48:00,1,6,1,19.121428865144164,72.98826258347631,T,Child Labour,40,4
2023-02-27 06:31:00,6,0,2,19.09514363480004,72.95973440604865,B,Begging,61,3
2023-01-03 12:31:00,12,1,1,18.93266263579119,72.81358606193444,C,Lost Child,33,3
2023-02-08 10:24:00,10,2,2,18.93998856114974,72.98143288439596,K/E,Child Labour,92,3
2023-01-16 12:01:00,12,0,1,18.9101478259886,72.89084553691748,N,Abuse,34,1
2023-01-14 15:56:00,15,5,1,18.97857282128612,72.96312593332678,K/W,Begging,66,4
2023-07-31 07:19:00,7,0,7,19.280970917546068,72.94015713567013,R/N,Lost Child,72,2
2023-12-16 17:43:00,17,5,12,18.9285770376734,72.86402341245994,M/W,Lost Child,70,3
2023-04-10 07:08:00,7,0,4,18.93539720485739,72.97433868346418,E,Runaway,49,5
2023-12-15 13:37:00,13,4,12,19.15402284808364,72.8353544432716,G/N,Trafficking,62,3
2023-02-07 13:20:00,13,1,2,19.05488640415307,72.85194635181878,P/S,Child Labour,99,2
2023-04-18 02:37:00,2,1,4,19.24842264864544,72.92621188739714,L,Child Labour,38,2
2023-10-07 13:49:00,13,5,10,19.14213649204901,72.80312217096123,E,Runaway,77,5
2023-07-31 20:29:00,20,0,7,18.997295774730798,72.8422832665543,H/W,Abuse,43,1
2023-01-30 14:17:00,14,0,1,19.032755029768786,72.89691779612912,H/W,Abuse,58,2
2023-01-03 15:17:00,15,1,1,19.204014518586405,72.83611251741466,P/N,Begging,81,5
2023-07-05 12:38:00,12,2,7,19.18922817251388,72.96222059774225,P/S,Begging,90,5
2023-06-02 23:57:00,23,4,6,19.015400245190428,72.93441633857351,C,Trafficking,38,2
2023-12-27 17:22:00,17,2,12,19.198115129531022,72.90811778155418,H/E,Lost Child,71,4
2023-11-27 12:03:00,12,0,11,19.113326933942844,72.83528422140444,C,Child Labour,95,4
2023-04-16 18:37:00,18,6,4,18.99561008717819,72.93910878721296,P/S,Runaway,49,4
2023-08-11 08:47:00,8,4,8,19.119551977596593,72.91088878441184,K/W,Child Labour,47,2
2023-03-09 12:33:00,12,3,3,18.911432636261708,72.82918423663608,T,Abuse,87,1
2023-03-20 06:45:00,6,0,3,19.110954781034557,72.83265939173629,S,Lost Child,97,3
2023-06-13 06:40:00,6,1,6,19.181783457441455,72.93795483167263,E,Lost Child,99,4
2023-04-05 17:20:00,17,2,4,19.265765525740047,72.92227127201592,N,Begging,54,5
2024-01-01 22:04:00,22,0,1,18.998086079526736,72.87250283763974,C,Lost Child,75,3
2023-06-10 01:40:00,1,5,6,19.077057793736067,72.97337963140941,F/S,Abuse,33,1
2023-06-12 20:07:00,20,0,6,19.136522331837746,72.92632775730131,P/N,Trafficking,73,1
2023-10-16 23:02:00,23,0,10,18.90063233072608,72.98467053262425,G/N,Abuse,45,1
2023-12-25 06:47:00,6,0,12,19.17635139254416,72.98979334363138,B,Runaway,92,5
2023-03-28 08:04:00,8,1,3,19.180913770199115,72.87774903115444,K/W,Child Labour,62,3
2023-04-22 04:04:00,4,5,4,18.91546970715735,72.96652972706198,G/S,Lost Child,62,4
2023-07-09 22:50:00,22,6,7,19.19463502811242,72.9474691219456,R/C,Child Labour,86,3
2023-04-23 12:33:00,12,6,4,19.191319229236253,72.98225420284292,N,Begging,91,4
2023-09-28 21:30:00,21,3,9,18.9210335536614,72.91090632085104,G/S,Begging,88,5
2023-12-09 09:33:00,9,5,12,19.148155984528607,72.866051523605,P/S,Runaway,31,5
2023-08-11 09:00:00,9,4,8,19.21994438112143,72.96467275882848,G/S,Trafficking,83,1
2023-07-11 21:35:00,21,1,7,19.15358161547986,72.8276762433816,K/E,Runaway,77,5
2023-09-22 17:09:00,17,4,9,19.257867338005642,72.87955009918792,K/W,Lost Child,39,3
2023-08-05 19:09:00,19,5,8,19.10439331942722,72.86589457276271,R/S,Trafficking,71,4
2023-02-09 17:53:00,17,3,2,19.211288483318597,72.97904732343532,C,Runaway,78,4
2023-01-21 21:10:00,21,5,1,19.039152630927692,72.92843037543636,P/N,Child Labour,74,3
2023-01-12 09:00:00,9,3,1,19.10609211874197,72.86245737811731,M/E,Trafficking,74,2
2023-11-30 06:31:00,6,3,11,19.174615116356854,72.81943832983453,H/W,Abuse,31,2
2023-08-17 08:06:00,8,3,8,19.282053761582866,72.91691961641197,E,Runaway,43,5
2023-08-30 22:57:00,22,2,8,19.08801230030475,72.9591520736845,G/N,Lost Child,53,4
2023-08-18 19:13:00,19,4,8,18.957118342997088,72.93036479347684,M/E,Lost Child,68,4
2023-01-23 09:13:00,9,0,1,19.161901075231196,72.97946763900872,L,Runaway,52,5
2023-01-14 15:00:00,15,5,1,19.2377499732256,72.9380994448991,F/N,Abuse,75,2
2023-10-10 17:38:00,17,1,10,19.01986613630972,72.94249450474676,G/N,Child Labour,33,3
2023-11-13 22:35:00,22,0,11,18.930067577623053,72.8433353784949,M/W,Child Labour,67,3
2023-07-07 19:05:00,19,4,7,19.181775727769534,72.8054026481568,L,Runaway,41,5
2023-05-29 11:09:00,11,0,5,19.21029618919636,72.9102080970605,M/E,Child Labour,49,2
2023-06-22 03:25:00,3,3,6,18.92771528209572,72.99798387211868,P/S,Begging,58,5
2023-09-01 18:41:00,18,4,9,19.233924958982026,72.82852435100125,T,Trafficking,60,2
2023-06-24 06:27:00,6,5,6,19.24178493557667,72.93348568782659,G/N,Lost Child,96,5
2023-07-29 17:03:00,17,5,7,19.119996486655392,72.94789858320388,S,Trafficking,42,2
2023-11-08 08:26:00,8,2,11,19.00752715880296,72.862856338352,R/C,Begging,98,5
2023-02-10 17:14:00,17,4,2,19.124856177774646,72.96986587424973,M/W,Trafficking,39,1
2023-07-19 00:21:00,0,2,7,19.150863070863117,72.86028841663598,M/W,Child Labour,37,3
2023-05-02 19:24:00,19,1,5,19.03643175836222,72.97078852181019,R/N,Begging,49,3
2023-07-17 18:24:00,18,0,7,19.056796622579903,72.92485087998068,K/W,Child Labour,89,3
2023-12-20 16:13:00,16,2,12,18.984045622487265,72.93110100678862,P/S,Runaway,91,3
2023-06-20 14:53:00,14,1,6,19.291636303332282,72.94741904392252,R/S,Trafficking,54,2
2023-11-12 07:41:00,7,6,11,18.933841899085447,72.97927414658626,M/E,Begging,67,4
2023-04-23 04:22:00,4,6,4,19.290545238320636,72.98440009719235,K/W,Child Labour,73,2
2023-06-27 14:47:00,14,1,6,18.91025584450042,72.94877941355496,N,Runaway,54,3
2023-06-16 09:46:00,9,4,6,19.142594028322005,72.98288394726035,R/N,Trafficking,71,1
2023-02-15 10:07:00,10,2,2,19.22615854959114,72.92734569002657,B,Lost Child,76,3
2023-01-31 00:35:00,0,1,1,19.082355057755343,72.99390188087449,A,Runaway,50,4
2023-02-20 20:52:00,20,0,2,19.04460059542884,72.90342671303974,K/E,Begging,42,4
2023-09-04 03:49:00,3,0,9,19.191597328889202,72.97162350490407,P/S,Child Labour,45,3
2023-02-26 19:59:00,19,6,2,18.971221208019003,72.80356613443513,L,Abuse,94,2
2023-06-24 17:02:00,17,5,6,19.20838223406769,72.85898288888076,P/S,Abuse,41,1
2023-04-13 19:50:00,19,3,4,19.13271544798895,72.9229424771669,R/S,Abuse,40,2
2023-12-23 11:06:00,11,5,12,18.919522763169677,72.98728739354273,R/S,Abuse,95,2
2023-10-23 11:45:00,11,0,10,18.959444033568722,72.8465716380809,H/W,Abuse,65,4
2023-01-12 13:46:00,13,3,1,19.23641011236609,72.832444213424,K/W,Lost Child,55,5
2023-07-29 10:19:00,10,5,7,19.258678506633842,72.93233028139655,D,Trafficking,77,1
2023-02-08 16:00:00,16,2,2,18.933181835055375,72.86104292520764,G/N,Child Labour,52,4
2023-05-23 18:16:00,18,1,5,18.90532405269806,72.9192873425282,F/N,Lost Child,61,3
2023-09-06 15:24:00,15,2,9,19.273782376697863,72.86461408766607,M/E,Child Labour,74,2
2023-04-30 23:05:00,23,6,4,19.05128254256641,72.85716001677265,A,Begging,65,5
2023-10-23 10:15:00,10,0,10,19.015424336464783,72.91672991821821,P/S,Abuse,31,2
2023-01-12 16:46:00,16,3,1,19.007212135019813,72.86987510450426,K/W,Trafficking,82,1
2023-12-31 16:02:00,16,6,12,19.195815158766667,72.88399637721984,R/N,Trafficking,48,2
2023-06-19 21:53:00,21,0,6,19.16579494133095,72.93597885309269,R/N,Runaway,33,1
2023-08-02 01:06:00,1,2,8,19.134601632046078,72.83267487470314,T,Runaway,48,5
2023-04-25 18:59:00,18,1,4,18.932454618519003,72.80612325145235,R/N,Trafficking,81,1
2023-05-07 03:47:00,3,6,5,18.90775231636487,72.83236782842411,K/E,Runaway,84,1
2023-06-17 07:24:00,7,5,6,19.210849451228807,72.98287778133711,S,Runaway,82,5
2023-06-23 14:44:00,14,4,6,18.946324384788532,72.9206756360928,N,Runaway,87,3
2023-05-09 15:38:00,15,1,5,19.09339600395817,72.81019267519056,G/S,Abuse,49,2
2023-06-30 06:56:00,6,4,6,19.098433430190667,72.80824595952136,K/E,Begging,84,3
2023-08-02 11:39:00,11,2,8,19.029705870430256,72.82705853428953,A,Abuse,90,1
2023-06-28 00:59:00,0,2,6,19.087957087324966,72.85038727040242,F/N,Child Labour,61,4
2023-04-27 23:33:00,23,3,4,18.968439185937264,72.91161435129244,P/S,Trafficking,42,2
2023-07-27 18:23:00,18,3,7,19.24332552648244,72.96780154541591,F/N,Trafficking,59,2
2023-01-16 03:29:00,3,0,1,18.946520986932136,72.8271093576413,R/C,Runaway,31,3
2023-07-18 20:58:00,20,1,7,18.92340843428071,72.89715792872354,P/N,Begging,55,5
2023-07-13 20:40:00,20,3,7,19.16271292573686,72.83172935036895,P/N,Abuse,44,1
2023-10-20 22:57:00,22,4,10,18.9652570652889,72.90228611630324,G/S,Begging,86,3
2023-05-16 15:20:00,15,1,5,18.931255702616234,72.85627197862614,L,Runaway,74,4
2023-09-01 16:38:00,16,4,9,19.138048483528756,72.91481067684502,K/W,Runaway,93,3
2023-03-18 15:10:00,15,5,3,19.03856915252485,72.82023087463702,R/N,Lost Child,85,4
2023-10-22 09:43:00,9,6,10,19.125764648907158,72.9496025201071,G/S,Trafficking,51,1
2023-10-05 17:50:00,17,3,10,19.287820895777806,72.96008848917786,C,Lost Child,76,3
2023-05-02 17:31:00,17,1,5,19.223051411448456,72.89287051405576,K/E,Trafficking,41,2
2023-10-30 00:18:00,0,0,10,19.163705292866926,72.95790923305556,M/W,Begging,52,5
2023-12-15 18:21:00,18,4,12,19.209960472293915,72.98399072289901,P/S,Begging,48,3
2023-10-14 14:10:00,14,5,10,18.955381760337694,72.85067307705184,F/N,Begging,54,5
2023-05-08 17:30:00,17,0,5,18.91664657666392,72.95080304440543,T,Trafficking,60,1
2023-01-04 07:38:00,7,2,1,19.124277692887468,72.82966250803825,G/S,Lost Child,33,4
2023-11-10 15:58:00,15,4,11,19.13372560558777,72.87923170975235,C,Abuse,31,2
2023-04-14 04:09:00,4,4,4,18.903961079492436,72.96094101916361,H/W,Abuse,79,2
2023-03-27 08:32:00,8,0,3,19.252143721218502,72.83097807380986,G/N,Abuse,39,1
2023-11-01 16:47:00,16,2,11,19.2514255415505,72.92789056370114,R/C,Abuse,41,1
2023-05-11 13:15:00,13,3,5,19.15044173879965,72.96129994809286,P/S,Abuse,55,2
2023-12-20 00:07:00,0,2,12,19.02159969741918,72.82835191679311,T,Runaway,32,3
2023-05-24 15:33:00,15,2,5,19.04007008856698,72.81658815899348,G/S,Begging,59,5
2023-11-17 10:57:00,10,4,11,19.195578473024245,72.91609493044044,L,Abuse,90,1
2023-09-15 22:44:00,22,4,9,19.208997353575285,72.85946963074149,P/N,Child Labour,64,2
2023-07-31 23:44:00,23,0,7,18.945905750083444,72.89968282594936,R/C,Child Labour,31,3
2023-03-19 21:40:00,21,6,3,19.006220435801715,72.89703255509988,M/W,Lost Child,40,3
2023-05-21 11:48:00,11,6,5,19.109698809346703,72.99781503990879,G/N,Trafficking,40,2
2023-08-20 20:44:00,20,6,8,19.06719880999562,72.86550895499772,H/W,Runaway,95,2
2023-12-03 11:06:00,11,6,12,19.013944055798806,72.85245867054441,D,Child Labour,76,2
2023-11-19 12:27:00,12,6,11,19.246236687561424,72.97572424278665,C,Runaway,36,3
2023-12-17 04:10:00,4,6,12,19.10763038339829,72.8270284145976,T,Begging,53,3
2023-01-01 18:40:00,18,6,1,19.19646805604231,72.83580135867484,P/S,Trafficking,46,2
2023-06-16 23:40:00,23,4,6,19.160071866761022,72.83065028962054,H/E,Trafficking,63,1
2023-03-05 09:14:00,9,6,3,19.240352988703524,72.9253816459344,S,Lost Child,89,4
2023-05-10 22:53:00,22,2,5,18.988338674093654,72.84344486039525,D,Lost Child,64,4
2023-12-25 19:25:00,19,0,12,19.188496303752913,72.95976135678721,R/S,Lost Child,38,4
2023-08-07 10:19:00,10,0,8,19.02848043330906,72.89678667974535,B,Runaway,36,3
2023-09-24 02:04:00,2,6,9,18.993920903164323,72.9646316000073,E,Begging,70,3
2023-09-28 06:00:00,6,3,9,19.186774425508716,72.88570914900538,N,Abuse,35,2
2023-03-14 02:24:00,2,1,3,18.909285298283724,72.89988174339506,P/S,Lost Child,62,3
2023-04-20 15:18:00,15,3,4,18.97966993914264,72.83450283661846,A,Child Labour,68,4
2023-07-23 22:37:00,22,6,7,19.05163471104998,72.97889094096466,H/W,Child Labour,30,4
2023-03-09 08:03:00,8,3,3,18.90663314397601,72.98967545113564,M/E,Abuse,52,2
2023-12-27 18:34:00,18,2,12,19.060628309276584,72.92292754420286,M/W,Abuse,71,1
2023-01-08 11:49:00,11,6,1,18.978324918432364,72.8661851214714,K/W,Lost Child,36,5
2023-10-20 00:56:00,0,4,10,18.98877881171059,72.99966511154459,E,Abuse,30,1
2023-07-30 21:21:00,21,6,7,18.91030314080971,72.87966043166615,B,Child Labour,38,4
2023-08-02 12:06:00,12,2,8,18.90760448701332,72.98564544105723,F/N,Trafficking,99,2
2023-06-13 21:48:00,21,1,6,19.189130380631816,72.88381844378723,C,Child Labour,39,3
2023-06-02 15:15:00,15,4,6,19.00802566648207,72.85675700090303,B,Abuse,46,3
2023-08-24 19:01:00,19,3,8,19.164527111394918,72.9323747709918,P/N,Runaway,63,3
2023-06-03 21:33:00,21,5,6,19.019676522219637,72.80299931969505,R/C,Runaway,83,3
2023-08-21 05:12:00,5,0,8,18.99328847706275,72.93636463169538,F/S,Child Labour,99,2
2023-12-18 13:38:00,13,0,12,18.98185376443952,72.83557837571048,K/W,Child Labour,98,3
2023-06-03 20:28:00,20,5,6,19.117068201305113,72.98224911019001,R/N,Child Labour,78,3
2023-12-14 04:15:00,4,3,12,19.0929054886696,72.9181136685168,H/E,Begging,42,4
2023-11-12 10:12:00,10,6,11,19.10497846844929,72.99659352425769,R/C,Runaway,34,4
2023-03-30 19:51:00,19,3,3,19.21201462422366,72.94256407409469,F/N,Trafficking,30,1
2023-07-27 20:50:00,20,3,7,19.211066474880777,72.89413173277632,T,Trafficking,88,1
2023-04-27 13:39:00,13,3,4,19.095665062915455,72.90968831642553,H/W,Lost Child,85,5
2023-08-08 10:05:00,10,1,8,19.01384520438863,72.96574487232134,S,Runaway,46,2
2023-09-17 17:24:00,17,6,9,19.010952823813607,72.9630006473882,K/W,Abuse,74,2
2023-07-08 07:59:00,7,5,7,19.156537197145305,72.92678260136393,N,Child Labour,37,2
2023-11-06 02:43:00,2,0,11,18.917346933118083,72.84043141437246,E,Begging,90,3
2023-11-30 15:59:00,15,3,11,19.05760843542339,72.8134048876394,T,Child Labour,38,3
2023-09-13 21:32:00,21,2,9,19.157477085976453,72.92111033248729,T,Lost Child,90,5
2023-01-19 17:42:00,17,3,1,18.90963723633736,72.93416346331153,K/E,Child Labour,59,3
2023-05-30 00:36:00,0,1,5,18.99004576128093,72.9674630303695,R/C,Runaway,49,1
2023-12-27 22:53:00,22,2,12,19.146438418926202,72.95410455871092,H/W,Trafficking,95,2
2023-10-15 09:56:00,9,6,10,18.980556253416307,72.93725014803539,K/W,Abuse,45,2
2023-12-06 21:54:00,21,2,12,19.165736293182658,72.9870679002297,S,Begging,40,4
2023-11-08 17:46:00,17,2,11,19.227689469572265,72.85068948380408,P/S,Begging,77,5
2023-01-04 15:24:00,15,2,1,19.168939730547866,72.98799206260118,D,Abuse,81,1
2023-07-20 02:57:00,2,3,7,19.219803474374693,72.99574734408883,F/S,Runaway,95,3
2023-12-22 04:52:00,4,4,12,19.169696482110492,72.97165660615136,R/N,Lost Child,34,1
2023-11-11 02:23:00,2,5,11,19.106389455919732,72.88329388629664,C,Runaway,93,4
2023-12-22 09:44:00,9,4,12,19.0719880949066,72.9016820567475,C,Lost Child,49,3
2023-12-14 15:18:00,15,3,12,19.14847128275413,72.9204705363041,L,Abuse,83,2
2023-12-27 06:26:00,6,2,12,19.085743631995673,72.90366070493668,N,Abuse,38,1
2023-10-28 12:34:00,12,5,10,19.02992621328489,72.95441846238046,B,Abuse,38,1
2023-04-27 22:48:00,22,3,4,18.937017910720165,72.99181202623481,K/W,Trafficking,77,2
2023-10-17 10:40:00,10,1,10,18.96838113519821,72.90497962380061,H/W,Child Labour,37,2
2023-05-01 22:28:00,22,0,5,18.945295827789923,72.97903790868399,H/W,Runaway,40,4
2023-10-03 09:59:00,9,1,10,18.916402414904134,72.95533437308771,R/S,Lost Child,83,3
2023-08-27 12:30:00,12,6,8,19.28652504594597,72.90975318750719,T,Lost Child,57,3
2023-10-25 04:23:00,4,2,10,19.165887731035593,72.86094753761807,H/E,Trafficking,44,2
2023-02-17 19:48:00,19,4,2,19.140767714862836,72.94346259338162,F/N,Runaway,30,3
2023-07-07 02:36:00,2,4,7,18.925480024453414,72.9793859038817,E,Runaway,76,4
2023-08-30 10:21:00,10,2,8,18.930826859256033,72.94067043523545,C,Child Labour,81,3
2023-01-27 00:19:00,0,4,1,19.18277532081405,72.81877442541635,P/S,Child Labour,32,3
2023-08-30 14:28:00,14,2,8,19.209331782498772,72.88902611039538,H/W,Child Labour,73,2
2023-06-03 22:23:00,22,5,6,18.923355554144845,72.85215250221725,P/S,Begging,37,5
2023-01-30 07:35:00,7,0,1,19.09570230918873,72.80468024208407,G/N,Begging,75,3
2023-07-28 09:38:00,9,4,7,19.07800329062123,72.84743032560887,R/N,Child Labour,30,2
2023-03-11 06:27:00,6,5,3,19.008466416977924,72.99956302879768,F/N,Child Labour,80,2
2023-04-20 01:57:00,1,3,4,19.142540034607272,72.82427396151944,P/N,Child Labour,64,3
2023-07-12 01:27:00,1,2,7,19.194429808234478,72.8971530409683,T,Child Labour,93,2
2023-07-08 22:32:00,22,5,7,18.978778948594048,72.84722361626218,C,Trafficking,42,2
2023-10-22 11:40:00,11,6,10,19.299725353532214,72.89255522574764,B,Runaway,84,4
2023-07-24 18:40:00,18,0,7,19.17990615983342,72.81864118277406,H/W,Child Labour,90,3
2023-03-17 04:41:00,4,4,3,18.960632759904897,72.98860070209832,E,Begging,45,4
2023-02-12 17:15:00,17,6,2,19.149660288402057,72.86227487993003,R/S,Lost Child,53,4
2023-12-10 07:52:00,7,6,12,19.062570405242877,72.9980332893652,K/E,Child Labour,43,2
2023-10-18 07:29:00,7,2,10,19.08697907925434,72.87714218322995,M/E,Lost Child,84,3
2023-08-12 01:53:00,1,5,8,19.24412504985796,72.88760756369291,D,Begging,57,5
2023-12-01 09:51:00,9,4,12,19.027036685299652,72.9680633567136,H/W,Abuse,86,1
2023-01-06 09:44:00,9,4,1,18.932470267909558,72.92128286622021,F/S,Begging,71,4
2023-03-22 12:23:00,12,2,3,18.9820823529854,72.96937001408095,E,Lost Child,31,4
2023-03-03 19:29:00,19,4,3,19.288465486334662,72.83441206970026,G/S,Child Labour,44,4
2023-07-05 00:30:00,0,2,7,19.00276220168103,72.84906870102475,K/W,Trafficking,61,1
2023-04-04 07:46:00,7,1,4,18.957400437408236,72.91457165810588,L,Lost Child,53,5
2023-08-09 16:18:00,16,2,8,19.296989728303902,72.99439741593856,T,Runaway,73,4
2023-01-11 11:17:00,11,2,1,18.937823351118173,72.81471070893319,R/C,Abuse,78,1
2023-09-05 07:27:00,7,1,9,19.260003927774285,72.93746039284446,F/N,Lost Child,67,5
2023-03-14 06:47:00,6,1,3,18.92572954252512,72.99952177755348,F/S,Begging,48,4
2023-10-19 18:36:00,18,3,10,19.01185499882535,72.8463376042392,S,Lost Child,92,3
2023-02-26 02:55:00,2,6,2,19.140314333267817,72.90550156281557,H/W,Child Labour,97,3
2023-01-18 00:23:00,0,2,1,19.07880215284748,72.82132470570937,G/N,Lost Child,82,3
2023-01-30 06:58:00,6,0,1,19.036129782243695,72.87805574342151,K/E,Child Labour,81,3
2023-03-26 20:15:00,20,6,3,19.037245456155567,72.98558624079568,S,Abuse,47,1
2023-07-05 19:50:00,19,2,7,19.0173821992194,72.88084351579415,R/N,Runaway,74,5
2023-02-17 01:55:00,1,4,2,19.100779382304356,72.90860720082085,D,Trafficking,73,1
2023-10-05 15:45:00,15,3,10,18.961382464946855,72.8093029535027,K/W,Lost Child,66,3
2023-04-28 23:57:00,23,4,4,18.916573849733595,72.80658708183938,G/N,Begging,73,5
2023-04-12 15:57:00,15,2,4,18.992558644773492,72.96349752546934,R/C,Runaway,78,3
2023-01-10 14:14:00,14,1,1,19.09657615113816,72.86163695365978,E,Abuse,95,1
2023-01-25 02:52:00,2,2,1,19.191840844244552,72.86370510122762,C,Lost Child,48,3
2023-10-19 05:42:00,5,3,10,19.127599510816193,72.84828506329168,P/S,Begging,45,4
2023-10-14 23:47:00,23,5,10,19.153974887295277,72.99807329763647,F/S,Lost Child,56,3
2023-06-02 14:20:00,14,4,6,19.268584421829114,72.97750792100972,T,Lost Child,89,2
2023-10-26 04:26:00,4,3,10,18.905777947171504,72.83722611384692,P/S,Child Labour,70,2
2023-09-20 14:21:00,14,2,9,19.214647713666608,72.90059360190929,P/S,Lost Child,55,3
2023-09-27 06:41:00,6,2,9,18.982589166955016,72.931328045716,C,Runaway,91,5
2023-10-10 21:52:00,21,1,10,19.132320647737608,72.98971922214326,A,Trafficking,79,1
2023-05-20 12:12:00,12,5,5,19.28230893883471,72.94211476263179,N,Runaway,32,4
2023-03-03 06:34:00,6,4,3,18.970293926657202,72.85650424433533,A,Runaway,50,5
2023-03-23 22:39:00,22,3,3,19.07742178027781,72.88278662664746,A,Begging,62,5
2023-10-29 23:05:00,23,6,10,18.903375323847154,72.80365930670023,L,Child Labour,51,3
2023-12-14 13:13:00,13,3,12,18.935727715497528,72.8959592658143,A,Begging,38,5
2023-12-31 11:04:00,11,6,12,19.244005047013403,72.89768472605016,H/W,Runaway,55,5
2023-12-30 11:55:00,11,5,12,19.268990361382706,72.84916406420966,T,Abuse,34,1
2023-06-18 02:36:00,2,6,6,19.27491704747833,72.87157560591572,P/N,Begging,88,1
2023-01-14 16:50:00,16,5,1,18.942986379490016,72.95542287366969,E,Lost Child,65,3
2023-06-27 06:12:00,6,1,6,18.954252066492046,72.99043611462237,M/E,Runaway,88,4
2023-07-20 22:50:00,22,3,7,19.006792409199466,72.97214713338096,C,Child Labour,75,3
2023-03-10 05:08:00,5,4,3,19.11343029282515,72.87885437989927,R/N,Trafficking,73,5
2023-05-12 23:47:00,23,4,5,19.237761569091,72.92582212967288,N,Lost Child,87,5
2023-03-27 07:20:00,7,0,3,18.91002717787299,72.85833940967099,D,Trafficking,52,2
2023-06-09 00:01:00,0,4,6,19.017585472141537,72.98643979544114,H/W,Begging,98,3
2023-07-01 02:39:00,2,5,7,19.193491827290565,72.8625962874743,H/E,Abuse,87,1
2023-05-31 20:47:00,20,2,5,18.996464448919312,72.88046584845077,F/S,Trafficking,80,1
2023-11-14 07:18:00,7,1,11,18.933340556004246,72.82699548359415,P/N,Child Labour,36,3
2023-02-25 15:20:00,15,5,2,18.925270019410195,72.92354526295296,M/W,Abuse,92,2
2023-11-21 12:31:00,12,1,11,18.934194862898924,72.83052429015115,B,Lost Child,57,3
2023-06-08 07:52:00,7,3,6,18.9138625551618,72.88574002938583,T,Lost Child,36,4
2023-07-03 00:27:00,0,0,7,18.958066642408983,72.8774226092125,P/N,Begging,86,3
2023-10-05 15:42:00,15,3,10,19.20325837342967,72.97824831061857,P/N,Child Labour,54,4
2023-11-27 17:48:00,17,0,11,19.229651970906332,72.80611657633995,S,Begging,48,5
2023-06-16 02:39:00,2,4,6,19.09671395550569,72.99097458240841,B,Trafficking,60,2
2023-04-20 20:26:00,20,3,4,19.087977659939288,72.84430864951273,M/E,Lost Child,40,1
2023-06-07 19:24:00,19,2,6,19.28095766917005,72.84611672383214,F/S,Trafficking,52,2
2023-04-13 12:15:00,12,3,4,19.056842551089566,72.84383908485016,F/N,Runaway,51,3
2023-11-12 00:06:00,0,6,11,18.909720379260133,72.84610449978567,C,Begging,31,3
2023-06-19 01:58:00,1,0,6,19.1084716540697,72.93126780550249,L,Child Labour,75,2
2023-07-10 00:07:00,0,0,7,18.98267517386105,72.94856873660356,G/N,Lost Child,38,4
2023-11-05 01:12:00,1,6,11,19.29252142745446,72.97863229418367,H/E,Runaway,85,4
2023-06-20 14:50:00,14,1,6,18.947230437603892,72.87840586719152,T,Abuse,47,1
2023-06-08 19:23:00,19,3,6,19.064388534654295,72.8727057792031,P/S,Trafficking,91,2
2023-11-07 01:05:00,1,1,11,19.138642652246237,72.88287528812614,G/S,Trafficking,90,2
2023-09-08 21:49:00,21,4,9,19.287954734013947,72.88134899157615,R/C,Begging,58,3
2023-03-20 08:56:00,8,0,3,19.171095929302815,72.88274146786412,P/S,Runaway,32,5
2023-10-25 18:03:00,18,2,10,18.981825773076526,72.9979096054814,P/S,Child Labour,87,4
2023-05-12 03:16:00,3,4,5,18.993479404148562,72.92110807398817,M/E,Begging,58,3
2023-10-20 03:49:00,3,4,10,18.91692817432514,72.93054797905283,G/N,Lost Child,71,5
2023-12-07 00:44:00,0,3,12,19.03672293776426,72.93063052984616,T,Runaway,65,4
2023-07-29 15:20:00,15,5,7,19.099569384846365,72.95124153173617,K/E,Trafficking,67,1
2023-08-13 18:36:00,18,6,8,19.26769452016074,72.89430101808152,R/S,Runaway,53,5
2023-12-12 07:48:00,7,1,12,19.168393583114344,72.92954084883883,F/N,Trafficking,46,1
2023-07-31 00:12:00,0,0,7,19.19547348220296,72.8624504411458,M/W,Child Labour,87,3
2023-04-11 10:53:00,10,1,4,19.014241163800783,72.84209262858688,R/N,Begging,80,3
2023-06-19 10:58:00,10,0,6,19.010447378007864,72.98204796997726,F/N,Lost Child,73,3
2023-11-25 08:46:00,8,5,11,18.99390203926857,72.87139701085034,R/C,Runaway,36,3
2023-12-11 20:42:00,20,0,12,19.24413113479241,72.88430955547025,M/E,Runaway,77,4
2023-01-07 02:06:00,2,5,1,19.26793132219358,72.96233554229546,G/S,Trafficking,68,2
2023-03-23 19:07:00,19,3,3,19.232285542441087,72.90956643342744,R/C,Begging,55,4
2023-06-04 23:41:00,23,6,6,19.05983034158237,72.84330610642147,H/E,Abuse,51,1
2023-06-16 06:35:00,6,4,6,19.25362930400504,72.80855059727789,F/N,Child Labour,43,2
2023-07-25 18:50:00,18,1,7,19.025441104890728,72.80706053071528,L,Abuse,40,2
2023-05-16 12:19:00,12,1,5,19.029265916178947,72.95039892301173,P/S,Runaway,68,5
2023-06-27 03:16:00,3,1,6,18.92711649298457,72.87641453646614,H/W,Trafficking,81,1
2023-03-26 10:23:00,10,6,3,19.201993706599165,72.84047489625542,H/E,Abuse,81,1
2023-04-22 18:20:00,18,5,4,19.232686206636668,72.96890787367889,R/C,Child Labour,90,4
2023-11-13 14:53:00,14,0,11,19.250453236314392,72.9348074102396,G/S,Lost Child,78,4
2023-05-24 22:35:00,22,2,5,19.01232692565987,72.8882445124266,T,Lost Child,95,3
2023-10-27 06:57:00,6,4,10,18.926926358429807,72.90125534567834,E,Lost Child,40,4
2023-06-13 23:41:00,23,1,6,19.105834260435405,72.95083519451269,K/E,Runaway,77,3
2023-07-10 15:03:00,15,0,7,19.236187395808763,72.99840299529755,D,Begging,98,4
2023-11-07 15:37:00,15,1,11,19.050752114811928,72.98781279634863,B,Runaway,35,5
2023-11-13 23:42:00,23,0,11,19.190807616345175,72.96235586288192,L,Lost Child,88,2
2023-03-24 12:48:00,12,4,3,19.007153750255767,72.81250542936928,L,Runaway,71,4
2023-10-01 05:58:00,5,6,10,19.21606907385405,72.92961668344549,F/S,Runaway,92,5
2023-02-27 02:35:00,2,0,2,19.221639217378073,72.8630944242824,D,Abuse,61,2
2023-02-07 21:19:00,21,1,2,18.932812603728863,72.92141324325301,L,Trafficking,55,1
2023-04-10 17:54:00,17,0,4,18.996354621019133,72.81744867858079,T,Child Labour,44,2
2023-11-28 07:20:00,7,1,11,19.228495226721115,72.81222129292885,P/N,Lost Child,63,5
2023-05-28 10:44:00,10,6,5,19.19534079259745,72.99070171027275,P/S,Runaway,31,4
2023-06-21 14:31:00,14,2,6,19.161808351518605,72.89418357544906,H/E,Child Labour,75,4
2023-06-04 01:48:00,1,6,6,18.90475887416401,72.84788594189834,G/N,Lost Child,59,1
2023-12-16 04:00:00,4,5,12,18.90525718119836,72.84694489127659,A,Runaway,61,4
2023-11-04 01:27:00,1,5,11,19.196293840409968,72.85938365339852,T,Begging,38,5
2023-03-13 10:46:00,10,0,3,19.189480472797857,72.93697295422736,E,Begging,78,3
2023-04-03 11:29:00,11,0,4,19.28860417018942,72.9126298023295,B,Child Labour,43,4
2023-08-30 01:44:00,1,2,8,19.032320619480043,72.82993391987064,R/S,Child Labour,64,4
2023-07-21 08:43:00,8,4,7,19.17934695081396,72.97512698687882,C,Begging,97,5
2023-10-09 23:59:00,23,0,10,19.142093671123156,72.9506322961378,R/C,Trafficking,85,2
2023-03-11 01:04:00,1,5,3,19.243771957816797,72.89984363921067,T,Runaway,41,4
2023-11-20 23:40:00,23,0,11,19.006694664102284,72.94571898028998,H/E,Lost Child,55,3
2023-02-22 11:29:00,11,2,2,19.25368731975966,72.84056614448664,R/N,Runaway,42,3
2023-12-07 11:21:00,11,3,12,19.188766513150245,72.82778852956149,T,Trafficking,79,2
2023-09-24 01:03:00,1,6,9,19.134514488169877,72.96858475231195,S,Lost Child,35,3
2023-10-30 13:44:00,13,0,10,19.260567460468497,72.83348685596407,D,Child Labour,82,2
2023-09-18 06:19:00,6,0,9,18.999911565708402,72.87640760558182,C,Begging,67,5
2023-10-28 00:19:00,0,5,10,18.917915958162112,72.98572976386721,T,Child Labour,67,4
2023-02-01 14:47:00,14,2,2,19.241799238869117,72.9821434466505,G/N,Trafficking,97,1
2023-01-17 16:16:00,16,1,1,19.27718737044904,72.94875409287107,H/W,Trafficking,82,1
2023-10-20 03:56:00,3,4,10,18.9994100071692,72.83468057631094,G/N,Child Labour,87,3
2023-11-11 02:20:00,2,5,11,19.258977106041318,72.9049126408631,C,Abuse,86,1
2023-12-01 08:25:00,8,4,12,19.190865050858022,72.88997538028131,S,Begging,81,5
2023-02-03 09:04:00,9,4,2,19.07551745523511,72.97138783372924,H/E,Child Labour,34,4
2023-06-13 10:02:00,10,1,6,19.201743640130537,72.86615426261345,L,Runaway,95,3
2023-01-29 03:26:00,3,6,1,19.03772389761807,72.82528750534375,P/N,Lost Child,47,3
2023-05-09 21:48:00,21,1,5,19.087086640077096,72.97625386457173,H/E,Trafficking,70,1
2023-09-12 14:24:00,14,1,9,19.10780195486324,72.90517257100569,K/W,Child Labour,60,3
2023-12-28 21:30:00,21,3,12,19.08490113424337,72.84854705017075,E,Runaway,53,4
2023-01-09 10:46:00,10,0,1,19.25511572685371,72.92973056586074,L,Trafficking,46,1
2023-02-03 10:44:00,10,4,2,18.97338544687813,72.96981627495417,G/N,Begging,63,3
2023-10-31 15:59:00,15,1,10,19.2448272239746,72.82913683652399,D,Abuse,46,2
2023-12-10 20:33:00,20,6,12,19.074186157999314,72.91096727377395,L,Runaway,75,4
2023-04-07 12:33:00,12,4,4,19.075938263868906,72.89690778241857,F/N,Child Labour,45,2
2023-05-10 15:48:00,15,2,5,19.094976025714647,72.93435031366255,P/S,Trafficking,44,1
2023-04-02 20:45:00,20,6,4,19.157203395583593,72.89400291752384,K/W,Child Labour,68,3
2023-11-25 05:14:00,5,5,11,19.2634032045116,72.8828089410244,K/E,Runaway,70,5
2023-11-02 08:09:00,8,3,11,19.196129160931886,72.84473863855037,H/E,Begging,73,5
2023-09-04 16:21:00,16,0,9,19.189241462566663,72.81189970572278,K/E,Child Labour,37,4
2023-03-24 05:57:00,5,4,3,19.065179386685227,72.80340767180732,D,Begging,88,5
2023-11-22 05:14:00,5,2,11,19.23047944434352,72.90040251929125,R/C,Lost Child,46,4
2023-06-08 20:43:00,20,3,6,19.172194419028102,72.80083476618059,E,Trafficking,51,4
2023-05-22 20:12:00,20,0,5,18.912489828640002,72.95934752009325,R/C,Begging,84,5
2023-01-02 18:34:00,18,0,1,19.01928580201721,72.93066221962417,R/S,Lost Child,48,3
2023-08-31 22:51:00,22,3,8,18.926471358881088,72.8037296554688,F/S,Trafficking,41,1
2023-04-19 00:31:00,0,2,4,19.29625150576624,72.95732126120683,R/S,Abuse,53,2
2023-02-11 13:17:00,13,5,2,18.99436810168192,72.98467412389772,N,Runaway,44,4
2023-08-01 00:26:00,0,1,8,19.051077284024284,72.97146888013506,T,Runaway,80,4
2023-07-07 15:55:00,15,4,7,19.17266188632603,72.96792630345657,D,Child Labour,94,1
2023-08-28 03:50:00,3,0,8,19.161550846197656,72.8437335784939,S,Child Labour,63,3
2023-09-12 12:49:00,12,1,9,18.97470466554862,72.86395604249361,M/W,Runaway,81,4
2023-04-26 13:14:00,13,2,4,19.085176188552108,72.90931231426435,F/N,Trafficking,47,2
2023-05-28 17:53:00,17,6,5,19.008368306991382,72.82996667618967,H/E,Trafficking,36,2
2023-06-11 12:01:00,12,6,6,19.179699869422862,72.85117647793771,N,Child Labour,64,3
2023-02-18 18:47:00,18,5,2,19.248821827534595,72.85457349589126,P/S,Abuse,73,2
2023-11-01 04:54:00,4,2,11,19.058165876970072,72.98678740458693,M/W,Begging,67,5
2023-07-25 05:59:00,5,1,7,19.050935201923117,72.88303737273321,R/N,Begging,85,3
2023-09-06 09:09:00,9,2,9,19.05856112493161,72.8518984481998,K/E,Child Labour,32,4
2023-07-05 03:31:00,3,2,7,19.181691570208177,72.81935393989365,F/S,Begging,71,3
2023-05-22 10:41:00,10,0,5,19.122690946922933,72.95927684584767,G/N,Trafficking,60,1
2023-12-30 04:34:00,4,5,12,19.182668138046672,72.86799085097292,B,Runaway,82,5
2023-12-21 14:42:00,14,3,12,19.101918155360906,72.95503642043916,F/N,Runaway,90,4
2023-10-03 07:36:00,7,1,10,19.101024262326476,72.94052529507518,P/S,Child Labour,75,4
2023-11-03 09:28:00,9,4,11,19.218840408048763,72.89144869550354,G/S,Abuse,70,1
2023-05-20 12:39:00,12,5,5,19.203073141895846,72.81253670332168,B,Lost Child,87,1
2023-09-08 13:03:00,13,4,9,19.088420955820617,72.81690548645821,A,Lost Child,61,4
2023-12-12 09:04:00,9,1,12,18.92096913952216,72.850054978642,A,Trafficking,91,1
2023-04-22 11:43:00,11,5,4,18.94844800301168,72.80784257993402,M/E,Begging,76,5
2023-01-31 00:58:00,0,1,1,19.028249668286982,72.98437377254366,D,Trafficking,65,2
2023-11-20 23:05:00,23,0,11,19.06092288084321,72.97964310050698,H/E,Child Labour,46,4
2023-06-30 10:37:00,10,4,6,18.99619911805463,72.93206665294622,G/S,Trafficking,77,2
2023-07-29 23:58:00,23,5,7,19.27658949569632,72.97664925428757,H/E,Trafficking,71,1
2023-03-26 05:12:00,5,6,3,19.172930997344572,72.93778886872371,T,Abuse,76,1
2023-03-21 12:47:00,12,1,3,18.910637383535555,72.80269814829424,R/N,Runaway,40,5
2023-03-24 22:51:00,22,4,3,19.105106157628484,72.84255033816565,L,Lost Child,68,5
2023-09-07 02:45:00,2,3,9,18.946313757305433,72.91212163639955,N,Lost Child,92,4
2023-07-07 21:12:00,21,4,7,19.00868139482058,72.90781294533511,E,Child Labour,63,2
2023-08-11 07:08:00,7,4,8,19.017520021582524,72.89593381580077,F/S,Begging,68,4
2023-01-14 06:52:00,6,5,1,18.96898648012139,72.82348266178494,M/W,Child Labour,75,3
2023-12-07 13:38:00,13,3,12,19.001135408517484,72.87857089994371,D,Abuse,91,1
2023-07-07 08:49:00,8,4,7,18.95072007485307,72.87637772605811,G/S,Runaway,56,3
2023-07-06 08:20:00,8,3,7,19.153287411141388,72.86752921593975,R/S,Trafficking,47,2
2023-02-22 00:18:00,0,2,2,19.157072852111543,72.97381496189755,D,Trafficking,63,1
2023-12-13 03:56:00,3,2,12,19.16327820675719,72.83334871722653,S,Runaway,90,2
2023-02-09 21:59:00,21,3,2,18.918254608638662,72.86470889991006,H/E,Runaway,39,4
2023-01-25 15:54:00,15,2,1,19.080752270487917,72.96696199915469,D,Begging,88,3
2023-08-07 07:06:00,7,0,8,19.126436646742874,72.90058484346658,F/S,Begging,47,3
2023-07-26 12:28:00,12,2,7,19.16716196978994,72.83763688931946,H/E,Runaway,52,4
2023-01-30 16:19:00,16,0,1,19.067601806573798,72.95790704595589,B,Begging,74,3
2023-10-16 19:12:00,19,0,10,18.926568930466807,72.93574976728868,S,Trafficking,73,1
2023-07-23 22:06:00,22,6,7,19.098809796255487,72.91707095530788,K/E,Child Labour,57,3
2023-05-29 06:11:00,6,0,5,19.11699564755948,72.9158808240828,P/S,Child Labour,32,2
2023-05-06 07:29:00,7,5,5,18.927781088433772,72.91374380319367,R/C,Lost Child,82,5
2023-03-05 23:58:00,23,6,3,19.13207938091226,72.9532869292783,B,Runaway,96,4
2023-08-01 03:50:00,3,1,8,19.179798309451694,72.84081330543475,F/N,Lost Child,65,5
2023-05-05 13:14:00,13,4,5,18.910678195633682,72.92947455205619,R/S,Abuse,43,1
2023-04-21 12:45:00,12,4,4,19.214825042915113,72.94562397808942,F/S,Abuse,49,1
2023-09-20 01:49:00,1,2,9,19.195057529138804,72.88630322417782,K/E,Begging,93,4
2023-08-27 08:41:00,8,6,8,19.000990541825004,72.83985141947211,B,Trafficking,57,2
2023-04-05 20:09:00,20,2,4,18.9671117046308,72.84640597490383,K/W,Lost Child,79,4
2023-09-24 02:29:00,2,6,9,19.094305566879676,72.8387461612619,L,Trafficking,63,1
2023-09-26 22:02:00,22,1,9,18.99679130621777,72.93864277670755,P/S,Abuse,46,1
2023-12-14 05:14:00,5,3,12,19.24466840236955,72.98750287852873,H/E,Lost Child,43,5
2023-03-23 00:02:00,0,3,3,19.196014229928508,72.95908797700353,K/W,Begging,46,5
2023-02-17 02:52:00,2,4,2,19.117198476227845,72.96871554458055,L,Trafficking,33,1
2023-07-29 20:55:00,20,5,7,19.028551357063787,72.85319767097467,M/E,Trafficking,90,1
2023-08-05 19:56:00,19,5,8,18.991375487301525,72.97758564563766,T,Abuse,57,1
2023-12-17 19:05:00,19,6,12,19.252113332731284,72.8120165259591,H/W,Lost Child,89,5
2023-03-09 16:12:00,16,3,3,19.22482963519193,72.83517952941801,A,Runaway,48,5
2023-11-22 07:35:00,7,2,11,19.0215952237129,72.86112588512155,F/N,Child Labour,90,2
2023-02-07 19:27:00,19,1,2,19.00548086046122,72.83559540765123,H/W,Runaway,45,2
2023-06-03 03:04:00,3,5,6,18.962147227208792,72.84675577512046,A,Abuse,33,1
2023-01-12 06:50:00,6,3,1,19.295072288960377,72.83201552138613,F/N,Runaway,37,4
2023-01-14 20:10:00,20,5,1,19.092711435002194,72.83890077830645,K/E,Lost Child,65,2
2023-10-25 14:34:00,14,2,10,19.259261598661382,72.96719067972539,R/C,Child Labour,45,4
2023-07-02 15:07:00,15,6,7,19.282777754017413,72.84213611324807,R/C,Abuse,51,2
2023-08-22 05:19:00,5,1,8,19.22258748329792,72.8486314548936,L,Abuse,93,1
2023-04-20 19:10:00,19,3,4,19.05251122027426,72.80576242700016,P/S,Lost Child,83,4
2023-05-21 04:03:00,4,6,5,18.93345859021472,72.96572203180297,N,Trafficking,41,1
2023-06-08 05:19:00,5,3,6,19.23600021634719,72.9862997848913,P/N,Trafficking,49,5
2023-01-28 02:46:00,2,5,1,19.042261009967532,72.9069685616709,R/S,Trafficking,70,1
2023-06-19 12:42:00,12,0,6,19.026832052109075,72.98773174758517,L,Runaway,69,4
2023-12-26 09:45:00,9,1,12,19.215146266277074,72.85648750097482,H/E,Begging,59,4
2023-05-24 12:31:00,12,2,5,19.17090304804466,72.80785926653637,L,Lost Child,84,4
2023-04-11 23:06:00,23,1,4,18.921778698366857,72.8078998796452,S,Lost Child,82,3
2023-01-10 03:45:00,3,1,1,18.97960806182956,72.90162160310382,K/E,Child Labour,60,2
2023-08-06 19:16:00,19,6,8,18.911743868714513,72.8344270700658,K/W,Abuse,55,2
2023-10-04 19:32:00,19,2,10,18.996541769459782,72.9165569765488,G/S,Begging,74,3
2023-12-03 08:37:00,8,6,12,19.05253353818945,72.9225075785851,F/N,Abuse,41,2
2023-05-31 11:46:00,11,2,5,19.002935854694307,72.85846898142823,P/S,Abuse,56,1
2023-05-18 15:50:00,15,3,5,19.218778943935636,72.87838820611775,D,Runaway,76,3
2023-11-23 22:13:00,22,3,11,19.028951485985367,72.93227846430818,M/W,Trafficking,88,1
2023-03-23 16:58:00,16,3,3,18.98986738804975,72.91605172405094,K/E,Lost Child,56,4
2023-02-11 08:59:00,8,5,2,19.0762396432093,72.9812158464254,K/E,Child Labour,54,4
2023-09-09 20:53:00,20,5,9,19.065681872614007,72.83157569918059,K/E,Lost Child,90,1
2023-11-17 21:41:00,21,4,11,19.048464581786003,72.92927708983059,M/E,Begging,81,5
2023-09-02 21:35:00,21,5,9,19.00354214764578,72.93715855016093,N,Lost Child,69,4
2023-08-03 01:32:00,1,3,8,18.95646587596982,72.92010309272543,R/S,Lost Child,81,5
2023-06-01 18:23:00,18,3,6,19.116360611955653,72.91165793605522,L,Abuse,58,2
2023-07-20 18:42:00,18,3,7,19.195861132731075,72.83942050076968,R/N,Lost Child,42,4
2023-01-02 02:22:00,2,0,1,19.209497531875584,72.86737223551178,F/N,Trafficking,51,1
2023-02-04 01:15:00,1,5,2,18.92888006634376,72.90777824960342,G/N,Begging,84,4
2023-04-24 20:12:00,20,0,4,19.052915644294774,72.83905166773799,N,Lost Child,74,5
2023-05-10 10:08:00,10,2,5,19.136809043196894,72.88805586610349,H/E,Abuse,77,1
2023-07-17 20:25:00,20,0,7,19.22418101534034,72.96641384835209,N,Begging,61,5
2023-05-31 16:23:00,16,2,5,19.01958092847783,72.91183270418782,C,Child Labour,70,4
2023-11-06 17:06:00,17,0,11,19.108037405444545,72.81775942206174,F/S,Trafficking,31,2
2023-06-06 01:58:00,1,1,6,19.01635543647908,72.95790327130331,S,Lost Child,55,4
2023-12-26 01:18:00,1,1,12,19.018922659761262,72.95232742103421,R/N,Runaway,57,5
2023-09-14 06:06:00,6,3,9,18.962639824271495,72.99292482286994,B,Child Labour,62,2
2023-09-11 16:53:00,16,0,9,18.960592980083398,72.96621126459144,M/W,Runaway,81,3
2023-11-22 13:52:00,13,2,11,18.941792304015465,72.91693426090312,R/N,Runaway,88,4
2023-05-01 13:14:00,13,0,5,19.196398711952973,72.87155752367245,N,Child Labour,48,3
2023-05-16 11:24:00,11,1,5,19.298459350060558,72.99615160115161,K/E,Lost Child,92,4
2023-05-15 15:01:00,15,0,5,19.299814278485233,72.96315889906344,G/N,Trafficking,70,1
2023-05-06 05:55:00,5,5,5,18.90783721287575,72.94300822260762,B,Runaway,39,5
2023-09-18 14:35:00,14,0,9,19.089708398123467,72.85871409447473,R/S,Begging,69,5
2023-08-16 05:24:00,5,2,8,19.27641999232849,72.99841836502364,E,Lost Child,57,3
2023-11-14 15:00:00,15,1,11,19.267604306973883,72.93255722480053,C,Abuse,63,1
2023-08-06 15:50:00,15,6,8,19.150436361197333,72.81865558387724,S,Trafficking,97,1
2023-06-23 15:12:00,15,4,6,18.91146286471564,72.86889586184331,M/W,Abuse,44,1
2023-09-07 17:15:00,17,3,9,18.93541785513541,72.83198721832835,P/N,Begging,35,4
2023-01-23 12:39:00,12,0,1,19.194109886760632,72.90692223566468,R/S,Child Labour,74,3
2023-05-03 15:20:00,15,2,5,18.90869995031182,72.9620390563587,K/W,Child Labour,91,4
2023-04-13 01:34:00,1,3,4,19.262233680711496,72.99343422598379,P/N,Trafficking,46,2
2023-10-24 19:41:00,19,1,10,19.092140871525807,72.99994616380059,A,Begging,31,4
2023-06-01 14:41:00,14,3,6,19.027033391770573,72.91081284596736,F/N,Trafficking,94,2
2023-08-09 22:58:00,22,2,8,19.29980648466825,72.85095916709936,R/N,Child Labour,69,2
2023-09-21 06:28:00,6,3,9,18.970928222301225,72.95197350880483,R/C,Abuse,90,1
2023-01-05 14:56:00,14,3,1,19.257737473705724,72.96925854080432,E,Lost Child,50,5
2023-09-03 09:18:00,9,6,9,19.257403764260033,72.95410773554961,H/E,Begging,78,3
2023-11-04 08:13:00,8,5,11,19.188853646533904,72.89936028196647,G/N,Trafficking,94,2
2023-12-22 22:48:00,22,4,12,19.180599291508425,72.82425887203091,R/C,Runaway,46,4
2023-04-11 23:18:00,23,1,4,19.086797420637662,72.92242723020588,G/N,Trafficking,56,3
2023-08-29 00:32:00,0,1,8,19.15922597805773,72.94412238882016,P/N,Child Labour,66,2
2023-05-21 15:33:00,15,6,5,18.926462059400006,72.96415526639527,M/E,Abuse,92,2
2023-01-04 23:44:00,23,2,1,18.993804212720633,72.86479632940667,B,Abuse,69,1
2023-07-23 07:18:00,7,6,7,19.10395247001906,72.91052105814539,D,Child Labour,85,2
2023-09-28 05:48:00,5,3,9,19.19760008572753,72.93241711947476,H/W,Trafficking,94,1
2023-03-19 14:44:00,14,6,3,19.1550044990775,72.8051929739928,R/S,Child Labour,64,4
2023-10-01 05:16:00,5,6,10,19.272127301057235,72.87641120495555,E,Runaway,43,3
2023-11-27 22:13:00,22,0,11,18.960633098351437,72.82528607112008,B,Abuse,57,1
2023-05-02 15:12:00,15,1,5,19.1302498430588,72.84089673247186,F/S,Begging,81,4
2023-01-03 03:58:00,3,1,1,19.014300812445306,72.87523637418245,M/W,Lost Child,60,5
2023-09-11 14:48:00,14,0,9,18.94647892264117,72.89453722530001,L,Begging,96,4
2023-02-21 15:40:00,15,1,2,19.126672424528287,72.93406076990306,N,Child Labour,48,4
2023-03-20 14:07:00,14,0,3,19.03109320055178,72.88882018858799,M/W,Trafficking,98,1
2023-09-27 09:18:00,9,2,9,19.255879279309884,72.984575026454,R/N,Lost Child,35,5
2023-12-04 17:37:00,17,0,12,18.976547242381965,72.88970753050246,G/S,Begging,32,4
2023-02-19 02:26:00,2,6,2,19.098703022575616,72.99408422856104,N,Runaway,40,3
2023-10-07 16:53:00,16,5,10,19.092854226066244,72.90669233124018,R/N,Abuse,69,3
2023-07-30 06:00:00,6,6,7,19.154997051033412,72.80943767326976,F/S,Child Labour,80,2
2023-08-11 08:30:00,8,4,8,19.281401269258538,72.88967913755255,R/N,Trafficking,61,1
2023-07-17 20:22:00,20,0,7,18.916019997689947,72.8684617891398,R/S,Trafficking,89,1
2023-11-03 18:31:00,18,4,11,19.010838914469325,72.86264737699727,C,Begging,33,5
2023-06-14 10:10:00,10,2,6,19.077655020225187,72.91153022345011,R/C,Lost Child,68,3
2023-05-17 12:37:00,12,2,5,19.040022678483197,72.86218538417131,H/E,Runaway,61,3
2023-06-11 15:49:00,15,6,6,19.192835760609032,72.83735502187776,F/N,Abuse,65,5
2023-10-30 02:06:00,2,0,10,18.938819045249037,72.83090472644281,M/W,Abuse,60,2
2023-05-08 12:13:00,12,0,5,18.974215305265957,72.9798484852494,S,Child Labour,72,2
2023-08-23 00:40:00,0,2,8,19.116860680474613,72.80580786238036,K/E,Runaway,58,5
2023-08-09 09:57:00,9,2,8,19.03565010885506,72.97338773776814,A,Lost Child,44,4
2023-02-24 21:38:00,21,4,2,19.186741278849478,72.9421249473768,F/S,Child Labour,71,2
2023-07-08 05:04:00,5,5,7,19.23826429636264,72.93320964200448,E,Lost Child,59,3
2023-06-25 00:07:00,0,6,6,19.162483624777728,72.8933099637051,K/E,Trafficking,63,2
2023-02-13 10:33:00,10,0,2,19.032916709185134,72.9454433449671,P/S,Lost Child,96,5
2023-10-24 10:44:00,10,1,10,19.18337368902649,72.86496966465772,N,Abuse,75,1
2023-04-05 13:46:00,13,2,4,18.93009240571429,72.92621357918641,H/W,Begging,35,3
2023-02-15 05:04:00,5,2,2,19.146068128182062,72.89151251599176,T,Lost Child,69,3
2023-07-29 07:13:00,7,5,7,19.097989360974577,72.9356267267438,D,Begging,86,4
2023-08-22 21:30:00,21,1,8,19.193026107760286,72.93182874265248,R/C,Lost Child,96,5
2023-10-28 10:40:00,10,5,10,19.004810799914587,72.85921439630702,E,Child Labour,40,3
2023-04-10 07:20:00,7,0,4,18.998946135705598,72.80259170176446,M/W,Begging,69,5
2023-03-21 09:43:00,9,1,3,19.26711781810147,72.84354721709322,K/E,Child Labour,57,3
2023-01-26 04:04:00,4,3,1,18.927308807829842,72.84722053394039,K/E,Begging,45,5
2023-06-16 11:25:00,11,4,6,19.267283705783836,72.9582760032982,D,Child Labour,74,4
2023-09-18 23:44:00,23,0,9,19.061148623172134,72.87249202260026,P/S,Trafficking,78,2
2023-12-30 03:11:00,3,5,12,19.169044481890165,72.89685619581243,C,Trafficking,58,1
2023-11-05 20:11:00,20,6,11,19.016045290984394,72.89668745568932,R/N,Begging,73,5
2023-02-20 21:46:00,21,0,2,18.929848851001946,72.88341057148912,K/W,Trafficking,53,2
2023-12-23 15:34:00,15,5,12,18.924634632587512,72.80411448156987,K/W,Abuse,51,1
2023-03-08 12:03:00,12,2,3,19.141671131953625,72.84511680286131,H/E,Begging,99,4
2023-09-16 00:02:00,0,5,9,19.142138093463952,72.9769955668742,G/S,Lost Child,67,5
2023-03-09 17:07:00,17,3,3,19.27032735631209,72.98219514961738,B,Lost Child,80,1
2023-01-15 09:36:00,9,6,1,19.00408172682411,72.86160968787753,S,Child Labour,97,4
2023-05-14 17:16:00,17,6,5,18.977079938351523,72.87444994495038,R/N,Abuse,69,2
2023-02-08 04:17:00,4,2,2,18.991030976498898,72.91460157525917,D,Runaway,94,5
2023-01-29 19:02:00,19,6,1,19.092705206755088,72.94314886183759,R/N,Lost Child,50,3
2023-03-24 01:43:00,1,4,3,18.992001597272534,72.95051659379031,K/E,Trafficking,60,1
2023-08-01 16:15:00,16,1,8,19.29447127406972,72.8332609722661,T,Runaway,49,5
2023-12-06 16:00:00,16,2,12,19.07817938553593,72.88907665690014,T,Trafficking,31,1
2023-01-19 20:41:00,20,3,1,19.01650799234846,72.94966641202643,B,Begging,83,5
2023-09-24 19:31:00,19,6,9,18.966328269581606,72.88449921107879,H/W,Abuse,94,2
2023-11-09 04:00:00,4,3,11,18.92040509474003,72.84281193331338,L,Trafficking,92,2
2023-09-22 19:55:00,19,4,9,19.157124906758227,72.95108989467518,R/S,Trafficking,34,1
2024-01-01 02:36:00,2,0,1,19.09429685245906,72.81510376757862,R/C,Lost Child,43,3
2023-06-09 14:10:00,14,4,6,19.196363688949404,72.88017886281891,R/N,Lost Child,53,3
2023-03-11 17:47:00,17,5,3,18.919073935102453,72.81713656411743,F/S,Abuse,95,2
2023-04-07 03:56:00,3,4,4,18.941571703622877,72.98092240175748,B,Lost Child,30,3
2023-04-04 02:27:00,2,1,4,19.270963564343294,72.96544925807511,R/C,Runaway,85,5
2023-08-24 04:46:00,4,3,8,18.978973352073048,72.9366950828373,C,Runaway,91,5
2023-03-16 10:32:00,10,3,3,19.093042516863132,72.82364504872038,M/W,Abuse,52,4
2023-04-18 00:08:00,0,1,4,18.95499782926973,72.96913508873564,P/N,Runaway,57,3
2023-10-13 20:26:00,20,4,10,18.982929982482933,72.9831618173876,C,Begging,45,2
2023-09-18 19:18:00,19,0,9,19.20771511587608,72.92123857453203,H/W,Runaway,75,5
2023-09-21 22:12:00,22,3,9,19.299865011702902,72.86843820746887,R/C,Abuse,95,4
2023-03-01 15:23:00,15,2,3,19.217196331381217,72.87167053862917,F/N,Abuse,74,2
2023-12-01 17:07:00,17,4,12,19.216252399058042,72.82913113291497,K/W,Abuse,64,2
2023-11-05 18:30:00,18,6,11,19.205131806543953,72.89076557509901,M/W,Abuse,94,1
2023-06-21 08:39:00,8,2,6,19.239754560617733,72.90981479584634,R/C,Abuse,44,4
2023-10-13 17:38:00,17,4,10,19.24284650065517,72.95840410847867,E,Lost Child,44,4
2023-09-04 17:11:00,17,0,9,19.217812049075366,72.87800597296086,N,Runaway,63,4
2023-02-01 02:46:00,2,2,2,18.989542907186813,72.84965592804942,S,Trafficking,96,2
2023-03-30 23:39:00,23,3,3,18.98417858988085,72.83163869520473,K/W,Trafficking,80,1
2023-03-11 14:16:00,14,5,3,18.90311340216091,72.87144990004855,L,Begging,74,4
2023-11-06 19:20:00,19,0,11,19.22027786664908,72.9178201995246,T,Begging,61,5
2023-07-16 06:54:00,6,6,7,18.961717479432206,72.87340332880171,G/N,Child Labour,34,3
2023-10-27 05:25:00,5,4,10,18.98705247547607,72.94856601587746,P/N,Begging,55,5
2023-06-20 05:53:00,5,1,6,19.221759778909238,72.87291194679675,S,Trafficking,46,2
2023-11-09 19:30:00,19,3,11,19.08444899724923,72.93622888358533,P/N,Begging,84,5
2023-07-13 12:57:00,12,3,7,19.0532426638722,72.85328969094793,E,Begging,98,5
2023-11-18 17:25:00,17,5,11,18.935504735012685,72.94588859574422,G/N,Child Labour,64,3
2023-02-25 02:18:00,2,5,2,19.06454866306128,72.82727636874851,P/N,Child Labour,95,2
2023-06-21 15:10:00,15,2,6,19.026605640153033,72.99480514809474,A,Abuse,58,4
2024-01-01 15:54:00,15,0,1,19.252770236823192,72.98810002624884,R/N,Child Labour,70,3
2023-05-28 10:36:00,10,6,5,19.288405876925864,72.95165763702322,N,Runaway,88,3
2023-02-21 15:38:00,15,1,2,19.0245727665993,72.80792851662409,R/N,Runaway,96,5
2023-01-23 09:46:00,9,0,1,19.14322716472029,72.97977223714854,C,Runaway,39,4
2023-08-02 22:34:00,22,2,8,19.054736510112484,72.88690877467799,K/E,Lost Child,81,5
2023-03-31 00:21:00,0,4,3,19.13969575278782,72.81315504176725,P/N,Child Labour,38,3
2023-02-06 14:48:00,14,0,2,19.021243041540792,72.8427492599974,L,Child Labour,58,2
2023-08-08 11:44:00,11,1,8,19.277795394795053,72.89963500593913,L,Lost Child,65,3
2023-01-16 07:25:00,7,0,1,19.089696017822746,72.81661020013505,M/E,Child Labour,46,3
2023-01-17 15:49:00,15,1,1,19.015267466030902,72.96956042884236,P/N,Lost Child,81,5
2023-02-04 09:00:00,9,5,2,18.97173718020015,72.83373902863188,R/S,Begging,69,3
2023-08-10 15:43:00,15,3,8,19.286992719596483,72.95293031561354,M/W,Lost Child,81,3
2023-12-01 09:57:00,9,4,12,18.91529321710051,72.93362862146526,G/N,Lost Child,40,4
2023-03-23 08:59:00,8,3,3,18.92616971818193,72.97249018495437,E,Runaway,69,3
2023-04-26 01:15:00,1,2,4,19.192156689428767,72.95168082090176,R/C,Trafficking,66,2
2023-02-19 15:21:00,15,6,2,19.229970176010205,72.83227388681512,D,Begging,83,5
2023-11-17 20:33:00,20,4,11,19.158140867166082,72.9308745074837,D,Abuse,82,2
2024-01-01 15:44:00,15,0,1,19.118134789233512,72.907698410704,K/W,Abuse,45,2
2023-12-02 17:07:00,17,5,12,19.040359589516317,72.86576653576687,B,Trafficking,69,2
2023-12-04 13:35:00,13,0,12,19.2790697535267,72.98270175914686,G/S,Abuse,39,2
2023-10-16 01:02:00,1,0,10,19.197036440340263,72.94612071150425,T,Lost Child,63,3
2023-02-26 13:17:00,13,6,2,19.25460066138118,72.97378092323456,M/W,Runaway,65,5
2023-05-04 19:27:00,19,3,5,19.296192807073034,72.94645537075145,C,Abuse,36,2
2023-11-02 02:13:00,2,3,11,19.095251387856273,72.9700453212499,G/N,Runaway,33,3
2023-03-24 20:07:00,20,4,3,19.246699018464636,72.85980593551933,F/N,Runaway,92,3
2023-03-20 11:11:00,11,0,3,19.109440784377224,72.9738648022141,R/C,Child Labour,75,3
2023-08-03 18:35:00,18,3,8,19.20922703034615,72.94974537059008,B,Trafficking,45,5
2023-09-11 11:15:00,11,0,9,19.254496972088877,72.88082190880104,H/E,Abuse,44,1
2023-07-08 04:16:00,4,5,7,19.060374735893973,72.86127663853371,L,Begging,89,4
2023-03-24 05:13:00,5,4,3,19.2058462978713,72.86107829983978,B,Abuse,46,2
2023-12-24 13:06:00,13,6,12,19.069340814886107,72.80821491271571,G/N,Child Labour,82,3
2023-06-15 12:53:00,12,3,6,19.044443622514233,72.9014197364825,M/W,Lost Child,85,3
2023-09-04 17:03:00,17,0,9,18.934028452498165,72.92329001050909,G/N,Lost Child,97,3
2023-01-27 13:55:00,13,4,1,19.062911009701562,72.96699844695424,L,Runaway,71,5
2023-01-31 06:07:00,6,1,1,19.10721995106588,72.87187464846242,T,Lost Child,59,3
2023-02-13 09:15:00,9,0,2,19.127320938404583,72.89209357067816,B,Abuse,33,2
2023-09-24 18:32:00,18,6,9,19.12746864560882,72.92828302433341,R/S,Begging,59,3
2023-07-29 06:27:00,6,5,7,19.017612518105285,72.86885328320918,H/E,Runaway,67,5
2023-02-24 08:53:00,8,4,2,19.10137395431783,72.85922105156283,P/S,Begging,78,5
2023-03-28 04:35:00,4,1,3,19.25937553487297,72.86910064697956,N,Begging,95,3
2023-10-19 14:42:00,14,3,10,18.905229032691576,72.96118563392812,K/W,Runaway,60,5
2023-07-25 04:18:00,4,1,7,19.14150474650193,72.89581475026364,R/S,Child Labour,40,3
2023-11-05 19:36:00,19,6,11,19.11904333646413,72.84575460244486,F/N,Trafficking,35,4
2023-04-11 18:31:00,18,1,4,19.207727985387184,72.80367245095101,R/C,Runaway,48,5
2023-01-23 16:56:00,16,0,1,19.17904993976099,72.99534162811713,F/N,Trafficking,77,2
2023-04-05 20:41:00,20,2,4,19.239567389962136,72.92633266593293,N,Runaway,99,3
2023-02-12 18:56:00,18,6,2,19.273408503286245,72.96196635235732,C,Lost Child,84,5
2023-09-27 13:16:00,13,2,9,19.252561375113398,72.9249521393826,D,Abuse,79,2
2023-03-08 16:01:00,16,2,3,19.11904808504191,72.84732467292189,T,Runaway,85,5
2023-04-12 09:49:00,9,2,4,19.191709204212167,72.93663955399097,K/W,Child Labour,78,2
2023-09-10 22:34:00,22,6,9,19.18974769059949,72.95110284518493,L,Trafficking,39,1
2023-02-13 10:32:00,10,0,2,19.269460915891724,72.99581505142437,B,Trafficking,67,2
2023-06-21 03:03:00,3,2,6,19.007662117147845,72.9104429556587,E,Abuse,80,1
2023-05-11 07:36:00,7,3,5,18.944244318650068,72.8584942450936,N,Lost Child,57,5
2023-09-05 11:51:00,11,1,9,19.039045742295826,72.91957485967345,K/W,Trafficking,51,2
2023-11-07 00:47:00,0,1,11,19.286552537235426,72.89945750865155,P/N,Runaway,64,5
2023-06-22 11:33:00,11,3,6,19.20032412530117,72.99864756836445,S,Begging,87,5
2023-01-13 01:33:00,1,4,1,19.268327765026484,72.98328355566443,G/N,Child Labour,73,5
2023-08-02 07:41:00,7,2,8,18.92327871930653,72.92247893148424,P/S,Trafficking,45,2
2023-12-11 19:26:00,19,0,12,19.075680517534284,72.80217653836293,B,Runaway,59,3
2023-03-10 06:51:00,6,4,3,18.981302337851023,72.8866768011909,K/W,Lost Child,59,3
2023-05-19 16:17:00,16,4,5,19.09628265248505,72.86415696366005,M/W,Child Labour,34,3
2023-01-26 15:22:00,15,3,1,19.101872693125,72.886838404774,P/N,Trafficking,77,5
2023-05-23 05:33:00,5,1,5,19.09504003229474,72.97337502918904,D,Lost Child,34,5
2023-03-24 09:53:00,9,4,3,19.022677528722955,72.95063493682039,R/S,Begging,71,3
2023-04-02 17:50:00,17,6,4,19.23717033695506,72.8348565923315,E,Abuse,63,2
2023-12-20 13:33:00,13,2,12,19.17853899367407,72.84162745874923,C,Begging,70,1
2023-01-05 07:05:00,7,3,1,19.030614462872787,72.98596865667317,R/N,Abuse,48,1
2023-05-06 15:40:00,15,5,5,18.95812508710886,72.93266154928504,K/E,Trafficking,85,1
2023-10-16 20:12:00,20,0,10,19.049368220367697,72.83761478490733,K/E,Begging,91,3
2023-12-04 21:01:00,21,0,12,19.183262164247072,72.99211433168735,N,Abuse,71,2
2023-11-11 05:43:00,5,5,11,19.292214626974403,72.87314427540636,K/E,Abuse,39,2
2023-12-02 19:43:00,19,5,12,19.028004484738435,72.84980575183032,S,Trafficking,43,1
2023-03-07 06:14:00,6,1,3,19.040237206289635,72.81772937543866,D,Lost Child,43,5
2023-02-21 08:33:00,8,1,2,19.06958421792069,72.8461225999927,H/W,Runaway,56,5
2023-05-30 07:24:00,7,1,5,19.01936362626966,72.92577998771723,L,Child Labour,72,2
2023-03-16 10:22:00,10,3,3,19.010108637277202,72.9228321171426,F/N,Begging,40,4
2023-08-06 23:54:00,23,6,8,19.150776068059553,72.91586747882671,B,Trafficking,65,1
2023-11-09 01:16:00,1,3,11,18.90084446811544,72.83516482440638,K/E,Begging,84,5
2023-11-21 00:00:00,0,1,11,19.1393213805074,72.92165553679604,R/N,Child Labour,92,3
2023-08-10 01:50:00,1,3,8,19.04476730417029,72.96736157797386,K/E,Runaway,98,5
2023-10-23 22:54:00,22,0,10,19.125440847525287,72.82970583644631,N,Child Labour,51,3
2023-12-15 15:57:00,15,4,12,19.298495769517917,72.93681032414901,N,Trafficking,37,2
2023-07-17 02:39:00,2,0,7,19.202102947978446,72.97603173006756,N,Runaway,99,4
2023-02-08 03:08:00,3,2,2,19.165155381836666,72.88851768284326,M/E,Lost Child,64,5
2023-03-23 20:59:00,20,3,3,19.067065443659608,72.8893820551693,L,Abuse,44,1
2023-12-13 15:54:00,15,2,12,18.915761485402417,72.95077099749273,B,Begging,38,3
2023-10-09 19:49:00,19,0,10,19.094180594292897,72.9420333811594,T,Lost Child,78,5
2023-03-01 11:47:00,11,2,3,18.976412888912556,72.89307434592467,E,Trafficking,89,2
2023-11-03 01:19:00,1,4,11,19.192142476714775,72.97934049152785,L,Begging,61,5
2023-05-21 18:57:00,18,6,5,19.163248288715202,72.80247028129128,M/E,Lost Child,48,5
2023-03-01 01:17:00,1,2,3,19.174126121196615,72.82076716835533,E,Child Labour,98,3
2023-12-05 19:01:00,19,1,12,19.203074802891553,72.97330808945588,H/E,Trafficking,42,2
2023-09-29 00:21:00,0,4,9,18.93467139367304,72.88814973671255,M/E,Lost Child,85,5
2023-08-04 18:31:00,18,4,8,19.06776198607272,72.96062529965864,S,Begging,57,2
2023-07-22 22:10:00,22,5,7,18.91809088534645,72.83099341619784,P/N,Child Labour,93,2
2023-03-29 06:12:00,6,2,3,19.064040501666803,72.92257138956427,H/E,Runaway,70,4
2023-12-13 07:44:00,7,2,12,19.27123758480606,72.864282322946,F/N,Child Labour,52,3
2023-04-23 03:02:00,3,6,4,19.12082049330593,72.83523018460316,A,Lost Child,35,4
2023-11-25 12:35:00,12,5,11,19.296853346308467,72.93692787497369,R/C,Trafficking,50,2
2023-06-17 10:03:00,10,5,6,19.2073425909224,72.95429407858421,H/E,Abuse,57,1
2023-06-05 16:11:00,16,0,6,19.06669226951635,72.9123225426607,S,Runaway,50,4
2023-04-05 01:29:00,1,2,4,18.95176481906784,72.83996181260233,P/S,Child Labour,72,4
2023-05-25 08:05:00,8,3,5,19.271803273724338,72.80341364428963,P/N,Abuse,56,2
2023-08-27 00:05:00,0,6,8,19.09113588539306,72.80429315234416,M/W,Abuse,77,1
2023-01-05 08:24:00,8,3,1,19.010362556145914,72.86500345273224,S,Lost Child,92,3
2023-02-08 15:53:00,15,2,2,19.115899135338264,72.99792845038878,K/W,Trafficking,49,2
2023-02-09 07:04:00,7,3,2,19.049129169322764,72.82792773873012,D,Begging,58,5
2023-12-05 01:24:00,1,1,12,19.08376497266868,72.88019469455253,K/W,Abuse,37,2
2023-04-07 22:11:00,22,4,4,19.187290556374254,72.80982197698157,T,Abuse,33,2
2023-11-10 21:06:00,21,4,11,19.29619772278134,72.82937738565207,G/S,Begging,37,3
2023-08-08 06:07:00,6,1,8,19.185114149984834,72.86176542162646,K/E,Lost Child,33,4
2023-09-15 13:26:00,13,4,9,19.22468508987837,72.80110078672179,F/S,Abuse,65,2
2023-05-16 12:23:00,12,1,5,19.21168301001515,72.95226046110378,K/E,Runaway,88,3
2023-12-20 05:51:00,5,2,12,19.117429619106147,72.81259881828657,H/E,Lost Child,65,4
2023-08-27 07:09:00,7,6,8,19.235676588800107,72.84437105663457,E,Begging,43,4
2023-07-18 04:06:00,4,1,7,19.249043153998272,72.81583436517938,B,Child Labour,99,4
2023-10-02 18:12:00,18,0,10,19.144881957851783,72.98546256107034,C,Abuse,60,2
2023-07-02 05:42:00,5,6,7,19.098753221900758,72.93437543273959,F/S,Trafficking,36,2
2023-08-27 02:05:00,2,6,8,19.075332531903328,72.84327534210392,F/N,Runaway,59,1
2023-04-26 19:50:00,19,2,4,18.91323542037986,72.962067608671,D,Runaway,87,5
2023-02-10 16:21:00,16,4,2,18.914230599731535,72.85766094140862,P/N,Begging,63,3
2023-03-23 12:17:00,12,3,3,18.95353770610084,72.90337705018106,D,Abuse,71,1
2023-08-04 00:25:00,0,4,8,19.09468804009172,72.88216378548319,M/E,Trafficking,44,1
2023-10-12 16:33:00,16,3,10,19.26839507104019,72.9320307091763,G/S,Runaway,79,3
2023-09-02 12:38:00,12,5,9,19.068944847907474,72.98061812809682,K/W,Trafficking,52,1
2023-05-22 08:54:00,8,0,5,18.919153648790214,72.93575530770812,D,Abuse,36,2
2023-10-06 04:39:00,4,4,10,19.236617910955243,72.93173445678073,B,Begging,75,3
2023-12-13 10:33:00,10,2,12,18.90125093570279,72.83458595317497,L,Lost Child,43,5
2023-03-20 13:08:00,13,0,3,19.097337886307646,72.81449210776822,F/S,Begging,83,3
2023-11-01 11:48:00,11,2,11,19.197134182046877,72.93775242664357,G/S,Child Labour,88,3
2023-09-16 17:44:00,17,5,9,19.00422537462763,72.97151877653086,H/W,Begging,77,5
2023-04-18 06:31:00,6,1,4,19.044922151495204,72.90147441373205,R/C,Begging,31,3
2023-10-03 03:04:00,3,1,10,19.095323350094276,72.8272282840494,R/N,Child Labour,84,3
2023-12-31 16:08:00,16,6,12,19.207931645474602,72.80356058393215,H/W,Lost Child,93,3
2023-04-23 11:05:00,11,6,4,19.171261394247978,72.92740613084982,M/E,Begging,91,3
2023-01-23 08:45:00,8,0,1,19.249797931556554,72.88980861224344,G/S,Abuse,49,2
2023-09-26 19:08:00,19,1,9,19.114844694377503,72.87541282086715,M/E,Lost Child,75,4
2023-07-31 10:23:00,10,0,7,19.225113224308235,72.92349435247304,F/S,Trafficking,85,1
2023-10-30 13:28:00,13,0,10,19.136308475967287,72.81357007876917,P/S,Runaway,43,5
2023-09-11 07:58:00,7,0,9,19.225875364762416,72.81779871747771,G/S,Trafficking,54,2
2023-02-07 18:23:00,18,1,2,19.22036613126008,72.8201039727161,A,Child Labour,62,3
2023-02-06 15:41:00,15,0,2,19.24199558277651,72.93158884823362,D,Abuse,38,2
2023-07-06 18:42:00,18,3,7,19.238367345501462,72.8060728846587,M/E,Begging,51,4
2023-03-29 04:21:00,4,2,3,19.016490587131575,72.90847402457074,A,Runaway,53,5
2023-08-02 12:48:00,12,2,8,19.236102245313425,72.8615535629616,N,Trafficking,91,2
2023-09-17 14:19:00,14,6,9,18.961172703792474,72.96072371559431,N,Abuse,30,2
2023-09-06 09:35:00,9,2,9,19.037764861867423,72.85655423285232,E,Child Labour,60,4
2023-02-03 20:53:00,20,4,2,19.056373740945478,72.84846789053772,M/E,Lost Child,67,3
2023-01-07 14:03:00,14,5,1,19.287977843381363,72.8743437879634,H/W,Begging,67,3
2023-08-14 19:29:00,19,0,8,19.01590300717926,72.93176485240376,K/W,Runaway,81,4
2023-08-04 09:03:00,9,4,8,19.102540493166938,72.81966203214074,F/N,Abuse,82,2
2023-11-22 02:49:00,2,2,11,19.02594097928867,72.93545798734166,D,Begging,62,5
2023-11-05 15:00:00,15,6,11,18.964648927954432,72.97108022556233,F/S,Runaway,48,3
2023-10-15 16:38:00,16,6,10,19.075050569081995,72.92383822154578,C,Trafficking,48,1
2023-09-29 11:40:00,11,4,9,18.916301207769383,72.88688982146823,B,Lost Child,56,5
2023-04-17 05:31:00,5,0,4,19.013516089890587,72.90589520514987,G/N,Child Labour,71,4
2023-12-14 07:56:00,7,3,12,19.09688751572918,72.96916568214745,R/C,Runaway,90,3
2023-10-24 18:27:00,18,1,10,19.25449278062779,72.85714080421934,A,Child Labour,80,4
2023-01-27 16:05:00,16,4,1,18.911618631288405,72.96843936022749,H/E,Lost Child,61,5
2023-04-13 12:36:00,12,3,4,19.024261033370426,72.91283419347843,F/S,Trafficking,44,2
2023-10-26 20:31:00,20,3,10,19.097741302942218,72.88234239913838,M/W,Child Labour,80,2
2023-01-14 16:46:00,16,5,1,18.932982309570352,72.8526200264365,D,Lost Child,66,2
2023-01-07 01:04:00,1,5,1,19.010996404300204,72.82679738720508,F/S,Abuse,94,1
2023-10-07 16:44:00,16,5,10,19.14780919678165,72.9939159117921,P/S,Child Labour,55,4
2023-01-07 07:35:00,7,5,1,19.12889351033034,72.81772576836111,P/S,Child Labour,61,4
2023-08-09 22:40:00,22,2,8,18.949955522603197,72.9226173543903,P/S,Abuse,36,1
2023-08-28 14:15:00,14,0,8,18.918131776267987,72.85556132488794,T,Begging,97,5
2023-06-17 21:12:00,21,5,6,19.073398220528727,72.91432414502225,T,Abuse,78,2
2023-03-16 05:13:00,5,3,3,19.26346670172024,72.89958704673306,R/C,Abuse,84,2
2023-07-25 07:04:00,7,1,7,19.296907552940507,72.92793231372977,G/S,Abuse,78,2
2023-07-25 01:52:00,1,1,7,19.224977003377752,72.87479766274589,H/W,Abuse,41,2
2023-08-20 22:59:00,22,6,8,19.224911695641463,72.82966923822194,P/N,Begging,95,4
2023-07-19 05:03:00,5,2,7,18.9676420883516,72.83163184781178,R/S,Abuse,80,2
2023-10-10 20:47:00,20,1,10,19.27791358559384,72.9905947417561,R/N,Runaway,65,4
2023-08-15 23:49:00,23,1,8,19.068952114697417,72.94666208172238,D,Lost Child,33,3
2023-04-05 03:38:00,3,2,4,19.219266464988483,72.9964891010694,P/S,Child Labour,42,4
2023-12-07 08:27:00,8,3,12,19.03350875188482,72.83404513840175,A,Begging,74,2
2023-10-07 18:17:00,18,5,10,19.13687545634624,72.9675420756738,H/E,Child Labour,66,3
2023-11-18 12:52:00,12,5,11,19.046542064631947,72.98726320616566,T,Lost Child,69,1
2023-05-19 22:36:00,22,4,5,18.9528581022285,72.89058782721443,E,Child Labour,81,3
2023-07-28 00:27:00,0,4,7,18.9231988743248,72.87825901273406,F/N,Runaway,60,5
2023-11-12 01:30:00,1,6,11,19.167260928937218,72.97132216487537,P/N,Lost Child,89,3
2023-11-18 03:03:00,3,5,11,19.283573422216314,72.80502699579036,L,Begging,75,4
2023-01-31 14:44:00,14,1,1,19.12165218354618,72.85376123274462,C,Begging,45,5
2023-10-06 19:07:00,19,4,10,18.996935685859125,72.99275998378391,L,Abuse,98,1
2023-03-29 20:09:00,20,2,3,19.076762804811732,72.8360988188372,F/S,Runaway,42,1
2023-03-26 22:17:00,22,6,3,19.050185909763808,72.93975513636455,S,Runaway,63,3
2023-04-28 12:55:00,12,4,4,19.0056148024225,72.91486410908924,N,Abuse,50,2
2023-12-05 23:00:00,23,1,12,18.989760919628694,72.9054519183717,C,Lost Child,85,3
2023-10-25 12:57:00,12,2,10,18.946475396038075,72.9419908071333,R/C,Abuse,84,1
2023-08-11 07:21:00,7,4,8,19.263587085731487,72.8079794246583,L,Begging,93,3
2023-02-10 16:39:00,16,4,2,18.98044343108821,72.99954323401138,L,Begging,60,4
2023-09-23 07:54:00,7,5,9,19.037136286838237,72.83062353621756,T,Runaway,99,5
2023-05-09 03:55:00,3,1,5,19.22092356377926,72.83115598347521,E,Runaway,66,5
2023-11-04 18:15:00,18,5,11,19.18045081078974,72.89718686241498,L,Runaway,42,4
2023-10-07 19:19:00,19,5,10,19.257830566944072,72.95067357434512,C,Runaway,83,4
2023-07-31 02:13:00,2,0,7,19.1279861418343,72.85303664902106,H/W,Begging,63,3
2023-04-08 06:53:00,6,5,4,18.994832519075988,72.91325339779779,B,Trafficking,36,5
2023-12-03 02:29:00,2,6,12,19.04509490764561,72.93570905244977,R/C,Runaway,37,5
2023-11-11 16:51:00,16,5,11,18.945972063866925,72.80231924093395,H/W,Lost Child,65,4
2023-06-20 14:51:00,14,1,6,19.160229478564254,72.8909277825199,M/E,Lost Child,38,5
2023-03-21 23:19:00,23,1,3,19.154157050842052,72.88108579037123,M/W,Lost Child,96,4
2023-08-09 18:30:00,18,2,8,19.04711780114913,72.86387224148422,G/S,Abuse,84,1
2023-05-17 12:42:00,12,2,5,19.14188795033123,72.86678902633622,P/N,Abuse,93,1
2023-03-11 17:39:00,17,5,3,19.026283814131485,72.91110252757258,K/E,Child Labour,87,3
2023-06-25 04:00:00,4,6,6,19.216867418645577,72.8966430073755,N,Child Labour,97,4
2023-04-21 08:27:00,8,4,4,19.063096553602687,72.84593276983568,E,Begging,33,5
2023-01-03 19:13:00,19,1,1,19.235749167304164,72.99700819010849,K/W,Lost Child,98,3
2023-03-13 22:31:00,22,0,3,19.230488483284827,72.95281880018092,F/N,Lost Child,91,4
2023-12-12 19:28:00,19,1,12,18.910724259851975,72.92364120107041,L,Abuse,91,2
2023-12-18 10:52:00,10,0,12,19.00978063944458,72.81003857714634,S,Begging,88,4
2023-12-04 22:12:00,22,0,12,19.02593895445621,72.92250589368118,E,Child Labour,52,4
2023-06-29 13:19:00,13,3,6,18.925100689701292,72.86205871105545,C,Trafficking,45,2
2023-12-24 07:21:00,7,6,12,19.085904265559044,72.81590250351401,C,Abuse,31,2
2023-09-08 19:58:00,19,4,9,19.10854941162452,72.86912389621118,D,Lost Child,46,3
2023-11-05 18:17:00,18,6,11,19.031318075442922,72.89744208728196,G/N,Begging,41,4
2023-06-22 15:43:00,15,3,6,19.00440928909239,72.85827301459645,F/N,Abuse,65,4
2023-03-08 19:29:00,19,2,3,18.904227034119476,72.8096860072476,C,Abuse,81,2
2023-07-11 14:18:00,14,1,7,19.199214306719846,72.95726117314314,L,Abuse,80,1
2023-05-26 23:20:00,23,4,5,19.253910572447474,72.8542127521455,P/N,Trafficking,99,1
2023-11-08 21:57:00,21,2,11,19.068400924696366,72.92323786582021,C,Trafficking,74,1
2023-10-20 07:12:00,7,4,10,19.035222820707368,72.88144550629963,R/N,Lost Child,92,5
2023-06-19 07:41:00,7,0,6,19.07370529643662,72.88996611620975,T,Abuse,52,2
2023-02-24 21:45:00,21,4,2,19.137920376797354,72.90585775338062,R/C,Child Labour,50,2
2023-06-22 07:06:00,7,3,6,18.954984211115885,72.9643454033964,P/N,Lost Child,99,5
2023-06-23 09:36:00,9,4,6,19.212199478156002,72.94574274610501,N,Lost Child,97,5
2023-04-16 20:50:00,20,6,4,19.2221737396503,72.94806459669206,P/S,Trafficking,60,1
2023-09-03 11:52:00,11,6,9,19.19947328265498,72.96673985282436,H/E,Begging,68,4
2023-06-20 11:38:00,11,1,6,19.163666707211426,72.9083127150918,N,Lost Child,33,5
2023-12-28 17:20:00,17,3,12,18.926637486685525,72.99741397056789,P/S,Lost Child,59,3
2023-05-26 17:36:00,17,4,5,19.154620120782017,72.88520090778589,P/N,Trafficking,91,1
2023-10-01 18:05:00,18,6,10,19.21199991693414,72.81832381995187,K/E,Child Labour,43,2
2023-02-25 23:14:00,23,5,2,19.295690679426144,72.96238991719328,K/W,Lost Child,77,4
2023-10-31 17:12:00,17,1,10,19.073435448509958,72.82966278233997,N,Abuse,45,1
2023-08-24 16:01:00,16,3,8,18.94816311820924,72.95962459543168,N,Abuse,91,1
2023-10-15 20:45:00,20,6,10,19.028057314516,72.81581605871216,M/W,Abuse,58,2
2023-02-01 07:01:00,7,2,2,19.275629066016695,72.84588070503737,R/S,Lost Child,98,3
2023-05-11 04:46:00,4,3,5,18.946581343343933,72.83874535188103,M/E,Abuse,47,2
2023-02-04 02:19:00,2,5,2,18.93485451061297,72.81841872469872,D,Lost Child,38,3
2023-01-21 21:26:00,21,5,1,19.023033748985085,72.84347151839629,A,Trafficking,77,1
2023-04-19 17:19:00,17,2,4,18.945066656807,72.81911980729365,R/N,Abuse,52,1
2023-07-29 14:45:00,14,5,7,18.905234253221984,72.9636025178445,D,Abuse,84,2
2023-03-10 13:10:00,13,4,3,19.268260638865875,72.89270454270984,C,Begging,60,5
2023-08-09 03:56:00,3,2,8,19.003812965544856,72.93085876547504,G/N,Runaway,39,5
2023-05-10 06:39:00,6,2,5,18.966898438095008,72.86819112585518,N,Runaway,96,5
2023-11-24 09:01:00,9,4,11,19.126462440878598,72.89703264784549,A,Child Labour,33,3
2023-04-01 13:59:00,13,5,4,19.218087991533327,72.98218671987695,D,Lost Child,71,4
2023-03-31 06:23:00,6,4,3,18.996787224555945,72.87816642646685,K/W,Lost Child,55,5
2023-05-31 22:14:00,22,2,5,18.966404178327085,72.89989001259462,B,Runaway,66,4
2023-12-20 08:53:00,8,2,12,19.034601090176896,72.8151131709489,N,Abuse,52,2
2023-02-06 10:36:00,10,0,2,18.93007629118872,72.82697765492725,A,Lost Child,97,5
2023-09-28 07:18:00,7,3,9,18.96675770658601,72.80360431135409,D,Child Labour,44,2
2023-09-29 17:34:00,17,4,9,18.922972283716454,72.94366857563602,M/W,Trafficking,50,1
2023-02-17 05:11:00,5,4,2,19.138520822235947,72.86677143643213,F/S,Abuse,66,1
2023-07-03 12:21:00,12,0,7,19.18208937169211,72.96676281288936,L,Trafficking,30,1
2023-08-16 20:42:00,20,2,8,19.093925526695237,72.89424617093655,E,Trafficking,38,1
2023-05-21 21:25:00,21,6,5,19.041869822816977,72.99370300443165,M/E,Abuse,97,1
2023-04-16 19:38:00,19,6,4,19.231317312975182,72.93435395738976,K/E,Runaway,34,4
2023-06-01 21:27:00,21,3,6,19.179477240240935,72.93619896901527,G/S,Lost Child,47,5
2023-04-18 05:17:00,5,1,4,18.980959609180335,72.96526181730871,F/N,Abuse,93,2
2023-11-17 07:56:00,7,4,11,19.07699366789471,72.86121723420497,D,Abuse,76,2
2023-07-26 14:50:00,14,2,7,19.145648146637885,72.88883693139097,K/E,Child Labour,92,2
2023-03-30 14:21:00,14,3,3,19.051859428492314,72.89363179732821,P/S,Child Labour,66,2
2023-12-20 18:05:00,18,2,12,18.966698261186533,72.9854151421926,C,Lost Child,84,3
2023-07-16 03:26:00,3,6,7,19.06245227147578,72.86704716337665,P/S,Trafficking,88,2
2023-04-10 10:56:00,10,0,4,19.235392429871457,72.84199236925653,L,Begging,71,3
2023-07-17 08:42:00,8,0,7,19.017378152363918,72.87758670249895,C,Lost Child,30,4
2023-06-03 08:55:00,8,5,6,19.099371444567634,72.89052852046382,E,Child Labour,44,3
2023-01-21 14:53:00,14,5,1,19.115911996168467,72.83592173913166,H/W,Lost Child,80,5
2023-10-15 19:12:00,19,6,10,19.142757590451456,72.94371624550318,E,Begging,73,3
2023-04-01 11:23:00,11,5,4,19.07116727428049,72.92745802477481,M/E,Runaway,54,3
2023-09-07 01:13:00,1,3,9,19.202977104539233,72.81007101567525,R/C,Trafficking,79,1
2023-07-02 21:50:00,21,6,7,18.96167769663151,72.81566086910709,P/S,Trafficking,90,2
2023-01-09 14:47:00,14,0,1,18.919887791509357,72.86420269750488,M/W,Abuse,94,2
2023-03-03 03:52:00,3,4,3,18.994456571183957,72.91088436492912,F/N,Begging,77,3
2023-12-23 04:47:00,4,5,12,19.185125941110723,72.8727721039657,R/C,Child Labour,80,2
2023-12-22 13:08:00,13,4,12,19.261341655139724,72.8489814297611,F/N,Trafficking,96,1
2023-01-01 06:09:00,6,6,1,19.033926425857892,72.80595761293313,H/E,Child Labour,91,3
2023-09-06 06:22:00,6,2,9,19.270334074712242,72.84611863217766,N,Trafficking,82,2
2023-05-20 13:07:00,13,5,5,19.03763876694895,72.91363054382813,P/S,Abuse,99,1
2023-07-01 09:55:00,9,5,7,18.97086381691889,72.87433311065271,K/E,Lost Child,71,4
2023-11-28 19:42:00,19,1,11,19.090628162940053,72.91251758586056,D,Abuse,95,1
2023-06-23 08:55:00,8,4,6,19.048288232608545,72.83408371365189,D,Child Labour,65,3
2023-01-05 09:10:00,9,3,1,19.128650026166827,72.92064313068076,K/E,Runaway,83,5
2023-10-27 05:10:00,5,4,10,18.943754745837225,72.83263211851698,C,Runaway,51,5
2023-08-28 06:10:00,6,0,8,19.17558040900555,72.8857673747669,T,Begging,82,5
2023-11-15 18:01:00,18,2,11,19.278101429864336,72.93926877734724,P/S,Child Labour,50,3
2023-03-23 04:29:00,4,3,3,18.912991039361216,72.85011915093193,T,Trafficking,71,1
2023-10-07 05:41:00,5,5,10,19.259817656899713,72.89282103312712,S,Lost Child,97,3
2023-11-16 09:53:00,9,3,11,19.209778222722512,72.88879372472515,G/S,Trafficking,64,1
2023-04-16 12:07:00,12,6,4,19.07254331717766,72.90401561058754,H/W,Child Labour,84,3
2023-04-09 01:31:00,1,6,4,18.987505679020096,72.9373120497815,A,Trafficking,74,2
2023-06-03 11:48:00,11,5,6,18.933382972425555,72.87271709804783,R/N,Runaway,92,5
2023-03-23 11:26:00,11,3,3,19.209292399735393,72.96038893563339,T,Abuse,45,1
2023-08-27 19:49:00,19,6,8,19.15031551049296,72.98624863489029,G/N,Child Labour,55,2
2023-05-08 04:14:00,4,0,5,19.28498284777576,72.88256908568161,F/S,Abuse,50,1
2023-04-28 11:56:00,11,4,4,18.91404074380363,72.84713558426427,P/N,Trafficking,54,2
2023-10-19 06:15:00,6,3,10,19.033855913834163,72.99007860000982,S,Runaway,42,5
2023-02-20 20:12:00,20,0,2,18.9499089046325,72.89116276660705,G/N,Lost Child,89,4
2023-11-30 02:23:00,2,3,11,19.15300709636379,72.81811984389573,R/N,Runaway,40,5
2023-11-21 08:46:00,8,1,11,18.937495724232498,72.91130418637916,H/E,Child Labour,47,4
2023-02-25 23:56:00,23,5,2,19.15369589465656,72.84910107806728,B,Child Labour,55,2
2023-01-05 02:15:00,2,3,1,19.125732001171695,72.89820088704155,D,Trafficking,91,2
2023-05-24 07:53:00,7,2,5,18.92270725153512,72.9273340210895,G/N,Child Labour,55,4
2023-07-14 12:37:00,12,4,7,19.193536554272747,72.89768946889883,M/E,Child Labour,68,5
2023-08-08 02:44:00,2,1,8,19.012492805794434,72.80210762611111,P/N,Begging,93,3
2023-10-16 16:07:00,16,0,10,18.912287796561763,72.96953731402314,T,Lost Child,87,4
2023-10-07 16:46:00,16,5,10,19.18134815275987,72.93370639707773,K/E,Abuse,90,2
2023-07-21 16:19:00,16,4,7,19.22480905656357,72.91033910636618,F/S,Lost Child,60,4
2023-09-10 19:47:00,19,6,9,19.28952131665289,72.93082744355654,R/C,Trafficking,59,1
2023-04-16 15:52:00,15,6,4,18.93595753445996,72.80429590688682,M/E,Begging,84,4
2023-07-01 05:11:00,5,5,7,19.2259060060681,72.87952698129479,M/E,Abuse,49,2
2023-02-19 03:02:00,3,6,2,19.086408445914955,72.95591020401012,D,Abuse,53,1
2023-05-21 15:34:00,15,6,5,19.215562525064634,72.90606065118965,M/W,Trafficking,90,2
2023-06-05 17:20:00,17,0,6,19.16389262090376,72.98350680843784,E,Lost Child,86,5
2023-02-10 23:16:00,23,4,2,19.279111479067804,72.95418630370781,H/E,Begging,39,5
2023-08-04 14:13:00,14,4,8,18.96052399125964,72.80030977664316,B,Lost Child,42,5
2023-01-11 06:40:00,6,2,1,19.082145916391298,72.91082585166545,R/S,Child Labour,46,2
2023-12-06 07:44:00,7,2,12,18.96791319171094,72.85666961983708,M/E,Begging,84,4
2023-04-24 18:14:00,18,0,4,19.296801883744898,72.84794379937546,R/S,Abuse,30,1
2023-11-17 00:51:00,0,4,11,19.28158604763472,72.80896423444213,A,Abuse,90,2
2023-04-11 06:14:00,6,1,4,18.974139115722373,72.8060034220137,C,Child Labour,35,3
2023-12-21 22:08:00,22,3,12,18.94475090632115,72.90186426883893,P/S,Lost Child,83,2
2023-01-10 18:19:00,18,1,1,18.967824403746633,72.98311051830439,H/W,Begging,45,5
2023-08-27 23:33:00,23,6,8,18.940268567698855,72.98515855847853,R/C,Begging,60,4
2023-09-28 15:02:00,15,3,9,19.027767826717692,72.8955857925011,P/S,Begging,78,3
2023-01-31 15:54:00,15,1,1,18.949808757074365,72.8831898163702,R/C,Runaway,94,4
2023-12-24 12:33:00,12,6,12,19.299374686091525,72.98970042534403,D,Child Labour,36,2
2023-06-26 06:22:00,6,0,6,19.03496208053771,72.8992036103161,H/W,Child Labour,45,4
2023-04-18 05:27:00,5,1,4,19.03771549403593,72.81658603243164,H/W,Begging,30,4
2023-04-29 08:45:00,8,5,4,18.98808032161431,72.92649784577607,P/N,Runaway,76,3
2023-06-06 09:22:00,9,1,6,18.969033756247534,72.8749912449862,G/S,Lost Child,92,3
2023-07-22 15:26:00,15,5,7,18.901954433366697,72.80743419313252,T,Child Labour,94,4
2023-05-13 23:37:00,23,5,5,19.216419098594024,72.93388857584237,N,Runaway,50,3
2023-04-30 13:04:00,13,6,4,19.139257190826743,72.80630648723535,K/E,Lost Child,60,5
2023-11-08 17:05:00,17,2,11,19.23590936494338,72.93271272562934,R/N,Lost Child,58,5
2023-07-07 23:26:00,23,4,7,19.128628758405323,72.8576132524343,E,Begging,83,5
2023-07-12 22:21:00,22,2,7,19.204147162526034,72.88322399542982,L,Child Labour,88,2
2023-06-04 12:16:00,12,6,6,18.951127718128145,72.98645622780701,G/S,Child Labour,68,4
2023-04-28 09:25:00,9,4,4,18.94137138072415,72.8050393406747,N,Child Labour,98,4
2023-04-01 20:24:00,20,5,4,19.19371563989719,72.82207389549622,D,Abuse,84,1
2023-09-24 00:16:00,0,6,9,19.098560726933655,72.84252701666628,R/C,Lost Child,81,3
2023-02-19 07:52:00,7,6,2,19.19944684974755,72.9994393652493,P/N,Lost Child,44,3
2023-05-30 08:52:00,8,1,5,19.10277279487661,72.93713722555844,F/N,Runaway,78,1
2023-12-14 23:47:00,23,3,12,18.970198658967846,72.83992910247457,R/N,Trafficking,97,2
2023-10-27 16:36:00,16,4,10,19.015486031914225,72.8462183263193,L,Runaway,36,3
2023-02-01 23:47:00,23,2,2,19.175891138986945,72.82347480631655,H/E,Trafficking,58,1
2023-03-13 05:10:00,5,0,3,19.206642040593277,72.86187383109989,P/N,Child Labour,79,4
2023-09-26 05:42:00,5,1,9,19.25578614180286,72.99609163845278,F/S,Child Labour,43,2
2023-08-26 21:38:00,21,5,8,19.0576813553148,72.86123074454989,K/W,Trafficking,96,1
2023-11-05 11:16:00,11,6,11,19.202430784113083,72.86765166971236,R/C,Child Labour,96,5
2023-11-16 19:35:00,19,3,11,19.23464531761039,72.80335560197788,H/W,Begging,36,5
2023-12-20 13:16:00,13,2,12,18.921144861435398,72.9680415164122,H/E,Begging,77,3
2023-01-11 06:07:00,6,2,1,19.055521365006864,72.9767095045345,H/W,Begging,75,5
2023-12-03 21:59:00,21,6,12,19.102055341103167,72.93463473359901,G/S,Lost Child,55,5
2023-11-24 18:41:00,18,4,11,19.194174167966757,72.89661538611448,F/S,Begging,46,3
2023-07-25 14:10:00,14,1,7,18.95161430386829,72.93990083212961,R/N,Begging,36,3
2023-01-24 23:45:00,23,1,1,19.252362225698143,72.95557837606292,K/E,Child Labour,81,2
2023-09-09 04:57:00,4,5,9,19.202196719502066,72.82912839737365,P/S,Trafficking,74,1
2023-01-14 09:53:00,9,5,1,19.066068460517975,72.81954237103471,K/W,Trafficking,76,2
2023-11-14 12:02:00,12,1,11,18.978810501785205,72.89286427064184,B,Runaway,33,3
2023-04-28 01:03:00,1,4,4,19.246331259469947,72.89831985489165,A,Abuse,95,2
2023-11-13 22:47:00,22,0,11,19.06608579419688,72.8630596496352,P/N,Lost Child,79,3
2023-01-11 06:51:00,6,2,1,18.977754630218747,72.99538534221628,E,Runaway,79,4
2023-06-11 14:29:00,14,6,6,18.98135583349276,72.98888327639675,R/N,Trafficking,55,1
2023-10-07 19:10:00,19,5,10,19.139915222101475,72.96758924270999,R/N,Child Labour,66,2
2023-06-04 00:10:00,0,6,6,18.985783030400608,72.84317542190514,M/W,Child Labour,68,2
2023-01-31 16:43:00,16,1,1,18.983794697299956,72.91557673253712,K/E,Trafficking,45,2
2023-06-17 10:52:00,10,5,6,19.006127498498437,72.97832849160865,P/S,Child Labour,69,4
2023-10-31 06:58:00,6,1,10,19.010941277731927,72.9815352416538,K/E,Begging,40,4
2023-10-31 06:17:00,6,1,10,19.0388901586714,72.9663282463684,R/S,Abuse,56,5
2023-05-16 17:02:00,17,1,5,19.012070259114907,72.81304302943695,A,Runaway,62,3
2023-09-22 15:33:00,15,4,9,18.927786162421004,72.93232763435816,B,Lost Child,67,5
2023-08-07 04:18:00,4,0,8,19.11722543249766,72.85475597710007,F/S,Lost Child,41,2
2023-02-14 20:02:00,20,1,2,18.983214949794046,72.85250532665172,L,Lost Child,61,5
2023-06-11 06:44:00,6,6,6,19.204073922245875,72.88112391009558,G/N,Child Labour,55,3
2023-04-06 16:44:00,16,3,4,18.996386578611517,72.85090610450237,M/E,Child Labour,74,4
2023-09-19 11:10:00,11,1,9,19.219878636844346,72.88063057490801,G/N,Lost Child,87,4
2023-01-28 02:14:00,2,5,1,19.02484691006725,72.85055659711468,T,Trafficking,47,1
2023-04-20 14:55:00,14,3,4,19.258092798230418,72.97550497762333,G/N,Abuse,32,1
2023-09-24 22:13:00,22,6,9,19.214250220050822,72.99738169723506,M/E,Trafficking,80,2
2023-06-13 17:14:00,17,1,6,19.00034029102875,72.97885419398287,K/W,Lost Child,75,5
2023-03-19 08:06:00,8,6,3,19.020382198953783,72.83401208682581,F/N,Trafficking,54,2
2023-06-26 16:33:00,16,0,6,19.031204365865882,72.8996780790149,B,Trafficking,55,2
2023-03-12 20:56:00,20,6,3,19.12619363416731,72.84134375955227,C,Lost Child,53,5
2023-04-09 20:48:00,20,6,4,19.188618040202822,72.82898620924851,A,Begging,62,5
2023-05-25 19:33:00,19,3,5,19.0191733208485,72.98144862257065,R/N,Child Labour,53,2
2023-02-23 23:30:00,23,3,2,19.035079057366907,72.97540168405304,P/S,Begging,58,3
2023-11-16 22:39:00,22,3,11,19.05961101220515,72.98743598672807,N,Abuse,86,2
2023-05-11 07:37:00,7,3,5,19.101082285829204,72.88659447563964,M/E,Abuse,99,1
2023-06-11 23:24:00,23,6,6,19.044194750495247,72.99772479657486,R/N,Abuse,37,2
2023-11-05 16:49:00,16,6,11,19.01967294021648,72.97784138862689,E,Lost Child,36,3
2023-10-09 14:40:00,14,0,10,19.271362388657916,72.97086540585815,E,Begging,30,4
2023-08-18 05:22:00,5,4,8,19.24431258764451,72.80341832712301,F/S,Trafficking,36,1
2023-03-02 12:46:00,12,3,3,19.174620945163145,72.93860581929621,L,Child Labour,32,4
2023-01-18 19:59:00,19,2,1,19.247129486571495,72.91934645303695,D,Begging,89,3
2023-04-12 15:24:00,15,2,4,18.93532940543,72.90493818965115,K/W,Lost Child,39,5
2023-11-10 16:31:00,16,4,11,18.926334282542122,72.81664079213277,S,Runaway,47,5
2023-03-03 02:35:00,2,4,3,19.27965966951565,72.88525908798492,R/C,Begging,61,5
2023-12-14 23:15:00,23,3,12,19.240000791773614,72.89600913860555,R/S,Abuse,65,1
2023-01-16 00:56:00,0,0,1,19.223673905961746,72.95825797051673,E,Trafficking,96,2
2023-02-14 07:36:00,7,1,2,19.265955229375567,72.97644495876567,E,Abuse,60,2
2023-01-09 05:21:00,5,0,1,19.256091087809338,72.91933369505189,G/S,Lost Child,59,5
2023-12-26 22:34:00,22,1,12,19.28107495858298,72.83423810093156,H/E,Abuse,72,2
2023-09-30 21:08:00,21,5,9,19.258078303972194,72.93396876016637,G/N,Begging,86,3
2023-09-22 08:08:00,8,4,9,19.221615635311583,72.9371596305443,M/W,Lost Child,37,3
2023-01-06 14:51:00,14,4,1,19.161412946130234,72.8067530152182,A,Abuse,87,1
2023-05-28 00:55:00,0,6,5,18.99176664332207,72.87206823611959,K/E,Child Labour,47,3
2023-05-16 12:10:00,12,1,5,19.163881188440726,72.91084006904003,K/W,Runaway,88,4
2023-08-08 03:00:00,3,1,8,19.08669754593581,72.94863653198942,G/N,Trafficking,48,1
2023-11-21 01:41:00,1,1,11,18.906452841028912,72.90875251932447,K/E,Runaway,59,3
2023-10-15 18:16:00,18,6,10,19.176027496059536,72.81036907229081,A,Trafficking,34,1
2023-02-24 04:35:00,4,4,2,19.16119124850107,72.81391618073263,S,Runaway,84,5
2023-09-08 01:51:00,1,4,9,18.950723422999847,72.87435054176778,F/N,Child Labour,32,2
2023-04-29 22:30:00,22,5,4,19.179395800482805,72.85584222834632,R/S,Abuse,63,2
2023-09-11 09:39:00,9,0,9,19.08357344852469,72.91360493817318,G/N,Begging,79,4
2023-03-16 19:32:00,19,3,3,19.276126579381472,72.96922308007234,F/N,Lost Child,97,3
2023-10-15 00:13:00,0,6,10,19.08734600753985,72.87712339831907,H/E,Lost Child,53,5
2023-05-04 22:46:00,22,3,5,19.224295736351724,72.8054858394461,C,Lost Child,80,3
2023-07-05 05:22:00,5,2,7,18.997668396968493,72.96463622441551,P/S,Trafficking,85,2
2023-10-08 12:00:00,12,6,10,19.13668511378835,72.84074401262504,R/C,Child Labour,39,3
2023-10-10 17:33:00,17,1,10,19.017428852884642,72.94172328628407,R/C,Abuse,87,2
2023-05-23 08:18:00,8,1,5,18.953210909402344,72.93277591011332,F/S,Child Labour,44,4
2023-05-08 22:56:00,22,0,5,18.995154239331793,72.84221375423407,A,Runaway,71,4
2023-07-24 03:56:00,3,0,7,19.23475975108308,72.86999262644366,H/E,Begging,84,3
2023-11-18 06:53:00,6,5,11,19.13971499644309,72.99438092031677,F/N,Abuse,34,1
2023-10-07 05:16:00,5,5,10,18.95637875985315,72.82512968851655,B,Lost Child,88,3
2023-02-11 21:12:00,21,5,2,19.175417473752955,72.90715532493043,B,Lost Child,42,4
2023-10-08 10:49:00,10,6,10,19.28120629186148,72.94339683463697,M/E,Begging,35,3
2023-08-22 19:22:00,19,1,8,19.245448726312237,72.81245567038634,A,Begging,73,4
2023-03-11 22:11:00,22,5,3,18.953788218998525,72.81155583932376,P/N,Lost Child,60,5
2023-10-23 14:01:00,14,0,10,18.99447429174581,72.84266087193147,C,Lost Child,87,3
2023-07-25 07:17:00,7,1,7,19.195971404966787,72.80843307037512,K/E,Lost Child,32,3
2023-06-06 16:10:00,16,1,6,19.150009312615644,72.87615842951013,P/S,Abuse,95,2
2023-09-27 07:41:00,7,2,9,19.10461403049751,72.96632655274183,C,Begging,92,5
2023-10-18 13:07:00,13,2,10,19.033710400314703,72.82653621757612,E,Begging,85,3
2023-01-26 07:04:00,7,3,1,19.19244508489019,72.80473349582357,E,Abuse,54,2
2023-11-21 20:09:00,20,1,11,19.244291229602126,72.87180891379445,N,Child Labour,86,2
2023-03-28 15:44:00,15,1,3,18.999136545960287,72.92477130415114,L,Lost Child,84,5
2023-04-14 18:12:00,18,4,4,18.983055368578796,72.9521106141163,M/E,Runaway,57,3
2023-07-21 13:30:00,13,4,7,19.104895599550584,72.87088374250766,A,Lost Child,92,5
2023-11-11 05:55:00,5,5,11,19.196917607796646,72.96408053923862,B,Lost Child,58,5
2023-12-02 17:41:00,17,5,12,18.979274624907745,72.97039123259998,R/N,Lost Child,41,5
2023-04-13 10:06:00,10,3,4,19.08353125277657,72.93452662794131,H/E,Begging,30,4
2023-09-22 03:21:00,3,4,9,19.09639768420067,72.9533669668618,C,Lost Child,96,4
2023-12-16 16:41:00,16,5,12,19.04801233634675,72.97613836037529,T,Lost Child,75,3
2023-11-23 00:50:00,0,3,11,19.08092651904744,72.9496983930748,F/S,Begging,86,3
2023-01-22 01:53:00,1,6,1,19.096756925992278,72.83064890061316,G/N,Abuse,66,1
2023-10-25 04:20:00,4,2,10,19.241449149646808,72.84908103345957,B,Abuse,54,2
2023-01-25 10:21:00,10,2,1,19.085059535555065,72.94831867766108,R/N,Child Labour,40,3
2023-04-06 11:14:00,11,3,4,18.909142361093174,72.9894731088993,P/N,Abuse,67,1
2023-11-28 04:08:00,4,1,11,19.2162424873401,72.96890102056992,M/W,Child Labour,78,3
2023-08-19 04:39:00,4,5,8,19.209702394441436,72.90654438196256,M/W,Child Labour,83,2
2023-06-15 03:37:00,3,3,6,19.002814543056726,72.87440314548938,G/N,Child Labour,68,2
2023-09-04 16:55:00,16,0,9,19.07327084681759,72.8788373727337,S,Begging,71,3
2023-10-10 06:29:00,6,1,10,18.96379482786762,72.80375465516194,G/S,Trafficking,94,2
2023-01-22 08:28:00,8,6,1,19.12074638195288,72.99759933241971,T,Child Labour,99,2
2023-02-28 23:37:00,23,1,2,18.968472911697287,72.92112994104433,K/W,Runaway,30,4
2023-01-27 11:01:00,11,4,1,19.24716871843272,72.97711598774006,P/N,Trafficking,33,1
2023-08-17 20:22:00,20,3,8,19.27481187403843,72.81656440314511,G/S,Trafficking,39,1
2023-06-24 19:03:00,19,5,6,19.122557838949184,72.82005686093973,A,Abuse,49,2
2023-09-25 16:23:00,16,0,9,18.98061774533147,72.91772094428309,F/S,Runaway,53,3
2023-09-28 03:30:00,3,3,9,19.101261268743745,72.88626014405517,S,Abuse,65,1
2023-09-07 02:08:00,2,3,9,18.963595445919157,72.81045659588636,T,Lost Child,42,5
2023-03-07 09:48:00,9,1,3,18.922992005149638,72.90050120147279,M/E,Begging,60,5
2023-05-26 21:25:00,21,4,5,19.014177144110086,72.9904678795952,N,Begging,35,5
2023-11-09 11:58:00,11,3,11,19.04357691987471,72.85550740538616,B,Abuse,35,1
2023-09-13 00:51:00,0,2,9,19.27921279373069,72.9336965232831,K/E,Begging,76,3
2023-05-20 17:57:00,17,5,5,19.236255402122552,72.87696744485648,A,Lost Child,60,4
2023-12-07 21:59:00,21,3,12,19.097667465517848,72.943665716284,F/S,Begging,56,3
2023-08-26 00:52:00,0,5,8,19.27648634003505,72.9576200977425,G/S,Abuse,70,1
2023-10-24 16:11:00,16,1,10,19.07104103006491,72.9708000123757,F/S,Abuse,52,2
2023-11-01 05:28:00,5,2,11,19.22490452468133,72.81286263170107,E,Runaway,61,4
2023-06-19 12:02:00,12,0,6,19.08548078078017,72.98009114241555,H/E,Lost Child,43,5
2023-10-17 04:03:00,4,1,10,19.137137449812766,72.99003780001222,P/S,Abuse,45,2
2023-09-29 00:06:00,0,4,9,18.976961852983404,72.97411506731092,G/S,Trafficking,58,1
2023-05-13 15:50:00,15,5,5,19.01488252231379,72.95153637426692,N,Child Labour,39,2
2023-05-25 01:22:00,1,3,5,19.041755949207776,72.9940203753579,P/N,Abuse,58,2
2023-03-01 21:00:00,21,2,3,19.146650984781427,72.88810263495229,S,Begging,71,5
2023-04-03 15:42:00,15,0,4,19.16916509542832,72.98731487813642,G/S,Runaway,56,5
2023-09-22 16:30:00,16,4,9,19.27283686213073,72.88213706258924,R/S,Trafficking,73,5
2023-11-04 05:02:00,5,5,11,19.032670933658,72.80324909472434,R/C,Child Labour,99,2
2023-09-05 23:09:00,23,1,9,19.008017027929668,72.99702450128686,H/E,Begging,85,5
2023-04-03 08:33:00,8,0,4,19.235081359235135,72.84171223562824,D,Abuse,79,1
2023-09-16 07:39:00,7,5,9,19.078586263348125,72.99884478908439,B,Lost Child,88,5
2023-04-17 16:51:00,16,0,4,19.233641183718987,72.87460300416332,L,Lost Child,62,5
2023-09-03 05:04:00,5,6,9,19.179457426737102,72.89253272221794,B,Child Labour,86,2
2023-02-07 12:41:00,12,1,2,19.145648174512715,72.80032632959824,F/S,Begging,54,3
2023-12-17 05:09:00,5,6,12,19.099955085352743,72.8194163978801,F/S,Trafficking,94,2
2023-05-04 01:40:00,1,3,5,19.176024749488487,72.90699471766895,M/W,Trafficking,87,2
2023-05-08 13:55:00,13,0,5,19.154060706756386,72.9709140230795,N,Begging,55,4
2023-10-12 00:03:00,0,3,10,19.249797079087326,72.91657130345847,N,Abuse,34,1
2023-01-16 01:24:00,1,0,1,19.187975936383822,72.8933259017535,M/E,Lost Child,32,2
2023-08-30 04:01:00,4,2,8,19.21918158875306,72.94354469283792,C,Runaway,79,4
2023-05-13 18:22:00,18,5,5,19.157226203479684,72.953749110688,M/E,Abuse,31,1
2023-08-01 20:06:00,20,1,8,19.136288501556457,72.8862066422654,C,Lost Child,76,3
2023-12-05 12:39:00,12,1,12,19.011222078459806,72.82986672343442,H/W,Abuse,94,2
2023-03-22 15:19:00,15,2,3,18.900412227555144,72.9720963628328,M/W,Runaway,83,3
2023-03-18 15:28:00,15,5,3,19.27563274938685,72.88391825628214,D,Begging,36,5
2023-04-20 13:29:00,13,3,4,19.172173101692085,72.88648743091794,E,Child Labour,88,2
2023-05-27 01:23:00,1,5,5,19.21871876293576,72.85525539479977,F/N,Child Labour,75,2
2023-12-28 19:59:00,19,3,12,19.241896808576517,72.9606294404978,L,Begging,81,4
2023-03-19 03:35:00,3,6,3,19.21231599415747,72.96270157531526,R/C,Trafficking,57,1
2023-04-09 18:10:00,18,6,4,19.05730090365548,72.9934196269653,E,Abuse,68,2
2023-10-05 20:11:00,20,3,10,19.00286192151954,72.97621424434897,T,Runaway,95,3
2023-06-05 02:58:00,2,0,6,19.072427167003344,72.81128500593621,P/S,Abuse,30,1
2023-06-29 23:17:00,23,3,6,18.992954994526663,72.85720379177663,M/E,Child Labour,31,2
2023-03-12 13:28:00,13,6,3,19.276362614338282,72.96325121128186,R/C,Trafficking,88,1
2023-09-01 13:04:00,13,4,9,19.294636879337588,72.92487206291617,M/E,Child Labour,76,2
2023-04-08 15:59:00,15,5,4,19.091399751817914,72.87405672381152,T,Abuse,47,1
2023-01-25 02:26:00,2,2,1,19.222341139878136,72.86888254943923,F/S,Begging,43,5
2023-06-28 08:28:00,8,2,6,19.060967319916795,72.89525850884608,A,Begging,51,3
2023-05-29 14:30:00,14,0,5,19.064242859301732,72.87086125942427,P/S,Trafficking,84,2
2023-11-29 18:07:00,18,2,11,18.957848518619805,72.96967422874252,H/E,Begging,77,4
2023-01-18 17:27:00,17,2,1,19.15667540622422,72.92621262520068,K/W,Begging,61,3
2023-07-13 21:01:00,21,3,7,19.161694743655993,72.82739235711242,H/W,Trafficking,60,1
2023-04-27 06:58:00,6,3,4,19.133926875813177,72.99618963941182,R/C,Trafficking,92,1
2023-03-20 14:13:00,14,0,3,18.98892494436026,72.82356115772558,K/E,Trafficking,57,1
2023-08-24 20:25:00,20,3,8,18.988222055571434,72.89767518109072,H/E,Abuse,47,2
2023-01-09 06:15:00,6,0,1,18.96189927845828,72.9313850178446,G/N,Child Labour,70,2
2023-11-18 03:44:00,3,5,11,19.10613963752547,72.91729925792521,C,Trafficking,54,1
2023-05-06 21:50:00,21,5,5,19.04325602492153,72.91274734401244,S,Begging,80,3
2023-08-02 10:09:00,10,2,8,18.933511918768975,72.91507007833746,R/C,Lost Child,95,4
2023-07-13 10:08:00,10,3,7,19.232227626181974,72.93100590422122,E,Trafficking,41,2
2023-05-22 08:17:00,8,0,5,19.22135075880967,72.96397265898354,G/S,Child Labour,79,4
2023-12-26 08:08:00,8,1,12,19.172800772209538,72.98889348231242,G/S,Begging,44,3
2023-02-28 12:27:00,12,1,2,18.966026524231566,72.8336173495832,H/E,Lost Child,95,3
2023-11-10 05:29:00,5,4,11,19.291405900753183,72.88629662979739,K/W,Runaway,73,3
2023-06-20 22:42:00,22,1,6,19.035486210965008,72.98388076869269,P/N,Child Labour,80,3
2023-06-05 04:31:00,4,0,6,18.910359918052496,72.89612646898901,T,Runaway,53,5
2023-05-14 06:06:00,6,6,5,18.963171111637386,72.82278246596583,F/N,Begging,42,3
2023-03-17 00:27:00,0,4,3,19.03061629339383,72.82417158785188,F/S,Runaway,58,5
2023-12-12 02:28:00,2,1,12,18.9809897700324,72.89958561362339,L,Abuse,48,2
2023-04-23 17:55:00,17,6,4,19.279014863817967,72.88792359121209,S,Lost Child,50,5
2023-01-12 21:40:00,21,3,1,19.215429863021782,72.8083478508403,M/W,Child Labour,52,2
2023-10-04 09:02:00,9,2,10,19.227288630016275,72.86894245958392,A,Child Labour,54,3
2023-07-02 10:35:00,10,6,7,19.120450464026344,72.97979241856977,P/S,Abuse,70,1
2023-10-07 19:11:00,19,5,10,19.056473918326304,72.87026856001391,S,Runaway,50,4
2023-04-10 15:12:00,15,0,4,19.23661868852854,72.90338302925157,K/W,Lost Child,70,2
2023-12-21 11:45:00,11,3,12,19.185066224105924,72.82501497867366,N,Trafficking,38,2
2023-10-03 21:22:00,21,1,10,19.21046256664436,72.90725206385156,S,Lost Child,62,4
2023-03-06 15:36:00,15,0,3,19.063600841892892,72.81876413545127,P/S,Child Labour,95,4
2023-04-16 17:34:00,17,6,4,19.106258095502817,72.99701211651336,R/C,Child Labour,39,4
2023-08-26 01:18:00,1,5,8,19.210580346224717,72.89396192523557,A,Begging,41,3
2023-09-19 02:08:00,2,1,9,18.956361716776122,72.91168551474692,R/S,Abuse,41,2
2023-01-13 10:38:00,10,4,1,19.164356284132726,72.87577144501151,P/S,Lost Child,49,3
2023-04-05 00:52:00,0,2,4,19.165801437702118,72.95235144625902,B,Runaway,49,4
2023-10-11 17:37:00,17,2,10,19.243072530822122,72.9080139264392,P/N,Runaway,79,5
2023-08-21 14:04:00,14,0,8,19.118532936989975,72.98695867291836,K/E,Runaway,41,5
2023-04-09 01:28:00,1,6,4,18.904567899125094,72.91691511679157,H/E,Runaway,56,4
2023-11-16 18:15:00,18,3,11,19.292738268170424,72.87179769971796,H/W,Runaway,82,5
2023-10-05 03:00:00,3,3,10,19.040400090521743,72.86993405497668,S,Abuse,98,2
2023-11-03 16:59:00,16,4,11,19.211659603801827,72.93639890223308,G/N,Trafficking,81,2
2023-05-10 00:40:00,0,2,5,19.04648770510024,72.89971549987769,G/N,Child Labour,37,3
2023-04-04 11:50:00,11,1,4,19.05587464087197,72.87647737431368,R/C,Runaway,78,2
2023-02-09 21:39:00,21,3,2,18.952994530955426,72.95908906316869,D,Trafficking,53,1
2023-12-13 04:40:00,4,2,12,19.298812551482634,72.85988841129083,M/E,Begging,40,4
2023-02-15 17:30:00,17,2,2,19.08644253222048,72.87424491796222,N,Runaway,97,3
2023-09-13 01:50:00,1,2,9,19.28672107815314,72.8246488018686,N,Trafficking,49,2
2023-04-26 19:07:00,19,2,4,18.990494533959968,72.94333586400778,F/S,Trafficking,53,1
2023-09-24 03:37:00,3,6,9,19.004002858930015,72.90841721897925,R/C,Abuse,57,1
2023-11-27 10:05:00,10,0,11,18.96453199346046,72.98619391394905,M/W,Abuse,84,2
2023-10-15 10:22:00,10,6,10,19.21659175198333,72.93363034777538,M/E,Abuse,43,1
2023-08-13 05:17:00,5,6,8,19.29759187136043,72.99589505528637,R/N,Trafficking,31,2
2023-09-02 11:55:00,11,5,9,19.084721018790916,72.8441573978062,A,Trafficking,86,2
2023-01-26 04:03:00,4,3,1,19.219048816658688,72.97487090655939,R/N,Begging,90,5
2023-06-03 13:28:00,13,5,6,19.037238077417108,72.99714364253144,B,Lost Child,50,4
2023-09-23 23:08:00,23,5,9,18.910141677085807,72.9133420230557,G/N,Begging,42,4
2023-05-03 17:31:00,17,2,5,19.07873635585316,72.90723949693651,T,Lost Child,41,3
2023-11-19 02:13:00,2,6,11,19.168058706385278,72.89922704174117,K/W,Child Labour,91,2
2023-12-16 21:44:00,21,5,12,19.21436738862794,72.89727484463371,D,Abuse,68,1
2023-12-30 13:18:00,13,5,12,18.991205316878588,72.80084527874197,E,Child Labour,83,4
2023-08-09 23:14:00,23,2,8,18.975307711192887,72.81096794879804,D,Trafficking,34,2
2023-07-28 15:03:00,15,4,7,19.11667095501997,72.8437473957782,N,Lost Child,85,4
2023-04-27 06:09:00,6,3,4,19.16773803600618,72.8105512463583,K/W,Child Labour,79,3
2023-05-09 15:49:00,15,1,5,19.250034795319127,72.97023801051913,L,Runaway,66,3
2023-09-25 04:28:00,4,0,9,18.95958073153385,72.91855653845384,A,Child Labour,55,2
2023-08-29 23:53:00,23,1,8,19.1547667864954,72.98267945514786,M/E,Child Labour,74,3
2023-05-05 10:58:00,10,4,5,19.133355289020457,72.91506247774954,R/C,Trafficking,38,1
2023-03-16 00:32:00,0,3,3,19.21273787579803,72.89033186143871,B,Lost Child,75,5
2023-11-13 01:07:00,1,0,11,18.961308264504282,72.99662111638682,M/W,Lost Child,74,5
2023-02-19 17:42:00,17,6,2,18.988621031227858,72.96724356448661,A,Lost Child,84,3
2023-08-22 07:27:00,7,1,8,18.92183902637151,72.8764779660729,K/W,Lost Child,48,4
2023-04-29 03:10:00,3,5,4,19.191600921310137,72.94028634423763,M/W,Begging,95,4
2023-11-26 18:38:00,18,6,11,19.190292333850017,72.97025399078456,S,Abuse,34,1
2023-11-09 07:55:00,7,3,11,19.079020393856588,72.88492197795928,N,Lost Child,87,3
2023-02-10 05:48:00,5,4,2,19.1940273819168,72.84650269588604,P/S,Begging,83,3
2023-07-04 06:49:00,6,1,7,19.229235046858566,72.93699807064219,M/E,Trafficking,76,2
2023-07-01 13:43:00,13,5,7,19.209365026217682,72.96880032958558,K/W,Begging,51,2
2023-09-19 04:41:00,4,1,9,19.211250585583837,72.89899305405312,N,Lost Child,54,3
2023-02-25 21:03:00,21,5,2,19.177677919797706,72.82383800740904,R/C,Begging,69,3
2023-02-02 22:19:00,22,3,2,19.014765760591292,72.91592644844536,R/N,Trafficking,79,2
2023-02-08 17:52:00,17,2,2,19.28690361524885,72.9517887097928,F/S,Trafficking,58,1
2023-06-12 04:10:00,4,0,6,19.27208599765446,72.84142108258862,N,Abuse,42,2
2023-03-17 16:06:00,16,4,3,19.167863483261474,72.8913794181918,H/E,Trafficking,38,1
2023-05-18 12:03:00,12,3,5,18.911322174282308,72.90197893662706,S,Trafficking,85,2
2023-03-26 19:06:00,19,6,3,19.276219626583796,72.95620131765587,K/E,Lost Child,83,3
2023-11-13 22:40:00,22,0,11,19.077354422692572,72.93726993555704,G/N,Runaway,42,3
2023-11-11 12:32:00,12,5,11,18.924381953078775,72.8066373746708,M/E,Lost Child,30,3
2023-12-21 18:36:00,18,3,12,19.274651101795204,72.88059886022134,H/W,Lost Child,39,3
2023-11-30 12:10:00,12,3,11,19.109681420649157,72.90355665966166,C,Trafficking,69,1
2023-08-20 16:35:00,16,6,8,19.216305722923728,72.9322747080119,P/N,Trafficking,42,2
2023-06-13 23:05:00,23,1,6,19.295500333149214,72.90519263102055,H/E,Lost Child,52,5
2023-03-06 22:24:00,22,0,3,19.14646093611532,72.8936221532194,G/N,Begging,89,5
2023-03-21 08:05:00,8,1,3,18.97203020729461,72.80382254561671,G/S,Abuse,99,2
2023-04-06 21:37:00,21,3,4,19.116078428456326,72.86451246245866,B,Lost Child,33,5
2023-12-31 20:06:00,20,6,12,19.08295051698205,72.94925586154002,H/E,Lost Child,44,5
2023-06-07 05:38:00,5,2,6,18.96196841289963,72.8998150329336,H/W,Lost Child,73,3
2023-05-30 23:02:00,23,1,5,19.18048396952319,72.99514113498927,D,Runaway,48,3
2023-07-19 02:34:00,2,2,7,19.09492260563046,72.80626193661236,S,Trafficking,32,1
2023-12-11 23:41:00,23,0,12,18.900829719466483,72.94311771015971,M/E,Trafficking,36,1
2023-03-25 05:08:00,5,5,3,19.189722501433966,72.92706929946284,G/S,Abuse,77,2
2023-08-24 16:31:00,16,3,8,19.047575273163897,72.96991605803554,K/E,Lost Child,71,5
2023-09-20 13:37:00,13,2,9,19.22342910262439,72.97997879007987,R/C,Trafficking,80,2
2023-03-08 07:18:00,7,2,3,18.959201492089306,72.98498555219845,G/S,Lost Child,83,5
2023-01-15 22:11:00,22,6,1,19.164447132231636,72.83827279850331,H/W,Begging,98,5
2023-12-14 05:20:00,5,3,12,19.107767930859186,72.88478173666364,F/N,Abuse,33,2
2023-06-26 07:47:00,7,0,6,19.164522978405532,72.82120355075986,B,Abuse,87,1
2023-10-13 09:20:00,9,4,10,18.928260038519067,72.9600565069184,F/S,Runaway,56,4
2023-09-23 05:58:00,5,5,9,18.958650842371785,72.98578398866059,T,Trafficking,44,2
2023-09-29 10:14:00,10,4,9,18.911175460137233,72.98566883461231,R/N,Abuse,96,2
2023-04-05 13:23:00,13,2,4,19.076474888650473,72.85930895576885,K/E,Begging,88,3
2023-10-09 19:47:00,19,0,10,19.264421052796642,72.95621007024496,N,Runaway,90,4
2023-05-28 21:53:00,21,6,5,19.203810322422857,72.97238472927741,A,Child Labour,41,2
2023-11-05 15:52:00,15,6,11,19.106022289525455,72.95379817975876,T,Child Labour,73,2
2023-07-03 08:51:00,8,0,7,19.07294320603738,72.8541015832456,A,Trafficking,84,2
2023-04-17 17:29:00,17,0,4,19.0185821126441,72.98057228382571,G/S,Abuse,91,2
2023-04-10 10:52:00,10,0,4,18.909132990221053,72.92891590348638,K/W,Begging,60,5
2023-04-22 22:02:00,22,5,4,19.03109093161769,72.80148500881077,K/W,Child Labour,56,4
2023-12-27 00:16:00,0,2,12,19.2217641699875,72.82574307334238,A,Trafficking,50,4
2023-05-17 04:30:00,4,2,5,18.92848781448783,72.82236718109226,A,Runaway,38,4
2023-01-04 06:17:00,6,2,1,19.088097349685455,72.96214522340294,A,Begging,40,4
2023-10-05 07:27:00,7,3,10,19.014850951217795,72.86612309755365,K/W,Begging,73,3
2023-07-16 14:02:00,14,6,7,19.04586612228918,72.90748183276469,F/S,Runaway,34,3
2023-03-07 10:06:00,10,1,3,18.93730046830102,72.90564404182449,S,Begging,84,3
2023-03-07 21:45:00,21,1,3,19.173848124667902,72.96257034784627,R/C,Lost Child,83,5
2023-01-20 21:34:00,21,4,1,19.20079931297427,72.92204515906539,D,Trafficking,70,1
2023-02-13 20:50:00,20,0,2,19.134620757432867,72.87376878487886,S,Runaway,37,5
2023-07-08 20:35:00,20,5,7,19.02707622073105,72.83569268706123,C,Child Labour,75,4
2023-07-16 04:02:00,4,6,7,18.993142983150307,72.94642461048184,T,Child Labour,74,4
2023-08-22 00:30:00,0,1,8,19.07816857706025,72.85187479691798,E,Runaway,52,3
2023-07-30 15:06:00,15,6,7,19.110670409420344,72.89664365968936,T,Runaway,73,3
2023-07-28 11:42:00,11,4,7,19.21207480864636,72.94875555937433,C,Runaway,32,4
2023-12-15 04:30:00,4,4,12,19.10126621762525,72.98368060856843,R/N,Child Labour,45,4
2023-11-10 19:29:00,19,4,11,18.902935638036094,72.95286205670662,M/W,Runaway,50,5
2023-03-06 11:23:00,11,0,3,19.151968305538944,72.82926852969658,B,Lost Child,61,5
2023-12-31 21:25:00,21,6,12,19.00650030691024,72.8848479655706,F/S,Begging,85,5
2023-11-18 23:53:00,23,5,11,19.10584163816667,72.94432773355607,K/W,Begging,51,3
2023-11-27 01:26:00,1,0,11,19.263458863110873,72.8545124130993,K/E,Trafficking,39,2
2023-01-06 14:44:00,14,4,1,19.16294665270191,72.82857598161974,G/S,Begging,39,4
2023-04-06 01:16:00,1,3,4,19.115705539489223,72.94956126961321,P/N,Lost Child,99,3
2023-07-01 07:47:00,7,5,7,19.13557738872151,72.9748827803628,H/W,Trafficking,98,2
2023-01-25 03:11:00,3,2,1,19.20717582803126,72.81040083111185,M/E,Runaway,93,4
2023-07-23 10:05:00,10,6,7,18.930318105678413,72.84691019108341,H/W,Lost Child,66,4
2023-03-24 01:55:00,1,4,3,19.086282279603708,72.90769115050229,R/N,Child Labour,69,2
2023-05-11 10:22:00,10,3,5,18.90664216097446,72.97021250891537,K/E,Trafficking,77,1
2023-01-13 19:05:00,19,4,1,19.113535698063185,72.94791632025512,L,Lost Child,85,5
2023-05-18 17:24:00,17,3,5,19.002642349194723,72.88011603317948,K/W,Lost Child,75,3
2023-12-28 22:16:00,22,3,12,19.105383522845308,72.86944348550121,E,Trafficking,76,1
2023-02-03 18:54:00,18,4,2,18.98048203641463,72.84369296537834,F/S,Lost Child,84,5
2023-09-19 11:29:00,11,1,9,18.937426053995534,72.86813837730334,T,Lost Child,38,4
2023-08-21 19:17:00,19,0,8,18.927031139200267,72.88647187302651,K/W,Child Labour,80,3
2023-04-17 05:32:00,5,0,4,19.05161514025543,72.95558456965013,C,Lost Child,95,5
2023-10-22 06:57:00,6,6,10,19.039345592958547,72.94797048755571,P/N,Trafficking,85,2
2023-07-18 04:06:00,4,1,7,19.13256435248036,72.907656311254,G/S,Trafficking,82,1
2023-05-17 17:42:00,17,2,5,19.299206831796173,72.88945432650846,B,Begging,37,5
2023-06-05 23:58:00,23,0,6,19.138928266622763,72.93941682445883,M/W,Begging,43,5
2023-07-10 23:14:00,23,0,7,19.12211689457971,72.95137505001374,F/N,Child Labour,82,4
2023-05-30 15:07:00,15,1,5,19.207547055017727,72.92037693547125,L,Abuse,34,2
2023-08-28 22:51:00,22,0,8,19.14761987166004,72.98444626135996,K/W,Trafficking,42,3
2023-01-27 17:10:00,17,4,1,19.02724306221522,72.8797570286752,L,Trafficking,30,2
2023-12-21 14:43:00,14,3,12,19.148832951700307,72.8612273099813,H/W,Lost Child,74,5
2023-10-28 19:37:00,19,5,10,19.160234131279516,72.86705615925412,R/C,Lost Child,92,3
2023-05-19 22:57:00,22,4,5,19.27549546949382,72.88983126064352,D,Runaway,57,4
2023-05-18 06:09:00,6,3,5,18.959871695206644,72.89196512083217,H/W,Runaway,64,5
2023-01-17 16:27:00,16,1,1,19.064154615010867,72.91513471739813,T,Begging,79,3
2023-02-14 00:25:00,0,1,2,19.038770950085418,72.89776139259963,S,Begging,46,4
2023-09-12 10:22:00,10,1,9,19.215935880864038,72.88071134269022,D,Trafficking,97,2
2023-01-26 13:19:00,13,3,1,19.26082666742937,72.97709678868347,R/N,Runaway,30,3
2023-12-20 03:51:00,3,2,12,18.9899556222856,72.80347888752186,H/W,Child Labour,83,3
2023-08-24 09:29:00,9,3,8,19.11126584667666,72.9704568811651,S,Child Labour,78,3
2023-01-16 16:17:00,16,0,1,19.08408230484281,72.88811999204918,M/E,Child Labour,46,2
2023-01-03 18:07:00,18,1,1,19.070468212000865,72.8915498743195,P/S,Lost Child,49,4
2023-05-15 05:34:00,5,0,5,19.048730190380514,72.96160203710377,P/S,Lost Child,75,3
2023-09-15 22:55:00,22,4,9,19.12892984426723,72.88518351805035,P/N,Trafficking,35,2
2023-12-12 03:30:00,3,1,12,18.950676852072775,72.99498329143901,N,Abuse,62,1
2023-02-25 14:31:00,14,5,2,19.009357749587007,72.98782179684382,H/W,Abuse,72,1
2023-08-09 22:15:00,22,2,8,19.28232458828094,72.90984338020098,S,Begging,58,4
2023-04-05 01:30:00,1,2,4,19.04888291149401,72.82227212406293,R/C,Lost Child,44,3
2023-12-20 13:35:00,13,2,12,19.071289019930376,72.95666318817766,R/N,Runaway,74,4
2023-05-26 04:15:00,4,4,5,19.182868989993647,72.83516193863089,T,Lost Child,69,2
2023-03-05 16:39:00,16,6,3,19.04560625236164,72.87001573152541,M/E,Child Labour,51,4
2023-09-24 11:56:00,11,6,9,19.17691646951199,72.83911582281304,K/W,Trafficking,64,1
2023-02-18 07:59:00,7,5,2,19.066782455990808,72.81760751377367,G/N,Runaway,55,4
2023-07-06 04:40:00,4,3,7,19.198401744517202,72.87682015828098,B,Runaway,86,3
2023-03-23 01:31:00,1,3,3,19.144872360242957,72.89198071923127,L,Trafficking,39,2
2023-03-05 04:38:00,4,6,3,19.068921562719567,72.98248900261945,G/N,Child Labour,70,4
2023-12-27 00:27:00,0,2,12,19.152414399630402,72.95932731219706,P/N,Trafficking,90,2
2023-07-23 03:18:00,3,6,7,18.960528731710905,72.89364829557952,H/E,Trafficking,86,1
2023-01-31 21:29:00,21,1,1,19.031507071602547,72.8317471916808,E,Trafficking,65,2
2023-05-18 06:42:00,6,3,5,19.159697999951447,72.92888381480492,G/N,Child Labour,73,4
2023-11-14 12:35:00,12,1,11,18.96971163483505,72.90297829783687,P/N,Trafficking,81,1
2023-04-21 18:58:00,18,4,4,19.045994088224983,72.87912179879177,M/E,Begging,81,4
2023-06-22 10:27:00,10,3,6,19.228475988093717,72.80482917614142,B,Runaway,48,4
2023-06-19 09:23:00,9,0,6,19.17918264125707,72.87573912400768,G/N,Abuse,89,1
2023-10-31 13:27:00,13,1,10,18.919393643091063,72.97622793280436,F/S,Lost Child,31,4
2023-12-22 03:57:00,3,4,12,19.27975544219849,72.96527488722776,G/N,Runaway,42,5
2023-04-22 12:04:00,12,5,4,19.165442512659048,72.87894474394768,F/N,Abuse,42,2
2023-02-06 17:15:00,17,0,2,19.020248910400007,72.80391305894857,R/N,Begging,50,4
2023-07-11 23:02:00,23,1,7,19.272441352215036,72.855580646078,G/S,Begging,53,5
2023-04-01 02:27:00,2,5,4,19.118894761383018,72.86526968064632,K/E,Begging,37,4
2023-10-26 23:51:00,23,3,10,19.254667624035573,72.93852012088026,K/W,Begging,74,3
2023-02-17 23:29:00,23,4,2,18.90021118193614,72.888470622479,M/E,Trafficking,92,2
2023-09-28 20:35:00,20,3,9,19.205199233049708,72.94710858030255,F/S,Runaway,91,3
2023-10-26 23:54:00,23,3,10,19.145633753536163,72.87733397913536,F/S,Runaway,41,4
2023-12-27 02:16:00,2,2,12,19.193137153418295,72.84540210561227,M/W,Begging,51,5
2023-07-12 23:18:00,23,2,7,19.022955956483926,72.8423401746389,S,Runaway,90,5
2023-08-13 02:02:00,2,6,8,18.936059133625417,72.81561159001711,T,Begging,54,5
2023-04-19 16:55:00,16,2,4,19.212588286779546,72.99062875485149,R/S,Child Labour,73,4
2023-06-20 19:31:00,19,1,6,19.103842962317295,72.8779553873522,M/W,Begging,62,4
2023-10-17 16:11:00,16,1,10,19.104245758540454,72.92700143920757,R/N,Runaway,97,2
2023-04-28 05:17:00,5,4,4,19.188880584964345,72.97100275361382,M/E,Begging,30,3
2023-07-15 10:23:00,10,5,7,19.254231587618364,72.82959986002611,C,Child Labour,37,4
2023-10-19 07:26:00,7,3,10,18.956027567125453,72.92300658858548,F/S,Trafficking,34,1
2023-11-30 19:47:00,19,3,11,19.156506333390407,72.83805130052184,P/S,Child Labour,82,2
2023-04-29 08:21:00,8,5,4,19.09534376706507,72.95667113388674,K/E,Child Labour,39,4
2023-02-18 21:22:00,21,5,2,19.24526588370531,72.99239213576399,G/S,Begging,77,5
2023-12-17 02:37:00,2,6,12,18.964096060225636,72.84965572698287,A,Begging,71,4
2023-04-18 10:07:00,10,1,4,18.98351234168879,72.86930229581176,P/S,Lost Child,81,3
2023-05-22 11:52:00,11,0,5,19.002660509062007,72.86407023099022,K/W,Trafficking,46,1
2023-05-16 02:53:00,2,1,5,19.06109853123579,72.86050762341473,N,Trafficking,52,2
2023-03-07 02:29:00,2,1,3,19.073352380352187,72.95212572144948,R/N,Begging,92,4
2023-08-17 23:26:00,23,3,8,18.905683652791485,72.81094807582852,R/N,Lost Child,63,5
2023-07-04 17:58:00,17,1,7,19.08023615688844,72.85729088903706,M/E,Child Labour,55,3
2023-08-22 09:19:00,9,1,8,19.261852903509734,72.88896082454086,M/W,Trafficking,34,1
2023-09-07 08:12:00,8,3,9,19.247632273268728,72.87353070207666,P/N,Child Labour,30,3
2023-01-13 04:20:00,4,4,1,18.95968978698199,72.86864936560522,P/S,Abuse,36,1
2023-05-11 05:09:00,5,3,5,18.991362208556094,72.99284609157617,C,Begging,43,5
2023-05-01 01:07:00,1,0,5,19.152919608729587,72.98083305887708,E,Child Labour,80,4
2023-07-08 03:56:00,3,5,7,19.187393450211374,72.96701132787058,E,Begging,93,3
2023-02-04 20:38:00,20,5,2,19.148517489608594,72.8306887460493,T,Child Labour,48,3
2023-09-21 16:12:00,16,3,9,19.213227055204488,72.93149985319354,E,Abuse,87,1
2023-11-19 18:19:00,18,6,11,19.03611762582864,72.97528487026936,P/N,Child Labour,97,4
2023-08-26 03:28:00,3,5,8,19.144979096891742,72.89254487614818,B,Abuse,93,2
2023-05-06 07:55:00,7,5,5,19.266296838521765,72.82158347608109,G/N,Abuse,82,1
2023-12-19 13:10:00,13,1,12,19.06692344260356,72.83139170667961,R/C,Abuse,92,2
2023-03-16 07:35:00,7,3,3,19.29985416270117,72.88542325419373,L,Trafficking,37,1
2023-11-14 14:54:00,14,1,11,18.96617057931829,72.99485280910399,F/N,Child Labour,98,4
2023-02-12 02:23:00,2,6,2,18.944761363597095,72.9942347099099,G/S,Lost Child,60,4
2023-09-03 07:55:00,7,6,9,18.954530576548105,72.83019449328631,G/S,Lost Child,35,5
2023-02-01 17:53:00,17,2,2,19.083288462518645,72.80660739416045,E,Runaway,43,4
2023-12-18 18:06:00,18,0,12,19.08328175555466,72.88097939337608,M/E,Runaway,83,5
2023-10-20 07:19:00,7,4,10,19.216317194412255,72.93765557882698,P/S,Trafficking,97,1
2023-04-24 12:10:00,12,0,4,18.943195468838052,72.81873361779888,P/S,Trafficking,45,2
2023-08-05 12:42:00,12,5,8,19.064847945799883,72.84522267051682,B,Begging,57,4
2023-01-03 18:47:00,18,1,1,18.961754082734803,72.8200187128497,M/E,Runaway,90,4
2023-05-23 23:56:00,23,1,5,19.163164098402376,72.97441411081293,P/N,Runaway,90,4
2023-05-07 10:46:00,10,6,5,19.139647124264364,72.91158192888336,D,Trafficking,85,5
2023-09-03 11:53:00,11,6,9,19.093208401876517,72.83523577386109,N,Lost Child,34,4
2023-08-30 03:04:00,3,2,8,19.053905154279775,72.93321851189103,P/S,Child Labour,58,2
2023-08-25 01:52:00,1,4,8,19.098005902731643,72.97879189088972,B,Abuse,59,1
2023-11-15 01:05:00,1,2,11,19.25822811205751,72.82289668066338,F/N,Lost Child,72,2
2023-01-16 02:44:00,2,0,1,19.11284395469254,72.91991190650945,D,Abuse,60,3
2023-10-19 04:04:00,4,3,10,18.973291809315146,72.91462228550901,P/S,Lost Child,67,3
2023-08-08 13:48:00,13,1,8,18.96149597028086,72.8644239159312,R/C,Lost Child,56,5
2023-06-22 07:36:00,7,3,6,19.18342389635913,72.8668575719086,E,Lost Child,49,4
2023-12-24 16:46:00,16,6,12,19.13407512330764,72.82513011992866,T,Trafficking,68,2
2023-07-16 11:19:00,11,6,7,19.239447300249022,72.9891394368271,P/N,Begging,77,4
2023-05-18 02:03:00,2,3,5,19.03975571033267,72.97339539118953,F/S,Runaway,95,5
2023-10-10 02:09:00,2,1,10,18.929639896989368,72.89815056010458,P/N,Runaway,95,4
2023-01-30 23:02:00,23,0,1,19.256148024927242,72.87701814712364,G/N,Abuse,43,2
2023-07-15 07:17:00,7,5,7,18.906060327451524,72.92144029337409,M/W,Begging,51,4
2023-01-21 02:41:00,2,5,1,19.189544010250668,72.89995982108317,S,Begging,82,5
2023-03-27 02:27:00,2,0,3,18.97941647706207,72.80026906458949,H/E,Runaway,57,3
2023-08-17 02:19:00,2,3,8,19.293171842761048,72.87307258056734,E,Trafficking,34,1
2023-07-19 07:04:00,7,2,7,19.0301446218734,72.95361459241126,K/W,Runaway,34,4
2023-05-01 14:32:00,14,0,5,19.14993625250336,72.92475089753333,A,Begging,71,4
2023-04-03 07:46:00,7,0,4,19.095890577790925,72.82553519318178,D,Runaway,73,4
2023-12-01 04:59:00,4,4,12,18.917728968727104,72.86923690059675,F/N,Trafficking,68,1
2023-07-15 01:23:00,1,5,7,19.272036299003457,72.90546773608051,L,Trafficking,73,2
2023-07-01 21:35:00,21,5,7,19.25609540106637,72.83781532374118,N,Abuse,93,2
2023-05-07 03:49:00,3,6,5,18.934601347538297,72.84998472688937,N,Trafficking,85,2
2023-11-09 21:25:00,21,3,11,19.037602281576532,72.97150352797212,A,Abuse,43,1
2023-04-10 17:23:00,17,0,4,19.26361089031278,72.91184859546225,M/W,Child Labour,44,2
2023-05-31 00:36:00,0,2,5,19.034192899091305,72.97435603943062,M/W,Trafficking,97,2
2023-03-26 06:16:00,6,6,3,19.138444575236147,72.96181087191611,B,Lost Child,43,3
2023-10-31 00:22:00,0,1,10,19.00504411403233,72.95393161616828,C,Trafficking,35,1
2023-09-04 12:02:00,12,0,9,19.209882209587857,72.83706205759238,T,Runaway,47,4
2023-10-12 15:51:00,15,3,10,19.107318773862414,72.84907817868783,H/E,Lost Child,38,5
2023-06-24 14:14:00,14,5,6,19.020434572199093,72.8332555984383,A,Lost Child,75,4
2023-02-04 09:48:00,9,5,2,18.92810825077197,72.81423515261187,R/C,Trafficking,78,2
2023-05-01 11:31:00,11,0,5,19.10044500190292,72.88432810117995,P/N,Child Labour,91,2
2023-11-19 12:20:00,12,6,11,19.26423802237119,72.98065563340964,G/S,Runaway,79,4
2023-02-02 14:13:00,14,3,2,18.942933571297672,72.99420800659324,K/W,Trafficking,47,2
2023-06-15 11:29:00,11,3,6,19.047586148438384,72.96733072381916,R/C,Abuse,65,2
2023-05-20 18:58:00,18,5,5,19.024325014998514,72.8229767242256,G/N,Runaway,75,3
2023-10-04 13:41:00,13,2,10,18.979717374082096,72.83607076955792,B,Child Labour,69,2
2023-10-13 06:20:00,6,4,10,18.957489978483434,72.83025559817108,T,Trafficking,65,1
2023-12-22 04:26:00,4,4,12,19.107591041691773,72.87313748045865,T,Child Labour,62,2
2023-10-23 18:02:00,18,0,10,18.974034396751726,72.96692925886722,G/N,Abuse,70,1
2023-06-24 09:33:00,9,5,6,19.050461233662315,72.98040674322104,R/C,Lost Child,52,5
2023-04-22 16:35:00,16,5,4,19.076477377072283,72.8545622784774,K/E,Lost Child,86,5
2023-07-23 17:53:00,17,6,7,19.274188169301958,72.81162883961616,M/E,Lost Child,64,4
2023-01-26 23:12:00,23,3,1,19.215957132039975,72.89321675765456,K/E,Abuse,94,1
2023-02-10 10:10:00,10,4,2,19.103814216374722,72.84394978043895,K/W,Lost Child,39,4
2023-01-22 09:01:00,9,6,1,19.092728966762955,72.93106588443936,H/E,Abuse,34,2
2023-01-05 22:16:00,22,3,1,19.166865003229706,72.82363909705849,K/E,Trafficking,76,2
2023-07-19 18:26:00,18,2,7,19.16284718331883,72.94435646401203,M/W,Trafficking,32,1
2023-04-05 02:12:00,2,2,4,19.17034740852243,72.82179726804846,F/S,Lost Child,84,3
2023-03-08 17:07:00,17,2,3,19.24853136380727,72.96394969729147,G/S,Begging,37,3
2023-11-22 22:35:00,22,2,11,19.19733865908497,72.87123312107262,D,Child Labour,90,2
2023-09-11 02:33:00,2,0,9,19.15239935703424,72.81486327737922,P/N,Abuse,70,2
2023-12-16 00:08:00,0,5,12,19.10870347706203,72.92686924444081,H/E,Runaway,41,3
2023-07-04 19:22:00,19,1,7,18.945731932102948,72.81847199335346,K/W,Runaway,65,4
2023-11-15 14:21:00,14,2,11,19.215048743945115,72.9437167782792,S,Child Labour,81,2
2023-04-16 05:37:00,5,6,4,18.98960492526611,72.95046317382145,F/N,Child Labour,72,4
2023-02-03 03:34:00,3,4,2,19.18093362767777,72.82102725608775,K/W,Child Labour,61,4
2023-06-15 10:16:00,10,3,6,19.226909845376753,72.87202510735423,N,Runaway,66,4
2023-12-21 12:56:00,12,3,12,19.260866100120207,72.84701882669633,G/N,Runaway,76,3
2024-01-01 07:53:00,7,0,1,19.227085625941942,72.91704360101191,H/W,Runaway,30,3
2023-01-20 07:34:00,7,4,1,19.051317871827518,72.82839093288823,G/S,Abuse,83,2
2023-09-10 23:52:00,23,6,9,19.23873905665591,72.87704033924969,K/E,Runaway,36,4
2023-02-10 14:30:00,14,4,2,19.110856305683335,72.87100715023446,G/S,Begging,75,3
2023-12-14 06:02:00,6,3,12,19.186502999356073,72.91036463988098,K/W,Abuse,32,2
2023-06-18 18:58:00,18,6,6,18.964229309950493,72.95212461106217,E,Runaway,91,4
2023-01-14 14:43:00,14,5,1,19.284529786636917,72.99519477788027,F/S,Begging,47,4
2023-07-19 20:49:00,20,2,7,19.01071839038696,72.84437383571647,C,Begging,56,5
2023-09-15 20:38:00,20,4,9,18.90014108503772,72.89585350409622,H/W,Trafficking,93,2
2023-12-02 02:12:00,2,5,12,19.051532606472165,72.85536149772358,H/W,Trafficking,96,1
2023-01-27 14:13:00,14,4,1,19.082642462321196,72.9299868922816,T,Abuse,58,1
2023-10-03 02:58:00,2,1,10,19.275099471370297,72.92809848715498,F/S,Lost Child,34,3
2023-01-01 16:08:00,16,6,1,19.017262873330345,72.84883801765588,G/S,Lost Child,77,5
2023-12-10 10:28:00,10,6,12,18.95091336731351,72.86178344025636,R/S,Abuse,74,1
2023-11-01 14:38:00,14,2,11,19.210347105582557,72.9988186587731,A,Begging,77,4
2023-02-12 20:29:00,20,6,2,19.076609306691136,72.91286539061637,S,Child Labour,31,2
2023-03-30 13:42:00,13,3,3,19.27974488132205,72.99078560298804,S,Begging,93,5
2023-04-19 11:53:00,11,2,4,19.113412424321645,72.80741739558336,D,Begging,53,4
2023-03-31 11:48:00,11,4,3,19.02379567757522,72.83775249614109,F/N,Abuse,91,4
2023-03-09 18:39:00,18,3,3,18.930262279276732,72.88567001760154,T,Child Labour,57,4
2023-07-09 03:56:00,3,6,7,18.9059001502164,72.86851241233781,A,Child Labour,73,4
2023-10-05 12:33:00,12,3,10,19.221704886281977,72.98512942144504,D,Runaway,77,3
2023-09-14 04:03:00,4,3,9,19.204770795389,72.90374751093215,F/N,Abuse,78,1
2023-05-17 19:36:00,19,2,5,19.05915239954656,72.91758735022624,M/E,Trafficking,36,1
2023-06-03 06:08:00,6,5,6,19.212718008557395,72.89068642970489,M/W,Runaway,48,1
2023-05-04 09:56:00,9,3,5,19.274238802782676,72.90444031203614,R/S,Lost Child,80,3
2023-10-24 23:05:00,23,1,10,18.952703618474892,72.97069341946923,L,Lost Child,86,5
2023-12-24 17:03:00,17,6,12,19.099835840676374,72.93859580713885,F/N,Begging,99,5
2023-03-23 03:04:00,3,3,3,19.099018923222975,72.85330611777381,G/S,Begging,40,3
2023-02-08 20:07:00,20,2,2,19.0240992421221,72.87796134144776,A,Trafficking,91,2
2023-08-29 09:07:00,9,1,8,19.04388474255121,72.88305680316974,F/N,Lost Child,79,3
2023-08-28 17:34:00,17,0,8,18.910020015010605,72.9370779534474,B,Begging,69,5
2023-10-25 00:34:00,0,2,10,19.11394883854545,72.89225261680708,R/N,Begging,35,5
2023-09-27 12:39:00,12,2,9,19.080021341229347,72.80417097523461,R/N,Lost Child,87,4
2023-04-08 02:12:00,2,5,4,18.999573528668833,72.82110231587369,B,Lost Child,94,5
2023-05-31 12:12:00,12,2,5,19.156522366104536,72.9633453568129,R/C,Trafficking,76,1
2023-10-02 07:39:00,7,0,10,19.06857018587692,72.98942711193096,A,Child Labour,34,2
2023-03-31 15:37:00,15,4,3,18.940624522290623,72.80267631559668,K/E,Begging,35,4
2023-07-27 12:02:00,12,3,7,18.98261568797859,72.91734502937399,S,Lost Child,92,5
2023-10-18 05:06:00,5,2,10,19.012203823922395,72.85355035378844,A,Lost Child,94,3
2023-01-17 22:36:00,22,1,1,19.01681602438795,72.91874682546262,F/S,Abuse,78,1
2023-03-15 05:43:00,5,2,3,19.193581583015927,72.94770447787243,S,Trafficking,62,1
2023-05-11 02:41:00,2,3,5,19.22569084777136,72.95172244117809,P/N,Begging,59,3
2023-10-28 03:57:00,3,5,10,19.06666501086322,72.9534471947513,B,Child Labour,33,3
2023-07-30 13:31:00,13,6,7,19.040879665783233,72.84846596551262,H/W,Runaway,43,4
2023-01-08 04:08:00,4,6,1,19.12446267035025,72.84493938238262,H/W,Runaway,98,3
2023-08-17 23:29:00,23,3,8,19.062226508490664,72.86095457957082,K/W,Lost Child,38,3
2023-09-22 10:04:00,10,4,9,19.271902269108796,72.83663984316121,P/N,Trafficking,91,2
2023-07-27 17:51:00,17,3,7,18.919651411744514,72.98932058708232,S,Begging,45,4
2023-01-23 21:42:00,21,0,1,19.271535360416028,72.8083151570315,E,Lost Child,57,4
2023-06-07 02:48:00,2,2,6,18.919212601964663,72.81562934068917,H/E,Lost Child,74,4
2023-08-23 12:42:00,12,2,8,19.110540421634536,72.8585737598155,H/E,Child Labour,61,4
2023-09-08 04:34:00,4,4,9,19.17101698435939,72.82602471065513,R/S,Lost Child,88,1
2023-06-05 23:00:00,23,0,6,19.036046960747235,72.98589181820736,P/S,Child Labour,63,4
2023-10-04 08:31:00,8,2,10,19.0659826397299,72.99337122900117,L,Child Labour,88,2
2023-06-17 23:06:00,23,5,6,18.95813101466825,72.86975980055786,E,Begging,97,5
2023-09-28 20:11:00,20,3,9,19.120011217073724,72.82136734523797,M/E,Lost Child,86,4
2023-07-13 08:51:00,8,3,7,18.909363140077023,72.98534145765062,F/S,Abuse,83,2
2023-08-22 14:55:00,14,1,8,19.287716051484594,72.931265459733,T,Abuse,57,1
2023-10-12 20:56:00,20,3,10,19.033064662765884,72.88081329486978,R/S,Runaway,63,5
2023-04-03 05:26:00,5,0,4,19.168499448822068,72.89281026516596,M/E,Runaway,48,4
2023-05-20 20:09:00,20,5,5,19.099388113884473,72.90159413158031,R/S,Trafficking,79,1
2023-02-22 21:06:00,21,2,2,19.093124638550233,72.96988865611418,S,Runaway,43,5
2023-08-12 11:17:00,11,5,8,18.964784757464653,72.81589470769573,R/N,Abuse,97,1
2023-09-02 13:22:00,13,5,9,19.199599594988438,72.97157465216908,B,Abuse,83,2
2023-11-03 02:14:00,2,4,11,18.900159497984948,72.9794099149688,M/W,Lost Child,47,3
2023-12-31 08:53:00,8,6,12,19.221968608977406,72.96764190739113,T,Child Labour,38,2
2023-09-22 16:49:00,16,4,9,19.202857676139267,72.95584471233715,E,Trafficking,92,2
2023-04-12 19:25:00,19,2,4,19.27614935648947,72.95539381955331,R/S,Lost Child,35,5
2023-04-24 10:05:00,10,0,4,19.25158961978197,72.95715366702956,L,Begging,67,4
2023-06-10 12:34:00,12,5,6,19.17372110211451,72.82338189924819,R/N,Lost Child,70,1
2023-05-04 03:44:00,3,3,5,19.212432760660363,72.9208198655598,H/E,Trafficking,89,2
2023-11-14 11:51:00,11,1,11,19.205118987307728,72.87290447392306,B,Trafficking,53,1
2023-10-26 12:50:00,12,3,10,18.988995447869375,72.8169494540409,M/E,Abuse,38,2
2023-11-28 15:38:00,15,1,11,18.99880199393208,72.92321608463168,A,Child Labour,73,3
2023-04-26 11:35:00,11,2,4,19.22313658866223,72.82573286731437,M/W,Child Labour,55,2
2023-02-03 07:53:00,7,4,2,19.284098272362012,72.99829952021126,C,Runaway,96,5
2023-05-19 01:12:00,1,4,5,19.154045507911086,72.80675075776217,E,Runaway,46,5
2023-02-21 19:09:00,19,1,2,18.979449664054986,72.92258854145084,K/E,Child Labour,56,2
2023-05-29 04:38:00,4,0,5,19.085298745493827,72.84566230036945,T,Abuse,73,1
2023-02-18 03:43:00,3,5,2,19.066992089923126,72.93075866333157,R/S,Trafficking,82,2
2023-01-05 01:06:00,1,3,1,19.210391484136043,72.98362921438459,A,Trafficking,35,2
2023-04-30 15:14:00,15,6,4,18.935715537701366,72.93488742428958,M/E,Lost Child,71,5
2023-07-26 02:12:00,2,2,7,18.91503455597222,72.94777545855759,D,Trafficking,40,2
2023-01-09 04:10:00,4,0,1,19.263970373964497,72.8056799582785,M/W,Runaway,71,4
2023-08-12 21:22:00,21,5,8,19.293385052600666,72.96905247516693,F/S,Lost Child,81,3
2023-12-24 16:21:00,16,6,12,19.013843958881615,72.89683289589635,P/N,Begging,71,4
2023-02-24 17:48:00,17,4,2,19.098923979220235,72.83780603106644,T,Runaway,88,4
2023-02-11 05:41:00,5,5,2,19.12251872083566,72.87678099052675,F/S,Begging,75,4
2023-07-25 13:16:00,13,1,7,18.920659929698548,72.94029981565524,G/N,Abuse,80,1
2023-11-10 17:37:00,17,4,11,19.1923776631817,72.8125956218139,G/S,Child Labour,55,2
2023-10-19 00:53:00,0,3,10,19.16124355377439,72.86408848575658,T,Trafficking,89,2
2023-07-05 18:02:00,18,2,7,19.12781354336155,72.8782470236449,P/N,Trafficking,39,1
2023-11-24 15:34:00,15,4,11,18.940950477951702,72.80823948245155,K/W,Child Labour,35,2
2023-03-26 04:40:00,4,6,3,18.999982315937416,72.99485396095582,T,Runaway,76,5
2023-12-01 10:38:00,10,4,12,19.04903995786196,72.91896642654054,P/S,Child Labour,72,3
2023-09-23 05:50:00,5,5,9,19.120705744598954,72.80420453474392,F/S,Trafficking,91,2
2023-06-28 20:33:00,20,2,6,19.2112763327979,72.81369319218143,M/E,Child Labour,87,3
2023-01-01 22:19:00,22,6,1,19.219767311709948,72.815447664152,R/N,Abuse,82,2
2023-08-25 00:06:00,0,4,8,19.188194340799317,72.88118345565329,H/W,Abuse,71,1
2023-06-24 07:15:00,7,5,6,18.9945586468306,72.93802153020823,P/S,Runaway,45,5
2023-09-09 02:07:00,2,5,9,19.269456295879877,72.83497894077735,S,Abuse,58,1
2023-09-03 23:37:00,23,6,9,19.269650567570512,72.83478596942068,F/N,Begging,93,3
2023-07-03 13:48:00,13,0,7,19.001815778764733,72.96146160766,R/S,Abuse,47,2
2023-12-05 20:28:00,20,1,12,19.125473696611827,72.86268512051244,L,Begging,89,5
2023-05-10 00:57:00,0,2,5,18.984571498488734,72.8049503781054,G/S,Abuse,86,2
2023-08-24 15:27:00,15,3,8,19.179155642733868,72.98210673679694,M/W,Lost Child,60,4
2023-11-21 07:37:00,7,1,11,18.91486400592448,72.80902474359726,K/E,Runaway,97,5
2023-05-09 11:10:00,11,1,5,19.04559403386154,72.954069043957,L,Runaway,76,5
2023-09-25 22:33:00,22,0,9,19.000165381179187,72.95279089125728,E,Runaway,42,5
2023-04-27 13:54:00,13,3,4,19.2171680562613,72.80262302606924,R/C,Lost Child,55,3
2023-11-29 22:05:00,22,2,11,19.023161525173965,72.93974657285302,H/E,Runaway,52,3
2023-04-13 14:59:00,14,3,4,19.260464658187452,72.89183497145125,H/E,Trafficking,74,2
2023-03-28 22:47:00,22,1,3,19.01571251548189,72.89823533317269,S,Child Labour,74,3
2023-06-14 16:58:00,16,2,6,19.007654975572873,72.98393523344723,L,Lost Child,66,4
2023-01-23 21:07:00,21,0,1,18.90899091422721,72.93004339846652,H/E,Begging,35,3
2023-10-31 03:55:00,3,1,10,19.28446721498048,72.8035509018379,E,Trafficking,62,2
2023-04-24 09:41:00,9,0,4,19.20696119904381,72.91329611080562,R/S,Lost Child,56,5
2023-06-11 23:29:00,23,6,6,19.28813520355088,72.88618917638411,R/N,Runaway,40,3
2023-06-11 09:20:00,9,6,6,19.002920169722234,72.93256683417518,P/N,Child Labour,82,4
2023-12-22 17:15:00,17,4,12,19.283443983510757,72.8953866583685,E,Begging,41,4
2023-11-10 03:45:00,3,4,11,19.24452436710621,72.97204782869144,R/C,Runaway,84,4
2023-05-25 11:26:00,11,3,5,19.09642862603174,72.8790387016514,N,Runaway,60,3
2023-06-20 13:26:00,13,1,6,18.999796413377705,72.91089998373255,G/N,Begging,30,5
2023-01-22 18:40:00,18,6,1,18.926663029920423,72.94029947852815,D,Abuse,39,2
2023-03-03 08:56:00,8,4,3,18.928820077265573,72.95050987481552,T,Trafficking,50,1
2023-11-20 05:04:00,5,0,11,19.125786410391097,72.90894546208109,H/E,Lost Child,32,5
2023-05-03 13:35:00,13,2,5,19.25705167473006,72.9910462389491,P/S,Trafficking,64,1
2023-06-01 02:29:00,2,3,6,19.202426293239668,72.9716341094033,B,Runaway,86,4
2023-12-27 00:13:00,0,2,12,19.12667243502283,72.88034405407555,H/E,Abuse,88,1
2023-12-29 06:37:00,6,4,12,19.18621106610815,72.98341790582333,G/N,Begging,61,4
2023-12-27 12:34:00,12,2,12,19.238655481913312,72.81290498733061,N,Begging,60,5
2023-03-04 15:15:00,15,5,3,19.27370873940296,72.81226167842468,G/S,Begging,93,4
2023-08-18 01:51:00,1,4,8,19.132931606875747,72.99316354453063,G/S,Begging,96,4
2023-12-31 06:05:00,6,6,12,19.02864164499591,72.9575099734963,G/N,Child Labour,51,4
2023-12-14 03:29:00,3,3,12,19.294231526034018,72.89372130287741,N,Abuse,87,1
2023-05-28 21:00:00,21,6,5,19.257057003929713,72.88846222371413,S,Child Labour,99,4
2023-02-12 07:59:00,7,6,2,19.163640211022546,72.9259725384107,C,Child Labour,65,2
2023-07-18 03:51:00,3,1,7,18.973972567519493,72.9701244728426,F/S,Trafficking,77,2
2023-06-03 14:01:00,14,5,6,19.103003200246363,72.94213593491888,C,Abuse,74,2
2023-06-21 20:23:00,20,2,6,19.283123903745835,72.96068220840439,S,Child Labour,67,2
2023-06-27 22:44:00,22,1,6,19.260408765103488,72.8088029420622,R/C,Child Labour,70,4
2023-09-05 16:02:00,16,1,9,19.010289740092198,72.91008010945504,R/N,Trafficking,82,1
2023-08-05 18:45:00,18,5,8,18.944414379390565,72.8245326422542,A,Abuse,87,3
2023-05-02 00:21:00,0,1,5,19.060667612508183,72.96526691910331,T,Begging,84,3
2023-02-25 19:56:00,19,5,2,18.95199429345608,72.992379168923,R/S,Lost Child,73,3
2023-06-13 06:32:00,6,1,6,19.02820319259779,72.90757475239803,C,Abuse,80,1
2023-11-24 10:59:00,10,4,11,19.28992249618765,72.87229211965617,C,Child Labour,78,3
2023-01-13 16:26:00,16,4,1,18.98113859469672,72.97760548283848,B,Child Labour,45,3
2023-08-01 06:30:00,6,1,8,19.09753867862952,72.90978260679262,D,Child Labour,49,3
2023-09-28 05:55:00,5,3,9,19.096950719012916,72.80090526281778,N,Begging,48,4
2023-10-17 08:27:00,8,1,10,19.271718446908867,72.8911976808545,M/W,Lost Child,41,5
2023-10-20 03:09:00,3,4,10,19.060209980316245,72.83376643311038,S,Abuse,55,1
2023-12-27 19:55:00,19,2,12,19.154541490523112,72.94540564427608,G/N,Trafficking,79,2
2023-03-08 08:25:00,8,2,3,19.22334450770086,72.94956073915588,L,Lost Child,60,5
2023-03-24 02:31:00,2,4,3,19.042739926064456,72.84044452162578,P/N,Lost Child,55,4
2023-08-02 01:40:00,1,2,8,19.120923741907827,72.99428596618267,N,Trafficking,91,1
2023-08-18 09:28:00,9,4,8,19.211694155870358,72.93487604811995,E,Begging,39,3
2023-06-24 19:30:00,19,5,6,18.922447775764937,72.97980056431315,R/S,Trafficking,35,1
2023-02-03 10:20:00,10,4,2,18.939167658017627,72.97425041242494,P/S,Lost Child,30,4
2023-08-02 00:05:00,0,2,8,19.01724970063018,72.87174104196531,D,Lost Child,52,4
2023-04-23 15:09:00,15,6,4,18.974789215604833,72.80476725145907,F/N,Lost Child,79,4
2023-01-03 13:36:00,13,1,1,19.169097651464288,72.9412624956477,B,Abuse,37,2
2023-03-08 16:02:00,16,2,3,18.970892909083936,72.9030095747056,R/S,Runaway,62,5
2023-09-13 23:54:00,23,2,9,18.948736205868897,72.99216919861783,E,Child Labour,34,3
2023-05-02 12:49:00,12,1,5,19.217180976687516,72.86689002089813,R/S,Runaway,54,3
2023-10-25 10:39:00,10,2,10,19.122803644167405,72.88104350569779,F/N,Child Labour,41,3
2023-07-20 23:54:00,23,3,7,19.114053696274574,72.89404200060808,H/W,Child Labour,90,2
2023-11-04 18:54:00,18,5,11,19.073923257388984,72.8722636313231,S,Trafficking,31,2
2023-06-16 02:42:00,2,4,6,19.03901077489551,72.87921259925248,S,Child Labour,97,2
2023-02-21 02:29:00,2,1,2,19.019430778291845,72.89427752638046,G/N,Abuse,68,1
2023-11-14 03:54:00,3,1,11,18.983933855835197,72.89136142535057,E,Child Labour,60,3
2023-10-25 01:57:00,1,2,10,18.910377606710732,72.84871197775652,K/W,Begging,83,5
2023-10-08 02:43:00,2,6,10,18.9560470276782,72.98302064941727,P/N,Begging,60,4
2023-10-01 08:44:00,8,6,10,19.261075328015487,72.97174416185297,T,Begging,91,3
2023-03-17 21:32:00,21,4,3,19.271529339875322,72.8177634518694,P/S,Abuse,37,2
2023-05-24 12:52:00,12,2,5,18.98104987754218,72.9867496032701,F/S,Child Labour,90,4
2023-06-30 18:05:00,18,4,6,19.02547950183573,72.99082751821643,G/S,Child Labour,68,4
2023-11-19 19:13:00,19,6,11,19.01885437544767,72.8303222866159,T,Trafficking,55,1
2023-11-02 04:39:00,4,3,11,19.12298467718521,72.83836391465431,M/E,Runaway,68,4
2023-04-28 01:59:00,1,4,4,18.996671988901625,72.8332115142946,A,Begging,40,5
2023-09-21 23:19:00,23,3,9,19.033966976711827,72.99121200276662,F/S,Trafficking,49,2
2023-05-07 12:07:00,12,6,5,19.091612513227957,72.86169298259291,P/N,Runaway,66,3
2023-02-21 13:53:00,13,1,2,18.93981204334198,72.82309811843768,N,Runaway,62,5
2023-04-16 11:26:00,11,6,4,19.03722960086953,72.84330280979516,R/C,Runaway,40,4
2023-02-06 10:57:00,10,0,2,18.96448362014303,72.93877971730075,L,Trafficking,50,2
2023-10-24 02:12:00,2,1,10,18.980233269180896,72.9869822952626,R/S,Begging,95,2
2023-03-19 18:21:00,18,6,3,18.917166187338132,72.9114652781104,T,Lost Child,91,3
2023-04-06 23:47:00,23,3,4,19.166271186119964,72.90421444074849,A,Begging,99,5
2023-12-03 07:38:00,7,6,12,18.996621905771317,72.81687830468721,E,Lost Child,54,3
2023-12-19 19:30:00,19,1,12,19.221092066423772,72.89403211252869,R/N,Abuse,52,4
2023-10-18 09:42:00,9,2,10,18.970234815678022,72.9160477512036,T,Child Labour,50,3
2023-11-22 09:42:00,9,2,11,18.94945451492763,72.90131063067813,K/E,Lost Child,59,5
2023-11-27 08:45:00,8,0,11,19.184717248879235,72.88539295715478,H/W,Lost Child,63,3
2023-11-10 04:05:00,4,4,11,19.020172494639493,72.9424862072417,H/E,Runaway,98,5
2023-04-29 02:26:00,2,5,4,18.90860761308642,72.91279642882569,H/W,Child Labour,84,3
2023-10-13 05:48:00,5,4,10,18.9292460248721,72.94893798623936,M/E,Lost Child,94,1
2023-07-11 03:09:00,3,1,7,19.218128846013403,72.91399757974816,P/S,Abuse,62,1
2023-02-16 08:18:00,8,3,2,19.04049399481067,72.82997132554972,L,Child Labour,47,2
2023-12-12 11:41:00,11,1,12,19.121028647847588,72.96207191426154,D,Abuse,58,1
2023-11-23 19:01:00,19,3,11,18.918046022691264,72.84728178519259,D,Lost Child,81,5
2023-10-13 00:01:00,0,4,10,19.023561068098335,72.85474048922052,M/E,Begging,87,4
2023-06-22 02:44:00,2,3,6,19.275452066478476,72.89327267432401,S,Child Labour,97,3
2023-05-30 11:19:00,11,1,5,19.254853818701662,72.98221547643878,S,Begging,77,4
2023-08-07 05:44:00,5,0,8,19.254230383632983,72.82349648041514,L,Runaway,94,4
2023-09-19 07:21:00,7,1,9,19.251859529486314,72.82398826543404,R/C,Trafficking,66,1
2023-08-31 23:01:00,23,3,8,19.299643909935384,72.8574616769204,P/N,Lost Child,48,4
2023-09-28 19:46:00,19,3,9,19.09315418201418,72.8879102249326,L,Begging,34,4
2023-10-15 23:20:00,23,6,10,19.28063051823115,72.8107662190951,K/W,Abuse,46,2
2023-03-04 08:21:00,8,5,3,19.017277087547903,72.88397924549274,T,Trafficking,59,2
2023-06-10 04:14:00,4,5,6,18.990547255930696,72.98729275864588,K/E,Runaway,64,5
2023-08-20 04:04:00,4,6,8,19.02902373350935,72.82079925438512,E,Child Labour,90,3
2023-02-13 12:32:00,12,0,2,19.232355305883793,72.98513920849966,R/S,Abuse,37,2
2023-08-02 20:49:00,20,2,8,19.149972135172913,72.8508670722412,F/N,Begging,92,4
2023-11-29 10:12:00,10,2,11,18.97649277255349,72.94913177189325,P/N,Child Labour,31,3
2023-01-03 13:51:00,13,1,1,19.13976153281777,72.8369124801693,E,Lost Child,80,4
2023-01-02 01:22:00,1,0,1,19.149449039877,72.92260825583,M/W,Runaway,82,5
2023-05-23 16:01:00,16,1,5,19.28795417251849,72.97147048211598,A,Runaway,58,5
2023-03-27 01:40:00,1,0,3,19.14579155995467,72.82819242828839,S,Trafficking,63,2
2023-11-14 15:16:00,15,1,11,19.063773121886857,72.91624914122839,P/N,Abuse,62,1
2023-07-29 01:26:00,1,5,7,19.0598839071015,72.8624017062375,G/N,Begging,56,3
2023-02-27 00:10:00,0,0,2,19.087716460499088,72.83622934688464,P/S,Child Labour,56,4
2023-06-24 10:05:00,10,5,6,18.927438854593547,72.82507182398656,C,Child Labour,57,2
2023-05-07 16:14:00,16,6,5,19.298738025968852,72.8825143567922,N,Abuse,87,2
2023-10-12 20:52:00,20,3,10,19.167062219862157,72.89791348752011,K/E,Runaway,89,5
2023-03-12 19:00:00,19,6,3,19.045363331944245,72.93386800041705,H/W,Lost Child,47,4
2023-10-13 00:55:00,0,4,10,19.111530450202487,72.85927121046599,P/N,Trafficking,38,2
2023-07-14 20:01:00,20,4,7,19.021795297559265,72.81486045515584,G/N,Abuse,72,2
2023-09-05 09:26:00,9,1,9,19.13156968287304,72.87660841045847,F/N,Lost Child,32,5
2023-05-23 16:03:00,16,1,5,18.99429844381975,72.80132538145601,P/S,Runaway,42,5
2023-04-10 20:15:00,20,0,4,19.13323875833176,72.90895889232874,K/W,Child Labour,75,2
2023-03-19 22:54:00,22,6,3,19.07091067820537,72.83019938098768,G/N,Lost Child,85,1
2023-11-24 07:59:00,7,4,11,18.969639648901,72.98703985847936,R/S,Trafficking,46,1
2023-12-30 03:53:00,3,5,12,19.12858019016886,72.95146499288855,R/S,Child Labour,83,3
2023-04-16 01:17:00,1,6,4,19.092385361688716,72.82835429521238,L,Trafficking,73,1
2023-01-10 19:40:00,19,1,1,19.037942788163797,72.81524278545668,P/N,Abuse,63,2
2023-07-19 15:03:00,15,2,7,19.254415852625737,72.94790868435267,R/N,Child Labour,98,2
2023-04-09 13:16:00,13,6,4,18.96359918420732,72.93160965739301,P/N,Child Labour,55,4
2023-07-23 04:17:00,4,6,7,19.11078782480723,72.86749138780641,K/W,Abuse,54,1
2023-08-24 21:59:00,21,3,8,19.13349664787185,72.87906863654105,S,Abuse,48,1
2023-08-01 19:41:00,19,1,8,19.135751185441602,72.83678088851838,E,Abuse,95,1
2023-01-30 21:26:00,21,0,1,18.936793231285463,72.85218111665799,F/S,Child Labour,31,3
2023-10-27 10:02:00,10,4,10,19.207095786964928,72.8490211152002,M/W,Runaway,95,3
2023-06-04 16:23:00,16,6,6,19.173729694092547,72.83329977532114,F/N,Lost Child,69,4
2023-03-29 03:39:00,3,2,3,19.01397213846152,72.98333629656388,N,Child Labour,83,2
2023-08-22 22:54:00,22,1,8,18.93203662789318,72.98340558102414,P/N,Trafficking,56,2
2023-10-19 21:40:00,21,3,10,19.226168049241533,72.82535325163579,M/W,Child Labour,89,4
2023-12-26 14:44:00,14,1,12,19.22786430264855,72.97947376577254,B,Abuse,81,1
2023-01-01 01:18:00,1,6,1,19.166110862136396,72.96509225900822,F/S,Begging,98,3
2023-10-11 00:56:00,0,2,10,19.16484730976959,72.829137901686,B,Abuse,30,3
2023-11-04 08:12:00,8,5,11,19.069084054554512,72.85341759652626,R/C,Runaway,35,3
2023-09-16 16:23:00,16,5,9,19.078694432311455,72.91600971933819,N,Runaway,49,5
2023-05-25 20:17:00,20,3,5,18.990034836944243,72.84561056973727,D,Lost Child,30,5
2023-02-28 12:22:00,12,1,2,19.040993436650403,72.98348449173744,H/W,Begging,63,3
2023-06-17 20:32:00,20,5,6,18.914392379533737,72.88157818700351,B,Runaway,90,5
2023-12-22 14:34:00,14,4,12,19.0866580755756,72.96435372052194,R/C,Abuse,65,2
2023-08-27 17:59:00,17,6,8,19.103553727842456,72.83475175034874,K/E,Lost Child,97,4
2023-03-24 03:11:00,3,4,3,19.206516730554036,72.86767023113674,F/N,Trafficking,45,1
2023-11-25 04:07:00,4,5,11,19.082771823783336,72.9869089357275,E,Begging,58,3
2023-06-21 21:28:00,21,2,6,19.13725846620638,72.95055900488478,C,Abuse,32,2
2023-07-15 02:12:00,2,5,7,19.004821522250243,72.87874843345838,N,Begging,44,4
2023-08-07 17:52:00,17,0,8,19.155722916517295,72.8152367483076,M/E,Runaway,59,5
2023-11-07 08:57:00,8,1,11,19.236902315020153,72.80853537997409,H/E,Trafficking,50,3
2023-07-12 08:26:00,8,2,7,19.006018042541022,72.88326208847796,F/N,Child Labour,40,4
2023-04-30 14:53:00,14,6,4,19.27467031638628,72.89724749019533,S,Abuse,90,1
2023-03-29 17:12:00,17,2,3,19.074970382951157,72.9808704433858,K/W,Child Labour,74,2
2023-10-22 13:22:00,13,6,10,19.23162459127065,72.83570769362163,S,Trafficking,64,1
2023-04-09 03:55:00,3,6,4,18.909363074812354,72.84334860932246,R/S,Lost Child,38,4
2023-04-28 03:05:00,3,4,4,19.158740603899957,72.81931551067933,R/S,Trafficking,83,1
2023-01-24 20:51:00,20,1,1,18.914656854462947,72.96162966221767,F/N,Trafficking,93,3
2023-06-04 23:08:00,23,6,6,19.273379206818763,72.99417115912047,R/C,Begging,41,3
2023-08-16 21:58:00,21,2,8,19.049075451583334,72.81293726079018,F/S,Trafficking,49,2
2023-03-06 10:59:00,10,0,3,19.058130286444637,72.8377464715002,G/S,Trafficking,56,1
2023-05-08 03:44:00,3,0,5,19.143335036179916,72.86810911164326,L,Lost Child,94,1
2023-10-30 07:01:00,7,0,10,19.091319864355153,72.88759088660663,H/W,Lost Child,89,5
2023-07-11 16:26:00,16,1,7,19.207603450038206,72.81660015576543,D,Lost Child,35,4
2023-04-22 01:36:00,1,5,4,19.117586374845033,72.97246373098187,M/W,Runaway,49,3
2023-05-05 19:06:00,19,4,5,18.972071779367692,72.82931132885282,T,Abuse,61,1
2023-12-17 21:53:00,21,6,12,18.96580840974616,72.93188190072583,H/E,Begging,55,4
2023-12-27 06:27:00,6,2,12,19.007624468205417,72.97160583489078,M/W,Abuse,89,1
2023-03-30 18:29:00,18,3,3,19.147709261340538,72.80484927383242,R/N,Trafficking,33,1
2023-04-25 01:46:00,1,1,4,18.991581287914435,72.99592850187514,P/S,Child Labour,34,3
2023-10-17 04:54:00,4,1,10,19.018240710703786,72.89273491266452,M/W,Lost Child,59,3
2023-04-04 08:32:00,8,1,4,18.93734432372289,72.82798565930364,T,Begging,81,5
2023-12-26 19:32:00,19,1,12,19.164339420965444,72.98746790868715,C,Abuse,68,1
2023-06-22 09:52:00,9,3,6,19.032421489084186,72.97384266834128,E,Child Labour,71,2
2023-09-22 14:04:00,14,4,9,18.90522712515933,72.86525819419666,P/S,Begging,33,5
2023-10-05 02:20:00,2,3,10,19.08746820737446,72.94018123055531,R/S,Trafficking,87,2
2023-12-12 08:05:00,8,1,12,19.273597580120335,72.95510857529447,R/S,Runaway,50,4
2023-11-02 15:55:00,15,3,11,19.07443622691918,72.89548353389743,R/N,Child Labour,49,3
2023-02-05 22:49:00,22,6,2,18.98074370226155,72.818103724534,G/N,Child Labour,75,2
2023-05-13 03:40:00,3,5,5,19.192875918061233,72.97624725244759,K/W,Trafficking,31,1
2023-04-17 13:28:00,13,0,4,18.93145383974114,72.97143483959476,G/S,Trafficking,88,2
2023-01-25 05:50:00,5,2,1,19.286840324133184,72.88080230545103,M/E,Trafficking,61,1
2023-07-10 12:59:00,12,0,7,19.22104060968676,72.96304813440943,R/S,Abuse,68,1
2023-11-18 10:57:00,10,5,11,19.168792508227785,72.9613189992597,A,Trafficking,94,2
2023-07-06 00:11:00,0,3,7,19.24422155200947,72.96695326761358,H/W,Trafficking,51,2
2023-10-01 21:55:00,21,6,10,18.92316414069124,72.84985878299375,M/E,Runaway,77,3
2023-11-10 08:05:00,8,4,11,18.91426463195577,72.9769280428555,K/W,Runaway,46,3
2023-12-08 12:24:00,12,4,12,19.02559844663546,72.83955801192914,R/S,Lost Child,63,3
2023-12-25 09:32:00,9,0,12,19.051685851521604,72.8017160500493,N,Trafficking,58,1
2023-09-04 04:23:00,4,0,9,19.152436758889575,72.94914370068192,T,Runaway,38,4
2023-07-11 07:25:00,7,1,7,18.95269922436788,72.96493490766095,L,Lost Child,39,5
2023-09-25 08:02:00,8,0,9,19.24855803432346,72.80482085281292,S,Child Labour,95,2
2023-12-04 04:35:00,4,0,12,19.26892721721029,72.98083689910416,S,Begging,84,4
2023-12-08 05:42:00,5,4,12,19.248933215245916,72.96303708333147,K/E,Abuse,48,1
2023-11-27 02:00:00,2,0,11,18.916086649702287,72.95701952310165,C,Abuse,35,1
2023-12-26 11:16:00,11,1,12,19.16270344791164,72.95531267227848,K/E,Child Labour,34,4
2023-02-04 13:45:00,13,5,2,19.16347856372982,72.85833391107421,D,Begging,38,2
2023-01-20 22:58:00,22,4,1,19.224685309993394,72.9918377078707,A,Lost Child,93,4
2023-06-04 00:45:00,0,6,6,19.04188687130871,72.93554192140842,M/W,Trafficking,32,1
2023-06-27 21:18:00,21,1,6,19.04303659938038,72.87174361270542,F/N,Trafficking,44,2
2023-12-31 04:03:00,4,6,12,19.09515206063479,72.91724775925435,D,Lost Child,75,5
2023-08-23 18:24:00,18,2,8,19.087017105716157,72.95075915474683,A,Lost Child,62,5
2023-03-22 15:04:00,15,2,3,19.29976065130161,72.88431662336312,R/N,Child Labour,87,1
2023-03-20 12:42:00,12,0,3,19.24108680212632,72.88754589272102,D,Child Labour,32,2
2023-03-22 03:44:00,3,2,3,19.032388981010456,72.87613766996527,E,Abuse,83,1
2023-06-13 15:11:00,15,1,6,18.9387437659069,72.80133151884839,D,Begging,92,2
2023-12-19 07:13:00,7,1,12,19.127989212205954,72.87894221596967,N,Child Labour,79,3
2023-07-02 00:46:00,0,6,7,19.159902371571757,72.88020613506265,N,Runaway,67,5
2023-09-02 08:54:00,8,5,9,19.084046829224018,72.93645457995989,F/N,Trafficking,59,2
2023-06-15 16:56:00,16,3,6,19.049905581108565,72.96594751419462,M/E,Abuse,40,2
2023-12-07 08:36:00,8,3,12,18.94813919517879,72.8503475018363,P/S,Child Labour,98,2
2023-04-15 19:18:00,19,5,4,19.25595292351698,72.8565527427092,D,Begging,41,3
2023-09-24 17:42:00,17,6,9,19.0866759701147,72.95785984386644,M/W,Lost Child,97,4
2023-10-26 01:34:00,1,3,10,19.231646623712816,72.94566208788522,G/N,Runaway,70,5
2023-06-20 19:07:00,19,1,6,19.10355648379549,72.83885044489982,C,Abuse,98,2
2023-07-07 10:19:00,10,4,7,19.068500351084815,72.84236130007163,F/S,Abuse,83,1
2023-10-01 15:06:00,15,6,10,19.031782158620512,72.94154733916247,B,Runaway,30,4
2023-01-15 09:07:00,9,6,1,19.28203742367777,72.88448328653335,K/E,Trafficking,40,1
2023-09-17 22:55:00,22,6,9,19.257583023287502,72.8684772488877,C,Trafficking,65,2
2023-07-19 23:11:00,23,2,7,19.063920711609533,72.83117889289251,T,Lost Child,48,4
2023-09-23 02:14:00,2,5,9,19.29826759592696,72.91189982080215,P/S,Begging,88,4
2023-06-26 01:49:00,1,0,6,18.961840838785335,72.94287645911317,K/W,Child Labour,62,3
2023-07-24 15:26:00,15,0,7,19.244399811369913,72.99660407900112,D,Runaway,66,5
2023-10-04 14:43:00,14,2,10,18.994804099016452,72.91524186337564,H/W,Lost Child,96,4
2023-12-29 19:13:00,19,4,12,18.970026331975028,72.86605577195282,F/S,Abuse,79,1
2023-03-24 00:20:00,0,4,3,19.083970905266035,72.89685216532352,L,Trafficking,77,1
2023-09-29 07:19:00,7,4,9,19.107682414049023,72.834949243792,S,Trafficking,31,2
2023-10-02 19:36:00,19,0,10,18.921221171001484,72.80918004045935,F/S,Abuse,84,1
2023-09-15 17:52:00,17,4,9,19.144002316380263,72.98480620944089,P/S,Runaway,74,3
2023-07-26 05:45:00,5,2,7,19.266332093610796,72.83948237635398,C,Abuse,43,2
2023-09-29 22:01:00,22,4,9,19.264389827947028,72.96712055716525,D,Runaway,65,4
2023-06-16 13:03:00,13,4,6,19.217870029585704,72.88838984886165,B,Begging,68,4
2023-11-29 12:36:00,12,2,11,18.95585181671201,72.92293777585645,K/E,Lost Child,90,3
2023-03-12 13:59:00,13,6,3,19.165676763818308,72.93512485349062,H/E,Begging,89,3
2023-03-31 16:19:00,16,4,3,19.123018577524096,72.8958903043495,A,Trafficking,49,1
2023-05-29 18:47:00,18,0,5,19.11831201491504,72.97355555237847,K/W,Child Labour,51,4
2023-06-11 05:42:00,5,6,6,19.20922315407683,72.8425538402492,G/S,Lost Child,59,3
2023-03-11 14:07:00,14,5,3,19.076569744913392,72.80446178121343,D,Trafficking,55,1
2023-09-02 20:23:00,20,5,9,18.973170043963627,72.92602921037292,H/W,Begging,35,3
2023-02-21 04:22:00,4,1,2,19.24359685301947,72.85681777777707,P/S,Child Labour,86,2
2023-05-25 22:09:00,22,3,5,19.201780747179868,72.84474107521109,R/C,Abuse,63,1
2023-11-26 20:44:00,20,6,11,19.236451507858025,72.87370317599462,C,Trafficking,64,1
2023-06-16 21:17:00,21,4,6,18.960982405759413,72.93670530906917,D,Child Labour,90,4
2023-01-10 12:01:00,12,1,1,19.156928111784502,72.8205110896405,R/C,Lost Child,33,3
2023-09-04 00:14:00,0,0,9,18.97092374911087,72.91953590210842,H/W,Abuse,41,1
2023-08-03 21:30:00,21,3,8,19.111738940844113,72.97581686904083,D,Begging,87,5
2023-07-17 07:45:00,7,0,7,19.036667357268502,72.94651968546256,G/S,Runaway,62,5
2023-04-06 21:43:00,21,3,4,19.24472717779792,72.99440841675005,A,Trafficking,46,1
2023-11-19 03:53:00,3,6,11,19.02158459790495,72.80544297310294,R/C,Lost Child,83,5
2023-08-01 04:21:00,4,1,8,19.211745850573923,72.82783016248109,F/N,Abuse,70,1
2023-03-28 16:21:00,16,1,3,19.101402139871617,72.88645060574217,F/N,Begging,52,5
2023-10-01 14:02:00,14,6,10,19.282022426264653,72.97206544003511,S,Abuse,95,2
2023-12-22 02:04:00,2,4,12,19.026340913279423,72.94872266064469,R/N,Trafficking,82,2
2023-08-03 12:06:00,12,3,8,19.1567725019173,72.95956934504564,F/S,Trafficking,86,1
2023-12-27 03:00:00,3,2,12,19.189049659882258,72.92284403356932,R/C,Child Labour,94,3
2023-06-05 03:01:00,3,0,6,18.927539764053595,72.95297042894364,K/W,Begging,61,5
2023-10-17 05:07:00,5,1,10,18.93734243985536,72.9684824654275,P/S,Runaway,68,5
2023-03-18 07:32:00,7,5,3,19.072861915562573,72.93974325074282,S,Trafficking,92,1
2023-11-13 10:30:00,10,0,11,19.025113900986593,72.97315633466754,E,Lost Child,48,5
2023-07-16 16:14:00,16,6,7,19.052490115858436,72.85038528154763,R/C,Begging,99,4
2023-04-27 12:41:00,12,3,4,19.08223183405198,72.86264960291945,R/C,Trafficking,92,2
2023-12-12 08:40:00,8,1,12,19.233172690027573,72.93235576302303,L,Runaway,68,4
2023-10-12 07:30:00,7,3,10,19.211025119553362,72.8610954229752,E,Runaway,77,3
2023-03-02 06:57:00,6,3,3,19.16063790875845,72.95454572375496,G/N,Child Labour,31,3
2023-08-02 03:35:00,3,2,8,19.295427870844886,72.89075067680434,L,Child Labour,54,4
2023-11-26 02:03:00,2,6,11,19.070152110554233,72.83003095020204,P/S,Abuse,82,2
2023-09-01 20:21:00,20,4,9,18.957121089549126,72.95146229033105,K/W,Runaway,66,4
2023-06-24 06:48:00,6,5,6,19.175947620349966,72.95349165113178,G/S,Begging,87,4
2023-07-09 19:09:00,19,6,7,19.207837024043773,72.87402569111788,D,Trafficking,30,2
2023-07-01 06:18:00,6,5,7,18.938230461082522,72.94318996627656,K/W,Begging,31,4
2023-04-14 17:35:00,17,4,4,19.25673308112858,72.9385011321224,F/N,Child Labour,55,3
2023-04-08 13:44:00,13,5,4,19.196626764997845,72.94954407270018,H/W,Lost Child,85,3
2023-12-12 12:28:00,12,1,12,19.14155663191017,72.88573387675396,P/S,Abuse,48,1
2023-09-23 22:08:00,22,5,9,19.10170777262574,72.98345975383916,C,Trafficking,87,1
2023-07-30 23:51:00,23,6,7,19.113619202142857,72.95467161092232,A,Runaway,94,4
2023-02-14 20:02:00,20,1,2,18.916319665086302,72.88572443708418,M/W,Lost Child,63,3
2023-01-04 21:51:00,21,2,1,19.034814188773346,72.98027978124722,R/C,Abuse,62,2
2023-03-16 03:20:00,3,3,3,19.277542704317764,72.89646420836914,P/S,Lost Child,73,4
2023-06-03 10:25:00,10,5,6,19.080156360891532,72.90484745770318,H/E,Lost Child,64,3
2023-02-06 00:33:00,0,0,2,19.264442826692246,72.94561827631905,H/W,Begging,84,3
2023-09-13 12:39:00,12,2,9,19.28394468881624,72.85749936135149,H/W,Begging,67,3
2023-09-21 16:52:00,16,3,9,19.182466783455816,72.89170690191033,E,Begging,53,3
2023-10-17 07:39:00,7,1,10,18.94164331485595,72.82642145502447,N,Trafficking,46,1
2023-03-28 19:52:00,19,1,3,19.227227082520926,72.98691058054355,M/W,Runaway,53,4
2023-04-23 09:56:00,9,6,4,19.115934526715524,72.87249906479072,T,Begging,94,5
2023-10-11 23:43:00,23,2,10,19.11149985076281,72.97262898090105,S,Child Labour,59,1
2023-01-05 22:44:00,22,3,1,19.268072783464778,72.90973823246846,P/N,Trafficking,32,1
2023-08-13 02:33:00,2,6,8,19.138574607618573,72.9419549774848,M/E,Trafficking,67,1
2023-10-04 18:04:00,18,2,10,18.986617592502398,72.98090949680069,P/S,Runaway,30,4
2023-04-30 20:14:00,20,6,4,19.26476534394543,72.91441871030564,R/S,Abuse,54,2
2023-09-21 01:33:00,1,3,9,19.248276586325964,72.89974281198307,C,Trafficking,77,2
2023-07-06 15:36:00,15,3,7,19.21210308261541,72.94130192977704,R/S,Abuse,65,4
2023-09-02 14:20:00,14,5,9,19.039770247347093,72.87626583794055,P/S,Child Labour,62,3
2023-08-03 21:13:00,21,3,8,19.037747015495853,72.92799917442622,C,Begging,98,5
2023-10-09 16:51:00,16,0,10,19.287575281443377,72.81594932394914,K/E,Begging,67,3
2023-11-10 22:01:00,22,4,11,19.165365313560002,72.84635112630353,D,Child Labour,50,5
2023-05-25 14:52:00,14,3,5,19.23090121585519,72.87764056296074,N,Lost Child,89,4
2023-08-27 10:57:00,10,6,8,18.99466951251047,72.81293664811926,T,Runaway,94,3
2023-12-01 16:57:00,16,4,12,18.9805855037769,72.90783199582924,E,Lost Child,79,4
2023-10-05 07:46:00,7,3,10,19.260618879575226,72.94339501659906,F/N,Lost Child,39,5
2023-02-12 10:19:00,10,6,2,19.286203061867166,72.99106669725589,G/S,Begging,31,5
2023-10-12 08:11:00,8,3,10,19.076107905417008,72.90894478871667,F/S,Abuse,53,1
2023-08-26 00:27:00,0,5,8,19.000343916298554,72.93427335485856,R/N,Begging,67,5
2023-02-04 01:05:00,1,5,2,18.972478790131863,72.82898346609102,H/E,Begging,76,5
2023-04-28 09:42:00,9,4,4,19.27594681097015,72.94602415183526,F/S,Child Labour,97,3
2023-03-28 23:59:00,23,1,3,19.173691266078425,72.8843385518346,A,Runaway,77,4
2023-08-11 02:00:00,2,4,8,18.901837920769815,72.93114629164803,L,Child Labour,53,2
2023-07-16 11:04:00,11,6,7,18.994549146742017,72.80346088251206,B,Lost Child,55,3
2023-04-12 00:15:00,0,2,4,19.043272701444817,72.97246626276315,D,Abuse,52,2
2023-08-09 21:00:00,21,2,8,19.057551529978042,72.81073080168869,H/E,Begging,36,4
2023-03-15 23:47:00,23,2,3,19.039869983533027,72.84897244814375,D,Child Labour,78,2
2023-11-29 15:28:00,15,2,11,19.259775840824776,72.93941469738465,P/S,Abuse,97,1
2023-02-25 21:44:00,21,5,2,19.15115239402151,72.93513738156584,P/S,Child Labour,36,4
2023-11-08 01:12:00,1,2,11,19.28798046826703,72.85920800967456,R/S,Abuse,75,1
2023-01-17 19:15:00,19,1,1,19.033990529934727,72.85122049744942,K/E,Lost Child,49,2
2023-12-23 12:18:00,12,5,12,19.230040040641533,72.89422308562453,K/E,Trafficking,40,2
2023-01-28 02:32:00,2,5,1,19.007568475791395,72.99277094537024,E,Lost Child,63,4
2023-11-27 11:33:00,11,0,11,18.975829992786522,72.81128475657948,G/S,Child Labour,63,4
2023-05-27 13:11:00,13,5,5,19.0314504047457,72.9891550752296,P/S,Lost Child,93,1
2023-03-20 18:52:00,18,0,3,19.144862663675855,72.9421153142671,H/E,Trafficking,46,2
2023-11-15 09:08:00,9,2,11,19.258665189421563,72.85709708289242,K/E,Trafficking,32,2
2023-06-17 06:31:00,6,5,6,18.97115817148432,72.93698932542979,B,Lost Child,88,3
2023-04-01 02:42:00,2,5,4,19.096574657948512,72.98206684778364,G/S,Lost Child,52,4
2023-03-16 18:25:00,18,3,3,19.03522301245309,72.89729043006592,G/N,Begging,32,4
2023-05-27 16:40:00,16,5,5,19.045799032421257,72.9281662988583,G/N,Abuse,79,3
2023-06-01 02:43:00,2,3,6,19.080371144683046,72.89727537379486,H/W,Runaway,44,4
2023-09-03 04:51:00,4,6,9,19.219166972161922,72.8761042623898,M/W,Trafficking,98,1
2023-07-04 14:17:00,14,1,7,19.120383786271663,72.81460951731314,D,Lost Child,61,3
2023-08-11 22:00:00,22,4,8,19.075091265395777,72.83536237565352,C,Abuse,89,1
2023-11-24 21:57:00,21,4,11,19.056500505455936,72.8053145730793,H/W,Lost Child,63,3
2023-06-26 17:54:00,17,0,6,19.14089677438206,72.87966697308624,A,Child Labour,47,3
2023-09-13 13:59:00,13,2,9,19.05411989457965,72.854231419251,L,Trafficking,61,2
2023-11-13 01:59:00,1,0,11,19.21643079376674,72.8572694798164,E,Child Labour,35,3
2023-03-09 20:58:00,20,3,3,18.942674826724485,72.8832796485001,M/W,Runaway,60,4
2023-06-13 17:08:00,17,1,6,19.12666227451916,72.92866196569929,R/C,Abuse,46,2
2023-08-13 08:05:00,8,6,8,19.021365618546753,72.99277932494792,G/N,Lost Child,60,3
2023-08-18 00:05:00,0,4,8,19.005799102121504,72.85410370936289,E,Trafficking,89,2
2023-07-17 02:36:00,2,0,7,18.937620941435796,72.89125670376266,H/E,Lost Child,70,3
2023-12-05 22:12:00,22,1,12,18.971297544962013,72.91403210385462,D,Trafficking,92,1
2023-07-18 06:26:00,6,1,7,19.289711101828303,72.86555061574758,F/S,Abuse,99,2
2023-05-12 02:16:00,2,4,5,18.99458102283741,72.84012177248884,E,Begging,81,3
2023-02-04 19:24:00,19,5,2,18.94049815155328,72.95280481680963,R/S,Child Labour,94,4
2023-10-04 11:59:00,11,2,10,18.90056435587716,72.80082540026467,N,Lost Child,56,3
2023-11-30 14:24:00,14,3,11,18.9845029903131,72.9758643708533,R/S,Runaway,72,3
2023-07-06 05:27:00,5,3,7,19.234253827177675,72.90632832711923,A,Trafficking,51,1
2023-09-12 15:36:00,15,1,9,19.156506486924236,72.96035605722702,P/S,Begging,35,4
2023-11-03 00:39:00,0,4,11,19.14206413983136,72.96739940288224,B,Lost Child,99,3
2023-04-08 19:28:00,19,5,4,19.272645834174085,72.85120043779547,E,Abuse,47,2
2023-10-09 05:41:00,5,0,10,19.005109708677747,72.80618530259696,R/S,Trafficking,68,2
2023-12-28 20:34:00,20,3,12,19.17742726025716,72.82704918098175,G/S,Runaway,95,4
2023-09-20 02:51:00,2,2,9,19.29137248921462,72.97511187871547,L,Begging,74,3
2023-07-04 03:56:00,3,1,7,19.281997531787216,72.98988659271969,R/S,Lost Child,72,5
2023-12-24 03:21:00,3,6,12,19.049879004037646,72.88001295574722,A,Child Labour,46,4
2023-12-01 00:33:00,0,4,12,19.052859413633797,72.96326974245702,M/W,Child Labour,89,5
2023-08-19 12:18:00,12,5,8,18.978448729151644,72.9486821426887,C,Trafficking,91,2
2023-12-07 11:10:00,11,3,12,18.944270247552105,72.87071855163326,F/S,Begging,74,3
2023-01-09 23:47:00,23,0,1,19.139314042837444,72.9747480771319,G/N,Child Labour,47,4
2023-12-22 00:04:00,0,4,12,19.038370399218067,72.990752338401,F/N,Trafficking,53,3
2023-06-25 17:47:00,17,6,6,18.932519766910918,72.97154321436147,R/C,Trafficking,77,1
2023-01-07 15:31:00,15,5,1,19.058571607646677,72.8778522852027,D,Child Labour,38,4
2023-12-06 12:23:00,12,2,12,19.145132262008463,72.976197430415,B,Runaway,43,3
2023-06-10 15:59:00,15,5,6,19.098090776406686,72.90812640997811,G/N,Trafficking,88,2
2023-11-25 09:37:00,9,5,11,19.197737984504787,72.92627147400044,G/S,Runaway,83,3
2023-07-03 23:41:00,23,0,7,19.245847798643457,72.96224720936782,H/W,Runaway,56,5
2023-10-03 16:13:00,16,1,10,19.008075538231363,72.94335296285985,R/C,Lost Child,70,4
2023-09-15 10:38:00,10,4,9,19.290294219212697,72.86461457054457,P/S,Lost Child,99,2
2023-09-17 00:36:00,0,6,9,19.222894310343975,72.80900218292801,K/E,Lost Child,44,4
2023-12-17 15:51:00,15,6,12,18.957015745892473,72.80276158794929,R/N,Begging,52,3
2023-02-18 07:21:00,7,5,2,19.25983610430222,72.89751984972901,M/E,Begging,57,4
2023-11-21 00:17:00,0,1,11,19.040326849722426,72.96853802188116,S,Runaway,86,5
2023-08-30 17:13:00,17,2,8,18.93791101706704,72.83084819815224,R/S,Begging,36,4
2023-05-17 00:01:00,0,2,5,18.937396207278155,72.89209454421686,L,Child Labour,36,3
2023-02-18 21:21:00,21,5,2,19.143934633463054,72.80937246687508,A,Child Labour,57,3
2023-04-13 15:34:00,15,3,4,19.15553372312176,72.83956443356927,D,Trafficking,97,1
2023-12-14 02:19:00,2,3,12,19.025214716819836,72.90260668381805,H/W,Abuse,64,1
2023-01-14 19:06:00,19,5,1,19.217717869343307,72.84401663814951,M/W,Runaway,91,4
2023-11-15 03:29:00,3,2,11,18.9202155411754,72.95401996973696,F/S,Lost Child,92,4
2023-02-23 08:14:00,8,3,2,18.973472693954516,72.89784111096444,C,Abuse,50,2
2023-09-20 11:15:00,11,2,9,19.185677584076583,72.91990711176405,C,Abuse,45,2
2023-11-03 06:47:00,6,4,11,19.242941202178187,72.80079939860923,S,Lost Child,94,5
2023-02-18 20:10:00,20,5,2,18.920850841434945,72.88584190781121,G/S,Runaway,61,4
2023-04-04 12:37:00,12,1,4,18.937962660135945,72.8899418184159,A,Runaway,97,4
2023-09-14 15:00:00,15,3,9,19.225595053159168,72.87717550932133,D,Trafficking,75,2
2023-10-10 19:55:00,19,1,10,19.085501592881357,72.91011331153499,T,Trafficking,62,1
2023-12-26 22:38:00,22,1,12,19.171304967842104,72.90283165005447,D,Lost Child,77,5
2023-01-01 15:51:00,15,6,1,19.280361864461504,72.95002041712506,E,Trafficking,72,2
2023-08-10 01:52:00,1,3,8,19.07502627754465,72.8469108001899,B,Trafficking,63,1
2023-03-01 04:20:00,4,2,3,18.94510814218169,72.98836835859483,L,Runaway,36,4
2023-07-12 07:40:00,7,2,7,19.194672475962605,72.94394760292597,H/E,Lost Child,97,3
2023-01-15 11:16:00,11,6,1,19.241297712053758,72.83609169352489,G/N,Abuse,82,2
2023-11-12 05:33:00,5,6,11,19.192179921617154,72.86219523305661,H/W,Trafficking,83,2
2023-12-12 05:02:00,5,1,12,19.12515961212732,72.99275876709521,H/E,Child Labour,41,2
2023-11-20 19:02:00,19,0,11,19.151582481820363,72.82481478909176,R/S,Trafficking,92,2
2023-06-26 18:03:00,18,0,6,19.060462231141543,72.98383884726421,P/S,Trafficking,38,2
2023-02-17 05:02:00,5,4,2,18.90975953971719,72.83282895021748,R/C,Abuse,91,1
2023-08-07 10:49:00,10,0,8,19.11739813732412,72.99845360686294,D,Trafficking,39,2
2023-01-16 21:30:00,21,0,1,18.98160771843873,72.89156328508604,D,Lost Child,86,4
2023-05-09 11:13:00,11,1,5,19.00097372051043,72.97498762156037,F/N,Child Labour,49,3
2023-10-20 11:19:00,11,4,10,19.00629049193073,72.80548963524791,H/E,Runaway,80,3
2023-12-02 21:14:00,21,5,12,19.299544039476107,72.97053663344201,R/S,Child Labour,63,3
2023-05-07 13:10:00,13,6,5,19.10574166404704,72.91578029191304,R/N,Begging,89,1
2023-11-11 13:23:00,13,5,11,19.114701598219217,72.95548731369865,A,Trafficking,86,2
2023-09-05 16:54:00,16,1,9,19.21802590038155,72.86957081453413,S,Child Labour,41,4
2023-10-10 16:03:00,16,1,10,19.037020839750692,72.92260120070247,F/N,Runaway,74,5
2023-04-29 14:25:00,14,5,4,19.061944881496768,72.9745514730279,G/S,Child Labour,99,3
2023-08-04 16:18:00,16,4,8,19.16469174520475,72.85702946758651,D,Begging,54,3
2023-07-22 09:53:00,9,5,7,19.162037550824962,72.81831065416984,F/N,Abuse,69,1
2023-06-02 09:00:00,9,4,6,18.95251822960367,72.95085572457015,K/W,Abuse,74,4
2023-05-08 22:11:00,22,0,5,19.232963053059095,72.88554932612873,B,Abuse,52,1
2023-05-16 11:04:00,11,1,5,18.913466051512643,72.89214630558115,R/S,Begging,63,5
2023-06-27 11:39:00,11,1,6,19.19098610938425,72.96533144473403,F/N,Begging,30,3
2023-05-16 11:16:00,11,1,5,19.20679702729482,72.8403799277021,H/E,Abuse,49,2
2023-06-22 17:17:00,17,3,6,19.19539328645977,72.96088207685494,G/N,Lost Child,63,5
2023-08-24 02:48:00,2,3,8,19.212179896064132,72.94780651084734,A,Lost Child,59,4
2023-08-18 18:54:00,18,4,8,19.237945383758817,72.9461381958412,R/C,Runaway,98,1
2023-12-23 16:11:00,16,5,12,18.963845540336813,72.81217763609891,G/S,Abuse,83,1
2023-07-26 08:51:00,8,2,7,19.10098422255672,72.98636574219756,D,Begging,44,4
2023-02-19 00:17:00,0,6,2,19.168365225535617,72.8058530343308,A,Trafficking,75,1
2023-05-19 09:27:00,9,4,5,19.270082106781057,72.89608517751145,D,Child Labour,74,4
2023-01-21 05:01:00,5,5,1,19.11728541899492,72.97365887888797,F/N,Child Labour,68,5
2023-11-18 09:28:00,9,5,11,19.034528453566825,72.98889463717585,P/N,Child Labour,85,1
2023-07-26 02:48:00,2,2,7,18.97840418327082,72.96567692715253,F/N,Runaway,31,4
2023-11-30 02:37:00,2,3,11,18.977949877003663,72.80269804489208,G/N,Runaway,52,5
2023-07-14 06:28:00,6,4,7,19.21252735575992,72.83899280643881,S,Child Labour,94,4
2023-01-07 20:11:00,20,5,1,19.262073130813004,72.99566505261521,P/S,Trafficking,83,1
2023-04-24 22:23:00,22,0,4,19.145701092112837,72.82609474390752,D,Begging,42,3
2023-05-22 00:07:00,0,0,5,19.045566287804395,72.82990114582076,H/E,Abuse,79,2
2023-09-06 14:19:00,14,2,9,19.097327308578823,72.9504682175819,N,Trafficking,67,2
2023-12-26 00:27:00,0,1,12,19.22994666996622,72.95307388264695,C,Child Labour,64,3
2023-04-03 02:52:00,2,0,4,19.168686793004955,72.90051076380163,M/E,Abuse,83,1
2023-10-12 20:07:00,20,3,10,18.972059387967334,72.82888214038653,F/N,Trafficking,39,1
2023-12-01 10:47:00,10,4,12,18.94863138126363,72.99586684111567,K/W,Lost Child,91,5
2023-09-05 09:57:00,9,1,9,19.07273643159964,72.98460892630597,R/S,Abuse,59,1
2023-02-21 13:54:00,13,1,2,19.08540069653443,72.97124416249181,F/N,Begging,60,2
2023-02-13 17:09:00,17,0,2,18.937305617899376,72.86983217774582,K/W,Runaway,94,4
2023-06-10 11:37:00,11,5,6,19.12373754666056,72.82201847773175,C,Trafficking,60,2
2023-06-24 17:56:00,17,5,6,19.08306746961851,72.90814402558053,T,Trafficking,77,1
2023-02-14 04:20:00,4,1,2,19.263151170566392,72.84087292862253,B,Abuse,42,1
2023-02-15 11:55:00,11,2,2,19.03505193090523,72.85220466000536,D,Begging,94,4
2023-07-18 00:16:00,0,1,7,19.25536714960811,72.91079799395449,H/W,Trafficking,56,1
2023-11-18 20:08:00,20,5,11,19.28898011060008,72.97087563938356,P/N,Abuse,65,2
2023-12-16 03:22:00,3,5,12,19.176963338318114,72.90574364570917,M/E,Runaway,78,5
2023-05-31 07:45:00,7,2,5,19.081893812919343,72.82164874552774,C,Lost Child,93,5
2023-08-14 21:11:00,21,0,8,19.150021409341377,72.93903665765454,M/E,Lost Child,56,3
2023-12-16 22:32:00,22,5,12,19.228460342072545,72.80230814103777,F/S,Runaway,80,4
2023-05-06 09:42:00,9,5,5,19.23402863628307,72.96620847109386,P/S,Child Labour,95,3
2023-11-16 18:28:00,18,3,11,19.206472889313762,72.89018670676877,S,Begging,58,4
2023-09-11 00:42:00,0,0,9,18.960933133530883,72.97904201265432,B,Child Labour,89,3
2023-09-27 01:35:00,1,2,9,19.088284958463646,72.81431135329184,K/W,Abuse,55,2
2023-07-01 06:27:00,6,5,7,19.07404092849876,72.86386041411008,R/S,Runaway,30,5
2023-11-21 15:01:00,15,1,11,18.930184597526456,72.86328198001158,S,Begging,36,4
2023-02-02 03:33:00,3,3,2,19.188806440982443,72.840406692744,S,Abuse,65,2
2023-03-01 22:22:00,22,2,3,18.939944404385972,72.81040614096511,M/E,Runaway,90,5
2023-08-19 21:44:00,21,5,8,19.118752146388786,72.81371065764314,H/E,Lost Child,82,3
2023-10-12 23:40:00,23,3,10,18.958414549911073,72.95551340390926,T,Trafficking,86,3
2023-05-26 07:57:00,7,4,5,19.116591683361595,72.89096335179589,C,Runaway,75,4
2023-02-20 01:38:00,1,0,2,19.04632302431444,72.94038078670826,C,Lost Child,95,5
2023-11-17 06:44:00,6,4,11,18.945101291330154,72.89184973443855,H/W,Child Labour,65,3
2023-12-01 01:27:00,1,4,12,19.01937427639448,72.94107000049182,K/W,Lost Child,46,4
2023-03-25 20:53:00,20,5,3,18.96312283717615,72.80036527147632,H/E,Begging,78,4
2023-03-15 12:24:00,12,2,3,19.191163567097135,72.95314078608018,R/S,Begging,39,1
2023-01-08 08:22:00,8,6,1,19.206694246465734,72.88420788732608,A,Lost Child,77,4
2023-01-22 22:30:00,22,6,1,19.160844040467452,72.93693158318196,P/N,Begging,48,4
2023-05-18 19:32:00,19,3,5,19.14430819458394,72.93261739220883,S,Runaway,54,3
2023-04-18 01:38:00,1,1,4,19.038815718484074,72.95928899170826,T,Trafficking,35,1
2023-01-26 15:45:00,15,3,1,18.99531678508514,72.81064833456823,F/N,Child Labour,74,3
2023-07-18 16:53:00,16,1,7,18.90717848367103,72.95951042203534,S,Begging,73,4
2023-08-22 08:48:00,8,1,8,19.202310328839634,72.91515540507785,G/S,Child Labour,47,3
2023-11-15 04:53:00,4,2,11,18.934191287469986,72.87679790568595,P/S,Runaway,75,3
2023-11-04 16:01:00,16,5,11,19.230598530981116,72.80543683219688,K/W,Child Labour,38,4
2023-07-14 17:04:00,17,4,7,18.9357476402627,72.90932487109065,M/W,Runaway,51,1
2023-02-28 02:20:00,2,1,2,19.28803971098762,72.81526585130472,R/S,Runaway,59,3
2023-06-10 14:34:00,14,5,6,19.160003530074476,72.92707620556519,D,Abuse,84,1
2023-05-22 10:45:00,10,0,5,19.234659712921015,72.94250147861767,H/W,Abuse,73,1
2023-08-08 21:13:00,21,1,8,19.092657886729214,72.83188522355478,R/S,Abuse,61,1
2023-07-13 17:11:00,17,3,7,18.96981637293471,72.94941784995335,E,Abuse,55,1
2023-10-20 10:32:00,10,4,10,19.035333335713368,72.89129103450801,T,Trafficking,52,1
2023-05-25 09:23:00,9,3,5,18.91400082412499,72.98515890859859,B,Abuse,57,1
2023-07-18 15:18:00,15,1,7,18.995735624269543,72.95526224620285,A,Child Labour,82,2
2023-07-29 11:21:00,11,5,7,19.223273642249058,72.81139700556405,M/W,Trafficking,66,2
2023-03-21 10:15:00,10,1,3,19.1624258986079,72.97411121118537,G/N,Runaway,80,4
2023-09-24 16:14:00,16,6,9,19.17833038982718,72.86048745071986,K/E,Runaway,58,5
2023-05-09 23:57:00,23,1,5,19.127578472832393,72.97151273612606,P/N,Runaway,41,2
2023-12-21 22:53:00,22,3,12,19.131703106746475,72.8977168912764,T,Abuse,46,1
2023-12-29 14:10:00,14,4,12,19.232589813906515,72.9566570752973,L,Abuse,96,2
2023-12-17 05:13:00,5,6,12,19.10908536312565,72.97364941769445,G/S,Begging,93,4
2023-09-15 20:26:00,20,4,9,19.262641583742873,72.92215537888076,M/W,Runaway,66,5
2023-12-28 02:57:00,2,3,12,18.989804096294463,72.83941597118476,F/S,Abuse,41,2
2023-10-25 14:37:00,14,2,10,19.11016350985017,72.91799772586123,H/E,Lost Child,91,5
2023-06-01 12:26:00,12,3,6,19.065594888645446,72.9965357703385,M/W,Child Labour,77,4
2023-04-03 04:55:00,4,0,4,19.108999798707277,72.86979773591817,G/S,Runaway,90,5
2023-03-14 13:49:00,13,1,3,19.285690592166507,72.99896697604817,M/W,Lost Child,50,4
2023-10-02 03:22:00,3,0,10,18.928278692029483,72.88906759099667,L,Lost Child,40,4
2023-10-16 14:07:00,14,0,10,19.144473881823266,72.85377632340673,H/W,Lost Child,79,4
2023-03-20 00:47:00,0,0,3,19.178800629183918,72.82653475013747,C,Lost Child,70,5
2023-09-20 00:56:00,0,2,9,19.10594820990847,72.96591060407964,N,Begging,70,5
2023-11-10 00:43:00,0,4,11,18.92279607474071,72.9576848998091,F/S,Runaway,71,5
2023-05-23 20:36:00,20,1,5,18.974165049579312,72.88874661105058,P/N,Lost Child,53,2
2023-02-17 13:12:00,13,4,2,18.94341623033664,72.80486424486115,D,Abuse,77,2
2023-05-03 10:29:00,10,2,5,19.105946146601536,72.94372032754309,D,Trafficking,99,2
2023-08-29 18:40:00,18,1,8,19.070382746746986,72.95651588315816,P/S,Trafficking,94,1
2023-09-12 10:54:00,10,1,9,19.01773464374189,72.92755155437526,F/N,Abuse,70,1
2023-07-08 07:22:00,7,5,7,19.035840030769407,72.8347553679302,E,Runaway,54,4
2023-04-11 10:47:00,10,1,4,18.91835216950781,72.91601804026554,R/S,Abuse,30,1
2023-05-10 07:55:00,7,2,5,19.23364701153962,72.94913284250688,K/W,Trafficking,87,1
2023-03-20 22:08:00,22,0,3,19.2418690540902,72.96544072826917,K/E,Child Labour,77,4
2023-01-03 23:44:00,23,1,1,19.182389759263252,72.89798559573778,K/W,Child Labour,34,1
2023-04-04 14:15:00,14,1,4,19.219852003659316,72.98219734021657,N,Runaway,30,5
2023-02-27 15:24:00,15,0,2,18.940781563269756,72.89501101746906,G/S,Trafficking,84,2
2023-06-27 21:04:00,21,1,6,18.998474012263273,72.8918673627333,B,Abuse,95,1
2023-12-22 07:53:00,7,4,12,19.232722161311855,72.88814440994986,G/S,Lost Child,48,5
2023-07-06 00:34:00,0,3,7,19.240591315415674,72.92078383586204,P/N,Abuse,33,2
2023-11-02 00:41:00,0,3,11,18.929989182504297,72.86846813637435,C,Begging,78,3
2023-05-31 20:12:00,20,2,5,18.94681889771919,72.97479489693528,M/E,Abuse,31,2
2023-11-07 00:54:00,0,1,11,19.02239622213579,72.87447172173336,H/W,Runaway,57,4
2023-01-20 19:21:00,19,4,1,19.00528663237338,72.9330467378452,S,Abuse,49,1
2023-01-16 18:41:00,18,0,1,19.130823800658938,72.80214773260803,H/W,Child Labour,87,4
2023-03-16 04:04:00,4,3,3,19.18165723120622,72.95648057187896,S,Trafficking,92,2
2023-07-19 12:25:00,12,2,7,19.150731787238946,72.9043752629185,F/N,Trafficking,65,1
2023-01-02 10:42:00,10,0,1,19.15038917110976,72.90619894167403,P/N,Child Labour,56,4
2023-05-27 00:50:00,0,5,5,19.19689727514581,72.87029285633076,R/N,Begging,53,4
2023-12-06 02:21:00,2,2,12,19.19548338721335,72.88166701707966,K/W,Runaway,58,4
2023-07-14 01:15:00,1,4,7,19.040276528539703,72.98815912734904,N,Lost Child,31,5
2023-12-17 13:00:00,13,6,12,19.232533658634868,72.99786553514254,P/N,Child Labour,38,3
2023-04-14 08:57:00,8,4,4,19.061232500153157,72.91086348900993,H/E,Runaway,42,5
2023-03-02 00:31:00,0,3,3,19.02391885277914,72.94586458212558,R/N,Trafficking,81,1
2023-07-01 13:59:00,13,5,7,19.003779153484526,72.9079197785433,H/W,Runaway,63,5
2023-05-08 16:09:00,16,0,5,19.083763877267245,72.87141321887135,P/S,Begging,90,4
2023-01-28 13:18:00,13,5,1,18.97729257178306,72.88307244184895,A,Lost Child,35,5
2023-06-05 05:55:00,5,0,6,19.18933985584047,72.89408415509216,T,Abuse,52,2
2023-12-10 01:05:00,1,6,12,19.164271776454058,72.84663366485766,T,Child Labour,92,4
2023-03-08 17:51:00,17,2,3,19.23464408435869,72.98594977892255,C,Trafficking,39,2
2023-12-30 22:35:00,22,5,12,19.264270505422214,72.90285577661385,F/S,Begging,64,3
2023-07-02 05:44:00,5,6,7,18.93346405958475,72.80394820541402,F/S,Abuse,40,2
2023-07-09 12:43:00,12,6,7,18.99809375550105,72.81543184002152,L,Trafficking,74,1
2023-11-20 13:49:00,13,0,11,18.948073151457045,72.96998288990534,R/S,Trafficking,71,1
2023-09-11 04:40:00,4,0,9,19.13815024723245,72.96380820813123,H/W,Lost Child,91,1
2023-02-07 21:29:00,21,1,2,19.172809677708695,72.93063625630371,B,Abuse,89,4
2023-06-07 06:51:00,6,2,6,19.087050082379054,72.99938819995614,E,Abuse,61,2
2023-02-24 12:15:00,12,4,2,19.096731365971067,72.86664660888466,M/E,Trafficking,50,1
2023-03-23 01:43:00,1,3,3,19.040502012200125,72.933335670214,H/E,Trafficking,42,2
2023-06-25 01:12:00,1,6,6,19.19549994466789,72.98247177190801,M/W,Child Labour,36,4
2023-03-23 15:43:00,15,3,3,19.00278074885283,72.83161388374727,M/W,Abuse,59,1
2023-01-19 05:30:00,5,3,1,19.033006155287183,72.80853306559835,M/W,Child Labour,58,3
2023-07-13 10:37:00,10,3,7,19.00904593683993,72.97589465501964,A,Lost Child,52,4
2023-09-21 03:09:00,3,3,9,18.97143192641943,72.92760105768772,F/N,Trafficking,51,1
2023-08-16 01:37:00,1,2,8,19.115069075233755,72.94988751869894,R/C,Runaway,73,4
2023-06-03 00:19:00,0,5,6,19.16498337900038,72.87731156628088,B,Trafficking,97,1
2023-10-06 10:59:00,10,4,10,19.077608035277105,72.87731508761895,L,Trafficking,78,1
2023-07-03 20:12:00,20,0,7,19.02041985413044,72.85806387183614,P/N,Runaway,94,4
2023-01-14 10:31:00,10,5,1,19.06113720388628,72.81509414341492,H/W,Trafficking,44,1
2023-10-04 10:44:00,10,2,10,19.009686063318757,72.89676172540054,H/E,Runaway,34,3
2023-02-07 22:28:00,22,1,2,19.119181427260806,72.85123251466,M/W,Trafficking,54,1
2023-04-14 13:10:00,13,4,4,19.155179236625127,72.80354600494262,C,Abuse,48,1
2023-11-09 13:35:00,13,3,11,19.29633174830954,72.80723907331964,A,Lost Child,40,5
2023-08-21 08:56:00,8,0,8,18.97342075967388,72.83712967035203,R/N,Abuse,54,2
2023-03-18 12:22:00,12,5,3,19.183937785753336,72.97579151824125,K/E,Begging,95,5
2023-08-14 03:32:00,3,0,8,19.129558148337832,72.91814493746176,M/E,Runaway,82,5
2023-02-04 22:47:00,22,5,2,19.262486077246997,72.81342359442911,T,Trafficking,94,2
2023-11-05 23:26:00,23,6,11,19.228868053891464,72.96977812651703,H/W,Lost Child,82,5
2023-11-01 10:43:00,10,2,11,19.212722486907293,72.93041336291407,L,Child Labour,72,2
2023-09-02 07:04:00,7,5,9,18.917490527982004,72.91614309275158,D,Lost Child,56,4
2023-11-01 02:47:00,2,2,11,18.983794722815826,72.8413929548104,H/W,Lost Child,57,4
2023-12-05 23:20:00,23,1,12,19.026549593414522,72.93555427496977,T,Abuse,32,1
2023-05-26 22:42:00,22,4,5,19.20225043335851,72.96495027378997,F/N,Lost Child,82,4
2023-09-13 11:02:00,11,2,9,18.979757615505314,72.90028953050167,B,Trafficking,61,2
2023-12-14 19:34:00,19,3,12,19.279685887465632,72.83322445154303,P/S,Begging,45,3
2023-03-02 17:36:00,17,3,3,18.955983898587636,72.83324663956365,C,Runaway,63,3
2023-02-25 03:02:00,3,5,2,19.116551966265042,72.95480984817245,K/E,Abuse,33,1
2023-08-22 02:22:00,2,1,8,19.025722977101392,72.8912074116285,M/E,Child Labour,31,4
2023-08-28 02:31:00,2,0,8,19.29777463624887,72.9656412699183,K/W,Lost Child,90,4
2023-06-04 07:11:00,7,6,6,19.155483667926283,72.824841179655,M/W,Abuse,87,2
2023-01-02 00:49:00,0,0,1,19.08802235901625,72.92317362085936,G/N,Begging,89,3
2023-12-05 04:06:00,4,1,12,19.108368009049432,72.88617688521579,F/S,Trafficking,50,1
2023-09-14 10:32:00,10,3,9,19.124154133968077,72.84425262215315,M/W,Runaway,54,5
2023-09-18 16:49:00,16,0,9,19.053937742298302,72.87630350126089,P/N,Child Labour,73,2
2023-10-08 16:56:00,16,6,10,18.983630667678742,72.95970607095065,R/S,Abuse,83,4
2023-01-24 01:05:00,1,1,1,19.05283701082313,72.88845242939054,F/S,Trafficking,43,1
2023-03-30 05:22:00,5,3,3,19.29911472556238,72.89034853736545,G/N,Begging,37,5
2023-12-03 07:06:00,7,6,12,19.253953759045487,72.89775008328006,N,Lost Child,34,3
2023-03-12 16:42:00,16,6,3,19.062478810606116,72.84256906534299,H/E,Abuse,61,2
2023-06-27 17:24:00,17,1,6,19.003199879305264,72.87284914968086,H/W,Lost Child,74,3
2023-04-19 13:56:00,13,2,4,18.979407629701633,72.86594241914888,A,Child Labour,78,3
2023-11-08 02:58:00,2,2,11,19.26038086532624,72.80323765309171,F/S,Abuse,98,1
2023-02-09 19:27:00,19,3,2,19.290050131480676,72.82448456165277,E,Abuse,50,2
2023-07-31 05:18:00,5,0,7,19.045817513620126,72.94943589783499,S,Trafficking,65,2
2023-09-17 15:11:00,15,6,9,18.988970960668286,72.94752327131438,R/S,Trafficking,68,1
2023-03-18 16:21:00,16,5,3,19.267549812598023,72.89341458135827,M/W,Abuse,74,1
2023-08-11 02:28:00,2,4,8,19.23534319461241,72.94522733843023,D,Lost Child,32,5
2023-07-09 15:21:00,15,6,7,19.20254115741969,72.83823194340347,F/S,Trafficking,71,4
2024-01-01 04:49:00,4,0,1,19.297873448247486,72.86554145995568,C,Runaway,65,2
2023-06-05 17:25:00,17,0,6,19.11665263740338,72.86699975000657,P/S,Lost Child,39,3
2023-11-16 08:27:00,8,3,11,19.23729798524108,72.96701836392786,A,Trafficking,69,2
2023-11-01 16:10:00,16,2,11,18.977262220311296,72.84739829314766,G/S,Runaway,96,3
2023-03-23 23:11:00,23,3,3,18.926140789083966,72.83163709906276,D,Child Labour,33,2
2023-02-26 08:52:00,8,6,2,18.94080294957297,72.98159494107195,L,Abuse,98,2
2023-12-21 23:57:00,23,3,12,18.91291910759344,72.88172270056897,E,Trafficking,76,2
2023-06-16 19:16:00,19,4,6,19.07301734772753,72.84834310294087,F/S,Runaway,90,5
2023-01-29 20:58:00,20,6,1,19.120809098162134,72.98635185943151,P/N,Begging,75,3
2023-01-14 16:39:00,16,5,1,19.263340686154812,72.89726083981597,C,Abuse,65,5
2023-03-06 07:43:00,7,0,3,18.97056923626093,72.9621862330533,G/S,Begging,70,3
2023-04-30 11:27:00,11,6,4,18.901999424460328,72.95403422008278,B,Begging,92,5
2023-03-26 03:31:00,3,6,3,19.222391410682857,72.96279945553958,D,Lost Child,35,4
2023-11-01 17:12:00,17,2,11,19.041403999137952,72.9100866274091,G/S,Runaway,49,3
2023-06-03 23:04:00,23,5,6,19.21953846393757,72.96905024921072,K/E,Runaway,34,5
2023-06-27 02:18:00,2,1,6,19.000306089331108,72.83881784916396,S,Abuse,75,2
2023-04-16 03:32:00,3,6,4,19.176640976618906,72.95460170148925,G/S,Trafficking,53,5
2023-03-03 08:45:00,8,4,3,19.04373020667148,72.99930025308008,R/S,Runaway,69,4
2023-01-26 16:48:00,16,3,1,19.29515532762369,72.84659573822947,B,Abuse,50,1
2023-05-16 12:39:00,12,1,5,19.128037458713543,72.85472897478517,R/S,Child Labour,35,3
2023-02-16 22:38:00,22,3,2,19.126112920339825,72.83018219089655,B,Child Labour,51,3
2023-12-12 17:17:00,17,1,12,19.032633085061665,72.97368504236294,H/E,Lost Child,68,4
2023-10-19 23:51:00,23,3,10,18.911909346505254,72.90826107475694,G/S,Lost Child,56,5
2023-04-19 23:50:00,23,2,4,19.121786615654703,72.98642001953887,K/W,Child Labour,75,2
2023-12-11 11:01:00,11,0,12,19.02698519546259,72.87802051881589,B,Lost Child,46,3
2023-01-08 02:40:00,2,6,1,19.22062461892066,72.8212187279716,C,Child Labour,73,4
2023-05-25 22:22:00,22,3,5,18.92073484899889,72.87324626477009,R/C,Child Labour,93,3
2023-03-30 10:57:00,10,3,3,19.01669385613132,72.97196459541611,M/E,Begging,43,3
2023-09-03 21:04:00,21,6,9,19.234479437984348,72.93672092232356,G/S,Trafficking,86,1
2023-02-09 01:18:00,1,3,2,18.92808061667492,72.94616235837604,M/W,Trafficking,87,1
2023-07-12 21:21:00,21,2,7,18.923806645155,72.89798421128955,G/N,Runaway,87,5
2023-11-06 15:22:00,15,0,11,19.02174449674571,72.96969416656852,A,Begging,68,3
2023-06-18 02:10:00,2,6,6,19.02021011428908,72.80927088411428,S,Child Labour,60,4
2023-08-02 04:41:00,4,2,8,19.214153681542864,72.818910313043,P/S,Begging,94,5
2023-09-22 17:42:00,17,4,9,18.920884233687417,72.8683457311381,N,Begging,36,3
2023-07-06 19:31:00,19,3,7,18.91588315445377,72.8775985591613,T,Begging,34,3
2023-05-15 07:40:00,7,0,5,19.20683191259991,72.80454337452117,P/N,Child Labour,73,4
2023-02-27 09:07:00,9,0,2,19.19677171124978,72.9276436413474,P/S,Abuse,78,2
2023-09-20 22:28:00,22,2,9,19.109389282648294,72.83905089939009,K/E,Runaway,83,5
2023-11-15 19:18:00,19,2,11,18.906353732798276,72.96422675344782,G/N,Abuse,38,2
2023-11-17 17:40:00,17,4,11,18.997939169089186,72.87488713587838,L,Begging,64,5
2023-02-04 03:36:00,3,5,2,18.932484856585756,72.95448227438729,L,Trafficking,73,2
2023-05-21 11:10:00,11,6,5,19.291722780490353,72.8810161258575,M/W,Abuse,81,4
2023-11-10 02:30:00,2,4,11,19.189245951078718,72.8066347174608,B,Abuse,76,2
2023-09-26 09:33:00,9,1,9,18.983742990495294,72.91171283842861,M/W,Runaway,42,4
2023-03-26 13:11:00,13,6,3,19.02952620438388,72.9700137722515,K/E,Runaway,70,5
2023-08-13 15:40:00,15,6,8,19.005939458552877,72.84120326391029,G/N,Runaway,47,4
2023-05-16 01:59:00,1,1,5,19.076945391930177,72.91048372622654,D,Runaway,94,3
2023-12-09 07:18:00,7,5,12,19.251945904824534,72.9906375708575,R/N,Begging,63,5
2023-04-26 00:41:00,0,2,4,19.170418521848607,72.82541514587915,E,Lost Child,31,5
2023-09-29 09:19:00,9,4,9,19.209522101211054,72.85530546860613,R/S,Trafficking,83,2
2023-05-17 12:41:00,12,2,5,19.173334630552127,72.88422083630631,K/W,Abuse,83,1
2023-07-26 02:45:00,2,2,7,18.961106282472816,72.98140724932982,H/W,Begging,68,4
2023-08-14 10:13:00,10,0,8,19.116160958694735,72.91843158227005,K/W,Lost Child,67,4
2023-11-06 06:04:00,6,0,11,18.907020301038365,72.90710140575888,N,Begging,87,4
2023-05-26 10:30:00,10,4,5,19.16329733386917,72.89765674222166,L,Runaway,54,4
2023-11-07 23:24:00,23,1,11,19.257801026427185,72.96021573928593,H/E,Child Labour,74,3
2023-01-16 18:58:00,18,0,1,19.11582879175448,72.90201455785434,L,Child Labour,71,3
2023-05-08 03:54:00,3,0,5,19.206160683589694,72.90226497341096,G/N,Trafficking,98,2
2023-09-10 18:14:00,18,6,9,18.98678002896905,72.91253323242618,M/W,Trafficking,90,2
2023-07-11 21:55:00,21,1,7,19.221219703423582,72.94239280537337,L,Begging,97,5
2023-05-17 03:59:00,3,2,5,19.008890235172366,72.90932909263515,K/W,Abuse,61,1
2023-03-09 09:38:00,9,3,3,19.145812028375072,72.8670846999366,S,Lost Child,61,4
2023-01-02 17:58:00,17,0,1,19.136667515845406,72.8968873389992,F/S,Trafficking,62,1
2023-07-14 03:10:00,3,4,7,19.200798250178075,72.83049980886835,R/C,Lost Child,36,4
2023-09-27 16:46:00,16,2,9,19.005270590937258,72.93487644206989,B,Runaway,32,3
2023-08-12 12:56:00,12,5,8,18.947435949520116,72.92711454741155,D,Lost Child,37,5
2023-08-25 11:47:00,11,4,8,19.073666151271727,72.81192263279466,S,Begging,65,5
2023-04-12 00:58:00,0,2,4,19.00115825727083,72.97754843769896,P/N,Runaway,91,4
2023-01-15 06:01:00,6,6,1,18.91966423001516,72.85900727869169,D,Abuse,50,1
2023-11-02 05:44:00,5,3,11,19.02785072257694,72.81187562325924,T,Trafficking,69,2
2023-05-10 17:12:00,17,2,5,19.028755729801226,72.86042035589904,S,Begging,50,5
2023-06-28 10:19:00,10,2,6,18.9000946544801,72.82078092667427,N,Runaway,95,5
2023-07-21 16:06:00,16,4,7,19.11342900049472,72.88828772030764,E,Lost Child,82,5
2023-08-18 19:42:00,19,4,8,19.236215020886377,72.82231031620974,C,Trafficking,79,1
2023-12-27 14:22:00,14,2,12,19.183071673743278,72.97057682006506,P/S,Child Labour,39,3
2023-01-05 20:34:00,20,3,1,19.031902434064484,72.92631744228208,G/S,Abuse,84,1
2023-07-30 17:14:00,17,6,7,19.05199869344961,72.91332685645018,G/S,Abuse,79,3
2023-08-31 22:33:00,22,3,8,19.003577523408666,72.84450686782209,P/S,Abuse,90,1
2023-10-13 07:47:00,7,4,10,19.28175640396163,72.96323195823975,A,Begging,52,3
2023-02-20 01:33:00,1,0,2,18.9904926447997,72.93470195330899,F/S,Lost Child,37,4
2023-08-08 20:20:00,20,1,8,19.20823742178473,72.88215150496356,E,Begging,65,5
2023-02-16 05:57:00,5,3,2,19.225442082206676,72.86774594640794,C,Runaway,71,4
2023-06-10 18:28:00,18,5,6,19.03611791659499,72.81113082896663,F/S,Abuse,74,1
2023-04-03 04:32:00,4,0,4,19.112949585834617,72.91303644983138,K/W,Abuse,45,4
2023-01-03 19:45:00,19,1,1,18.99703045327943,72.9248207231644,F/N,Begging,56,4
2023-05-01 13:37:00,13,0,5,19.174881123127843,72.80252540823638,T,Runaway,61,3
2023-04-01 06:19:00,6,5,4,18.966608833547653,72.95095938980413,D,Abuse,52,2
2023-11-22 10:44:00,10,2,11,18.98676170358807,72.9613528576901,D,Trafficking,39,2
2023-11-21 23:41:00,23,1,11,18.921900684153353,72.94393349772189,G/N,Child Labour,58,3
2023-08-30 08:43:00,8,2,8,18.935638848148614,72.93844658744305,F/N,Begging,47,5
2023-07-28 16:31:00,16,4,7,19.14291992198817,72.8783029199516,R/S,Runaway,91,5
2023-11-17 10:02:00,10,4,11,19.004245794665046,72.95614796805431,M/W,Lost Child,74,4
2023-02-08 21:33:00,21,2,2,19.236425375001055,72.8899107345114,G/S,Abuse,87,1
2023-11-14 01:28:00,1,1,11,19.11197178079183,72.92927749029158,R/N,Trafficking,96,2
2023-10-18 15:43:00,15,2,10,19.234003078346728,72.98722059195892,R/S,Lost Child,34,3
2023-08-04 05:09:00,5,4,8,19.024434764416558,72.95014435292238,F/N,Trafficking,86,2
2023-10-23 02:33:00,2,0,10,19.154072358552035,72.97205782595138,P/S,Lost Child,97,3
2023-11-15 06:56:00,6,2,11,18.971674655839017,72.95288257530503,F/N,Abuse,59,1
2023-11-30 07:56:00,7,3,11,19.056608390783556,72.90711666518281,H/E,Runaway,31,4
2023-09-08 17:01:00,17,4,9,19.07332457902928,72.93505594507448,M/W,Runaway,58,5
2023-12-05 11:14:00,11,1,12,19.067970301347426,72.91500539134788,F/S,Runaway,40,3
2023-06-19 23:23:00,23,0,6,19.058040820867564,72.84542876540152,R/C,Trafficking,30,3
2023-03-02 16:59:00,16,3,3,19.083601336399155,72.90910646968618,R/N,Abuse,68,1
2023-07-16 04:22:00,4,6,7,19.22048455885155,72.99167423668429,N,Lost Child,83,4
2023-10-08 19:09:00,19,6,10,19.21884761273934,72.80056154664902,R/C,Child Labour,65,3
2023-11-14 07:00:00,7,1,11,19.26286997676904,72.96074730948533,P/S,Abuse,80,2
2023-01-06 14:40:00,14,4,1,19.20369430686529,72.92780649430395,R/S,Abuse,80,1
2023-07-07 12:54:00,12,4,7,18.93010675141629,72.80141826880067,F/N,Lost Child,62,1
2023-05-15 15:47:00,15,0,5,19.139023725665083,72.97184805051624,S,Child Labour,88,2
2023-07-30 11:56:00,11,6,7,18.980669217341447,72.87882238979972,B,Child Labour,67,4
2023-11-22 18:34:00,18,2,11,19.078857049475197,72.99345217860977,T,Trafficking,68,1
2023-05-16 16:58:00,16,1,5,19.20128644880831,72.96425484967506,R/N,Child Labour,62,4
2023-06-14 23:15:00,23,2,6,19.01544143986392,72.93838241859986,C,Lost Child,65,5
2023-10-28 16:09:00,16,5,10,19.14148604145609,72.80278899881468,K/W,Abuse,66,1
2023-03-20 01:52:00,1,0,3,19.042602211038815,72.82551078917686,R/S,Begging,68,3
2023-05-23 22:49:00,22,1,5,19.093451972410783,72.9968230637465,D,Abuse,65,1
2023-04-18 02:33:00,2,1,4,19.14102321770627,72.96661148951401,S,Abuse,59,2
2023-05-17 21:32:00,21,2,5,19.210362249158663,72.85998110759316,M/W,Lost Child,73,5
2023-04-09 09:56:00,9,6,4,19.126620631738678,72.98792654909093,M/E,Lost Child,68,4
2023-06-07 00:17:00,0,2,6,19.149323280213196,72.88295306589403,F/S,Trafficking,94,2
2023-06-18 11:43:00,11,6,6,18.913202197427804,72.83678328778923,N,Trafficking,83,2
2023-12-15 09:05:00,9,4,12,19.217518573539984,72.83897598266745,G/S,Lost Child,94,4
2023-11-01 07:02:00,7,2,11,19.106382681321133,72.91752746487326,D,Begging,70,3
2023-03-13 01:52:00,1,0,3,19.292192827221623,72.95619771626417,M/W,Lost Child,96,4
2023-11-05 05:08:00,5,6,11,19.101275180694255,72.82642760906418,F/N,Runaway,97,3
2023-04-08 14:47:00,14,5,4,18.979895494837205,72.94123898135854,N,Child Labour,43,2
2023-04-21 00:47:00,0,4,4,18.946563986545897,72.92579090033459,P/N,Lost Child,95,4
2023-12-13 15:12:00,15,2,12,19.051825303433876,72.81046406428796,B,Begging,49,5
2023-05-03 08:31:00,8,2,5,18.97299084659975,72.91661082777918,K/E,Trafficking,85,2
2023-04-27 15:32:00,15,3,4,18.999248010630744,72.9834632244691,M/W,Runaway,87,1
2023-09-20 09:29:00,9,2,9,19.178885074843038,72.9205758834921,F/S,Runaway,55,5
2023-08-08 00:08:00,0,1,8,18.95656254284472,72.9694735616521,B,Trafficking,80,2
2023-11-24 22:46:00,22,4,11,19.0006108332427,72.90644334938457,H/E,Trafficking,57,2
2023-11-04 22:31:00,22,5,11,19.053761867245715,72.86971680086297,K/E,Lost Child,54,4
2023-02-17 16:37:00,16,4,2,19.06650582346196,72.83038350155341,B,Lost Child,86,4
2023-02-12 10:33:00,10,6,2,19.009514731921133,72.8479462280946,S,Abuse,67,2
2023-05-15 17:34:00,17,0,5,19.035916589374647,72.93265402059419,D,Trafficking,68,1
2023-03-06 23:32:00,23,0,3,19.291712366694462,72.97162329931446,F/S,Begging,34,2
2023-02-27 19:42:00,19,0,2,19.01171982939135,72.96573370700632,H/W,Runaway,55,3
2023-06-24 12:36:00,12,5,6,19.040781139559243,72.84748105111893,F/S,Abuse,47,2
2023-09-17 15:36:00,15,6,9,18.920306582988513,72.90757798822347,T,Abuse,55,2
2023-06-28 12:56:00,12,2,6,19.08786252491109,72.84763011565552,H/E,Abuse,83,2
2023-08-28 13:20:00,13,0,8,19.287319283014597,72.83856083110425,R/S,Lost Child,64,3
2023-07-14 13:33:00,13,4,7,19.072549989707852,72.90656190138122,B,Abuse,36,2
2023-01-08 02:32:00,2,6,1,19.150884269725733,72.89093262821314,R/S,Trafficking,38,1
2023-05-14 04:55:00,4,6,5,19.03563883086165,72.90943618386027,M/E,Lost Child,74,4
2023-01-30 15:30:00,15,0,1,19.220275228176167,72.93901349206669,H/E,Trafficking,93,4
2023-07-02 05:13:00,5,6,7,19.279323371274938,72.92582440995585,N,Begging,44,4
2023-02-24 16:10:00,16,4,2,18.928649380265984,72.9743776104762,K/E,Runaway,32,3
2023-05-17 02:54:00,2,2,5,18.91727617631001,72.89273272760279,D,Begging,54,4
2023-12-06 16:58:00,16,2,12,19.046116153522192,72.85010296769276,F/N,Lost Child,43,3
2023-10-05 12:06:00,12,3,10,18.903984392394737,72.83046296980116,F/S,Runaway,73,5
2023-02-19 20:41:00,20,6,2,18.934843439997767,72.81925640525567,D,Child Labour,91,4
2023-11-05 15:01:00,15,6,11,19.075652103519865,72.99004932953042,D,Runaway,64,5
2023-10-04 23:18:00,23,2,10,19.075439434925546,72.97506890928642,A,Begging,55,3
2023-01-26 01:43:00,1,3,1,19.15960458722163,72.86890775762953,M/W,Runaway,69,5
2023-06-11 12:24:00,12,6,6,19.11599343985036,72.97612048886731,B,Begging,67,4
2023-07-11 12:11:00,12,1,7,19.067125659936536,72.98334429169809,F/N,Begging,98,4
2023-11-21 05:38:00,5,1,11,19.172500177341828,72.8661067916908,K/E,Runaway,60,5
2023-11-06 11:59:00,11,0,11,19.16542007736782,72.81875373804058,T,Child Labour,75,2
2023-06-10 22:35:00,22,5,6,19.12044379553911,72.8293409665769,H/E,Trafficking,41,1
2023-06-24 20:36:00,20,5,6,18.952080248093054,72.93360492135733,K/W,Abuse,76,2
2023-11-12 06:49:00,6,6,11,19.02682834619235,72.8162172819483,S,Begging,71,5
2023-06-04 22:26:00,22,6,6,19.14878532284815,72.97711941133409,P/N,Lost Child,73,5
2023-11-23 06:18:00,6,3,11,19.199527130223743,72.85069680836739,T,Trafficking,97,1
2023-03-09 16:27:00,16,3,3,19.016031031645507,72.97326236159248,H/W,Begging,92,5
2023-01-06 11:28:00,11,4,1,18.995736001671528,72.85985192404203,T,Runaway,82,4
2023-10-24 05:44:00,5,1,10,19.1546049917856,72.93867908716754,D,Begging,85,3
2023-12-17 23:20:00,23,6,12,19.255257157395818,72.98661876211396,C,Trafficking,62,1
2023-03-09 12:09:00,12,3,3,19.06653238491215,72.98441467183022,G/S,Lost Child,79,4
2023-02-28 18:13:00,18,1,2,19.299263253698697,72.92182958649116,L,Abuse,74,2
2023-11-09 19:58:00,19,3,11,19.094309386299837,72.90254345092313,S,Child Labour,61,4
2023-03-26 02:01:00,2,6,3,18.987025574168378,72.82531749215926,N,Lost Child,50,4
2023-02-10 17:54:00,17,4,2,19.240768383747394,72.93155345508318,S,Abuse,80,1
2023-01-08 11:37:00,11,6,1,19.143640845029065,72.99611501281606,H/W,Lost Child,30,5
2023-09-11 09:42:00,9,0,9,19.079608370132043,72.84204202225592,N,Begging,85,5
2023-06-12 14:19:00,14,0,6,19.04170250174052,72.97477401984995,A,Child Labour,72,2
2023-08-18 00:48:00,0,4,8,19.21896494563791,72.98622106776631,K/E,Trafficking,68,2
2023-10-12 10:00:00,10,3,10,18.989673089801006,72.84736307809578,E,Runaway,52,3
2023-06-27 20:58:00,20,1,6,18.91432712256639,72.98406777412373,E,Child Labour,99,2
2023-08-22 13:17:00,13,1,8,19.090637900610115,72.89860126460275,M/W,Child Labour,50,4
2023-02-28 12:16:00,12,1,2,19.214053748031557,72.90894706887785,F/N,Abuse,37,1
2023-11-02 14:08:00,14,3,11,19.060966959507507,72.89309555255991,M/E,Runaway,69,4
2023-03-09 09:09:00,9,3,3,18.9118573176098,72.91392129499246,A,Runaway,59,3
2023-01-19 23:54:00,23,3,1,19.249985244718122,72.886683721003,G/N,Lost Child,41,5
2023-07-20 17:28:00,17,3,7,18.917068950578567,72.8422700877078,H/W,Trafficking,90,2
2023-11-19 17:52:00,17,6,11,19.041484046208527,72.95884708761862,F/S,Trafficking,68,2
2023-03-19 05:26:00,5,6,3,19.094787720597658,72.83454203781741,D,Runaway,84,3
2023-04-10 05:48:00,5,0,4,18.91620501994513,72.97913544060083,B,Trafficking,58,1
2023-08-02 21:12:00,21,2,8,19.105455402092414,72.84989694422285,P/N,Lost Child,89,5
2023-03-11 14:53:00,14,5,3,18.99331210518203,72.85059234535836,G/N,Begging,73,5
2023-05-21 15:43:00,15,6,5,19.226884877949924,72.89419236865463,R/C,Lost Child,76,3
2023-08-02 11:20:00,11,2,8,19.22143280681301,72.9610060425667,E,Abuse,48,1
2023-02-08 00:31:00,0,2,2,19.1172420654851,72.95489893627035,R/N,Trafficking,40,2
2023-11-20 05:46:00,5,0,11,18.92781282811011,72.9527502384978,K/W,Lost Child,53,5
2023-12-26 03:17:00,3,1,12,19.216355828881717,72.87436495656843,H/W,Child Labour,78,3
2023-04-28 11:29:00,11,4,4,19.168854890411026,72.99736939876816,E,Abuse,73,1
2023-03-10 04:17:00,4,4,3,19.185118733484014,72.84169721235688,T,Abuse,76,1
2023-03-12 04:31:00,4,6,3,19.084742545844612,72.92794473626904,H/E,Begging,98,3
2023-03-15 23:04:00,23,2,3,18.992025829861486,72.99695548810078,H/E,Lost Child,48,5
2023-06-18 03:51:00,3,6,6,19.09526347905409,72.92606354409855,K/E,Child Labour,36,2
2023-06-29 00:18:00,0,3,6,18.92340039416404,72.86612890634927,P/S,Runaway,98,4
2023-11-25 16:58:00,16,5,11,19.054384265685062,72.95799823454851,R/C,Lost Child,61,3
2023-11-05 07:06:00,7,6,11,19.276440484571808,72.82871687795547,F/S,Abuse,57,1
2023-02-18 03:47:00,3,5,2,18.954005828686665,72.90522551347077,R/N,Begging,37,3
2023-01-06 05:41:00,5,4,1,19.284575976608934,72.96690161720204,F/N,Runaway,73,3
2023-09-07 14:27:00,14,3,9,19.124145869087027,72.93378285508885,G/N,Trafficking,86,2
2023-05-13 06:47:00,6,5,5,18.931029254770024,72.85003654660284,R/C,Child Labour,40,4
2023-10-29 16:30:00,16,6,10,18.954334554779873,72.85434402100415,F/N,Runaway,66,4
2023-12-17 05:32:00,5,6,12,19.234219079153295,72.82909083712312,P/S,Trafficking,87,2
2023-08-01 08:56:00,8,1,8,18.982060784320787,72.8374870750904,G/N,Trafficking,45,1
2023-11-06 15:20:00,15,0,11,19.296756416959806,72.8266980669431,A,Begging,92,4
2023-05-10 23:29:00,23,2,5,19.047235585177273,72.90104117446465,A,Trafficking,76,2
2023-12-27 19:15:00,19,2,12,19.213115982502515,72.89594124599162,T,Abuse,94,1
2023-04-17 05:10:00,5,0,4,18.907546971932465,72.92878951904153,H/W,Begging,78,4
2024-01-01 12:27:00,12,0,1,19.113919631232655,72.83115902396486,R/C,Trafficking,87,2
2023-09-03 01:47:00,1,6,9,19.192533417616083,72.88204027223668,M/E,Trafficking,87,2
2023-01-24 07:55:00,7,1,1,19.123557976357215,72.93013920953943,G/S,Lost Child,50,4
2023-11-18 00:07:00,0,5,11,19.038576777609997,72.93848483391066,D,Abuse,88,4
2023-06-28 15:05:00,15,2,6,19.048090206812144,72.81193079576826,C,Child Labour,89,2
2023-06-06 14:47:00,14,1,6,19.16875887389216,72.81167092243867,D,Begging,66,3
2023-12-04 00:17:00,0,0,12,19.16115232649574,72.9878044058611,K/E,Abuse,76,1
2023-05-05 09:05:00,9,4,5,18.94682683521586,72.85904727302955,R/N,Child Labour,54,3
2023-11-20 13:34:00,13,0,11,19.280963170776417,72.95762347242298,A,Lost Child,81,5
2023-10-04 01:02:00,1,2,10,19.281759612961306,72.94154478975328,A,Runaway,60,4
2023-06-20 17:02:00,17,1,6,19.04488375783563,72.97356249789239,E,Child Labour,64,2
2023-02-19 05:38:00,5,6,2,18.974731675003916,72.9740845647082,G/N,Begging,30,5
2023-08-05 22:35:00,22,5,8,18.964251628948922,72.92806837968872,T,Lost Child,57,4
2023-05-19 07:24:00,7,4,5,19.28173367942761,72.82386788625021,P/S,Child Labour,76,2
2023-01-18 14:18:00,14,2,1,19.238112482219815,72.89029050542547,S,Child Labour,96,4
2023-11-27 09:56:00,9,0,11,19.00508680654601,72.95024657360707,K/W,Runaway,83,3
2023-09-23 06:34:00,6,5,9,19.23519744465493,72.84189744887325,K/E,Trafficking,70,1
2023-06-22 21:18:00,21,3,6,19.11914561913217,72.96283310769121,L,Runaway,40,5
2023-09-21 14:08:00,14,3,9,19.03142802685537,72.8873951982438,C,Begging,99,3
2023-04-17 01:01:00,1,0,4,18.96521464962703,72.93397878100056,N,Trafficking,38,2
2023-11-14 08:36:00,8,1,11,18.908953866734866,72.82888787830234,F/S,Runaway,76,4
2023-03-25 10:38:00,10,5,3,18.943525547321812,72.99849228674714,G/N,Lost Child,51,3
2023-01-23 09:13:00,9,0,1,19.143002915535625,72.87532723451646,G/N,Begging,41,3
2023-06-03 23:24:00,23,5,6,18.920662065205796,72.95218978719538,H/E,Abuse,95,1
2023-05-18 14:55:00,14,3,5,19.183076264890364,72.95730135273195,E,Lost Child,33,4
2023-05-17 18:56:00,18,2,5,18.98844963802069,72.88522260144188,F/N,Trafficking,48,1
2023-10-24 03:00:00,3,1,10,18.923131607096906,72.92128817326922,K/E,Lost Child,73,5
2023-11-29 09:21:00,9,2,11,19.27813080679778,72.89727456321124,L,Trafficking,74,2
2023-12-21 19:20:00,19,3,12,18.9169319311583,72.95073131042074,K/W,Trafficking,44,2
2023-06-03 19:45:00,19,5,6,19.179369385548796,72.90193017873686,P/N,Trafficking,64,2
2023-12-10 22:05:00,22,6,12,19.271576208034155,72.86350950876724,H/E,Lost Child,85,4
2023-05-28 23:11:00,23,6,5,18.90774654175199,72.96567628982794,H/E,Lost Child,75,5
2023-09-24 22:15:00,22,6,9,18.911564559736775,72.91901063461688,E,Lost Child,94,4
2023-04-06 02:41:00,2,3,4,19.26694473581198,72.84407510700927,D,Runaway,31,3
2023-10-01 20:18:00,20,6,10,18.910621586628974,72.9030368461561,L,Begging,64,4
2023-03-17 09:04:00,9,4,3,18.986242761332825,72.82199838342817,G/S,Trafficking,33,2
2023-12-11 10:22:00,10,0,12,19.121592849368046,72.98306086180152,F/N,Lost Child,66,2
2023-04-06 21:31:00,21,3,4,19.137467033205407,72.86832266721444,F/N,Begging,88,5
2023-09-17 13:46:00,13,6,9,19.1563236682282,72.90516005579208,T,Trafficking,50,2
2023-01-06 12:04:00,12,4,1,19.267463572839,72.80352952126299,P/S,Trafficking,96,1
2023-08-24 23:21:00,23,3,8,19.16533105054655,72.93366319516994,L,Lost Child,83,4
2023-06-19 19:54:00,19,0,6,19.266800651357716,72.87384492968008,F/S,Child Labour,45,2
2023-08-08 07:59:00,7,1,8,19.133586134414838,72.94300269310642,R/C,Trafficking,42,1
2023-04-02 14:58:00,14,6,4,19.059140414247413,72.81529340336284,R/S,Child Labour,66,5
2023-10-16 12:10:00,12,0,10,19.150456184943028,72.99571896316961,R/S,Trafficking,67,1
2023-07-10 02:19:00,2,0,7,19.18521497827807,72.81704426051547,K/W,Lost Child,85,4
2023-09-23 11:53:00,11,5,9,18.967832903584902,72.98470858982603,K/E,Child Labour,51,3
2023-09-01 20:51:00,20,4,9,19.141673723575874,72.92754014418922,S,Runaway,89,4
2023-01-28 09:05:00,9,5,1,19.23128169528,72.88213452836558,F/N,Trafficking,56,2
2023-07-17 03:18:00,3,0,7,19.276931025705718,72.89784829692996,R/C,Runaway,34,2
2023-04-05 09:43:00,9,2,4,19.155544674269215,72.96504277510402,H/W,Runaway,47,4
2023-07-12 03:46:00,3,2,7,19.146924113520843,72.90512993313517,G/N,Abuse,70,2
2023-12-29 19:18:00,19,4,12,19.13494415561337,72.91662067970354,H/E,Lost Child,69,4
2023-06-24 20:18:00,20,5,6,18.96548879771995,72.89608880852548,D,Begging,97,4
2023-11-22 03:42:00,3,2,11,19.08665450646427,72.91440853098366,G/N,Begging,64,3
2023-07-11 12:30:00,12,1,7,19.268752418084482,72.83109743022383,G/S,Abuse,79,1
2023-05-23 21:30:00,21,1,5,18.904643744589347,72.85552817319427,K/E,Abuse,58,2
2023-04-11 08:24:00,8,1,4,19.288905668844723,72.87561388601856,P/N,Runaway,79,3
2023-09-13 20:23:00,20,2,9,18.997700006232247,72.86838814007352,A,Trafficking,65,1
2023-02-11 10:09:00,10,5,2,19.11844146286728,72.95491433847543,D,Abuse,75,1
2023-10-09 14:41:00,14,0,10,18.951137279061474,72.82413544833278,A,Abuse,65,2
2023-06-11 07:28:00,7,6,6,19.13934821411336,72.94830715589647,N,Trafficking,89,1
2023-11-01 18:45:00,18,2,11,18.981703067394488,72.91241033929288,M/W,Trafficking,97,1
2023-09-14 00:50:00,0,3,9,19.11094313949704,72.82621063632538,A,Trafficking,82,2
2023-08-19 07:43:00,7,5,8,19.098451699819496,72.99841777080563,F/S,Abuse,54,1
2023-08-28 10:12:00,10,0,8,18.991537479359877,72.87564043004558,G/S,Runaway,42,5
2023-07-15 15:56:00,15,5,7,19.030714581523576,72.82751125221392,B,Begging,33,4
2023-11-05 23:19:00,23,6,11,19.210752408517124,72.8651526151083,M/W,Abuse,62,2
2023-03-07 19:30:00,19,1,3,19.2533676136634,72.80305827871601,H/W,Runaway,59,4
2023-01-11 11:00:00,11,2,1,19.037005769296716,72.90001638133852,K/W,Lost Child,84,4
2023-07-12 06:53:00,6,2,7,19.174853296894362,72.91478186556688,N,Child Labour,52,4
2023-09-23 11:42:00,11,5,9,19.267797222188012,72.80859355340756,D,Lost Child,68,4
2023-01-21 07:17:00,7,5,1,19.0120913544091,72.93930405114162,M/E,Begging,65,5
2023-05-07 07:52:00,7,6,5,19.176668144843834,72.80101438615525,H/E,Child Labour,71,2
2023-08-20 12:40:00,12,6,8,18.999977882898083,72.86404520900632,M/W,Child Labour,56,2
2023-04-26 12:55:00,12,2,4,19.268050280872913,72.8398001748173,H/W,Runaway,41,5
2023-06-30 08:18:00,8,4,6,19.222058892420403,72.81290768772722,L,Child Labour,54,4
2023-09-29 12:41:00,12,4,9,19.172061955574232,72.86785123516188,E,Abuse,30,1
2023-05-20 19:00:00,19,5,5,18.960568576681716,72.96727522890845,E,Lost Child,31,4
2023-01-24 22:59:00,22,1,1,19.09848056711117,72.80575051339272,N,Begging,93,5
2023-10-18 02:57:00,2,2,10,18.91426442800422,72.91558592277146,N,Trafficking,89,4
2023-07-14 21:38:00,21,4,7,19.121199316824956,72.87453063362838,F/S,Trafficking,94,2
2023-05-27 05:09:00,5,5,5,18.972444385188084,72.89519562425879,B,Trafficking,43,2
2023-12-20 12:17:00,12,2,12,18.920939863012237,72.89302234444801,R/S,Trafficking,58,2
2023-03-24 10:45:00,10,4,3,19.03844158007554,72.86980826688185,N,Abuse,71,1
2023-09-21 13:33:00,13,3,9,18.92029148236345,72.91286748656361,B,Child Labour,84,4
2023-09-11 08:55:00,8,0,9,19.06727068098185,72.82489612205575,H/W,Trafficking,35,1
2023-08-04 14:49:00,14,4,8,19.28817739795338,72.98898299850296,E,Lost Child,72,4
2023-01-20 16:41:00,16,4,1,19.22519960140237,72.92931667445181,G/S,Begging,37,3
2023-10-30 12:00:00,12,0,10,19.132631338165794,72.92993117562177,P/S,Lost Child,62,3
2023-04-05 13:23:00,13,2,4,19.020176466959928,72.90221111821835,H/W,Runaway,71,4
2023-09-21 19:48:00,19,3,9,18.948997662838018,72.97490367166614,A,Abuse,61,1
2023-06-05 10:00:00,10,0,6,19.044170181246596,72.97483347305743,A,Begging,68,4
2023-07-18 16:01:00,16,1,7,19.06094180017743,72.84956621808654,G/N,Begging,54,5
2023-11-13 11:02:00,11,0,11,18.903635975101675,72.8519724928082,L,Begging,95,3
2023-07-04 10:33:00,10,1,7,19.140857794231813,72.87789740046858,D,Runaway,93,5
2023-04-27 06:09:00,6,3,4,19.19865747446965,72.80465614978846,F/N,Runaway,92,4
2023-02-05 09:13:00,9,6,2,19.04587633746835,72.9408459590482,R/N,Abuse,93,1
2023-04-28 19:08:00,19,4,4,18.908669791544057,72.83085123639272,C,Lost Child,59,2
2023-06-14 09:42:00,9,2,6,19.24086816772653,72.89649169268608,T,Child Labour,60,4
2023-07-30 05:44:00,5,6,7,19.263695702062748,72.9401221074009,L,Begging,97,5
2023-11-23 00:07:00,0,3,11,19.260718716466325,72.8017985731941,F/N,Abuse,86,2
2023-04-23 04:19:00,4,6,4,19.093716028920138,72.89483901294759,K/E,Child Labour,58,3
2023-01-18 03:48:00,3,2,1,18.936207686849162,72.9651309035,G/S,Child Labour,84,2
2023-09-14 17:11:00,17,3,9,19.1612918485764,72.90884289612454,K/W,Lost Child,50,5
2023-12-22 16:04:00,16,4,12,19.249397275248523,72.85132960775191,L,Abuse,47,1
2023-04-28 09:04:00,9,4,4,19.01741584885575,72.80705714630628,A,Abuse,94,2
2023-12-14 14:23:00,14,3,12,19.263163729744694,72.81025004357092,B,Abuse,66,1
2023-08-11 00:52:00,0,4,8,19.216566399239877,72.90898338114427,G/S,Runaway,78,5
2023-12-15 01:27:00,1,4,12,19.246069742008288,72.8968443073468,K/E,Child Labour,53,2
2023-05-03 22:30:00,22,2,5,19.051478538083416,72.96979561647086,P/N,Child Labour,33,4
2023-07-10 11:11:00,11,0,7,19.08458528900147,72.84548245098063,R/N,Abuse,67,1
2023-07-12 01:26:00,1,2,7,19.150365631951406,72.89797093023422,G/N,Begging,40,4
2023-09-16 04:16:00,4,5,9,18.99594534644767,72.98248281310046,C,Runaway,50,4
2023-01-12 15:09:00,15,3,1,18.937382887328393,72.92759157043437,C,Begging,88,3
2023-09-13 19:22:00,19,2,9,19.24023181278693,72.89112033161412,M/W,Child Labour,33,4
2023-10-01 13:52:00,13,6,10,19.11369974229822,72.8711250812292,G/N,Runaway,56,5
2023-02-07 03:33:00,3,1,2,19.123131758585362,72.84811277192107,A,Lost Child,40,4
2023-11-28 08:42:00,8,1,11,18.905439959120585,72.82860693366175,S,Begging,41,4
2023-02-14 12:51:00,12,1,2,19.148710482067642,72.96329213621131,B,Trafficking,36,1
2023-05-15 06:42:00,6,0,5,19.06704016299882,72.98820210735218,F/S,Runaway,74,4
2023-03-07 09:50:00,9,1,3,19.209154229058857,72.91929240219422,M/E,Runaway,30,3
2023-02-06 16:31:00,16,0,2,19.239911918092055,72.87116956983883,R/C,Child Labour,72,3
2023-03-30 12:55:00,12,3,3,19.0948056568807,72.92873349658548,H/E,Runaway,61,3
2023-09-29 19:27:00,19,4,9,19.080399997193588,72.82282071465927,M/W,Begging,68,3
2023-07-01 06:02:00,6,5,7,19.107728983595216,72.89350555063318,H/W,Lost Child,74,4
2023-09-28 15:48:00,15,3,9,19.170637214074333,72.82237141205437,F/S,Child Labour,47,4
2023-12-05 11:38:00,11,1,12,19.008465189001505,72.86381710986241,A,Lost Child,62,4
2023-04-29 17:10:00,17,5,4,19.27315614812826,72.80181566948605,K/W,Lost Child,94,4
2023-07-30 07:03:00,7,6,7,19.079981845721292,72.99535660585619,B,Lost Child,42,3
2023-03-25 21:13:00,21,5,3,19.061447031964196,72.90218665975003,K/E,Trafficking,96,2
2023-09-23 18:34:00,18,5,9,18.933024053357634,72.84554555225438,S,Begging,48,3
2023-10-04 13:56:00,13,2,10,19.134834181587113,72.9778633417855,G/S,Runaway,72,5
2023-05-10 01:29:00,1,2,5,19.251960959688553,72.83062098083045,E,Trafficking,89,1
2023-12-28 22:54:00,22,3,12,18.92687990864697,72.92861127095807,H/W,Lost Child,85,3
2023-02-02 09:40:00,9,3,2,19.139314278054805,72.97052722712097,R/C,Lost Child,98,4
2023-05-14 13:59:00,13,6,5,18.90278954000371,72.96680997722603,P/S,Lost Child,72,4
2023-10-01 05:01:00,5,6,10,19.041366384000483,72.87160590933692,G/S,Lost Child,53,5
2023-02-01 14:37:00,14,2,2,19.193926454175863,72.90410053062432,G/S,Begging,54,3
2023-05-14 00:10:00,0,6,5,19.15798679463653,72.87512832840198,C,Trafficking,61,2
2023-11-10 04:26:00,4,4,11,18.946625458310997,72.82462213027782,K/W,Abuse,61,1
2023-05-24 06:22:00,6,2,5,19.25731346471843,72.81939998341377,G/N,Trafficking,41,1
2023-11-13 15:01:00,15,0,11,19.049906897234138,72.9011439527802,P/N,Begging,90,5
2023-02-19 09:40:00,9,6,2,18.981579983784787,72.84291195009651,H/W,Runaway,90,4
2023-11-29 20:37:00,20,2,11,19.235507702963933,72.9449737238113,B,Runaway,83,5
2023-04-05 22:07:00,22,2,4,19.167847885141118,72.82023941825597,D,Lost Child,39,4
2023-07-01 17:01:00,17,5,7,19.29085096746106,72.90965303994292,F/S,Begging,59,3
2023-01-01 09:35:00,9,6,1,19.10780524398374,72.82441489740582,G/N,Abuse,49,2
2023-10-20 19:52:00,19,4,10,18.923325622367713,72.8690248949258,R/S,Lost Child,53,4
2023-12-07 10:54:00,10,3,12,19.200908003352605,72.99551653084922,M/W,Trafficking,50,2
2023-05-17 20:27:00,20,2,5,19.266003134377307,72.89848194815548,K/E,Child Labour,52,2
2023-11-24 23:00:00,23,4,11,19.02414227532425,72.84368740318124,K/E,Trafficking,93,1
2023-09-18 14:38:00,14,0,9,19.086088710967015,72.87849265621122,H/E,Lost Child,71,5
2023-12-22 20:05:00,20,4,12,18.999416345962363,72.92438952616612,R/C,Lost Child,83,3
2023-04-22 08:40:00,8,5,4,19.097151906678103,72.93415007623601,P/S,Trafficking,72,2
2023-03-24 03:23:00,3,4,3,19.15582279685429,72.96169368397217,G/N,Lost Child,85,4
2023-10-21 18:10:00,18,5,10,18.972384354837434,72.95429796156596,P/S,Abuse,85,2
2023-07-21 18:47:00,18,4,7,18.913409550759173,72.84770291835166,D,Begging,44,4
2023-09-11 13:54:00,13,0,9,18.97083064066847,72.83503314876573,G/S,Lost Child,69,3
2023-01-02 14:04:00,14,0,1,19.289907844750537,72.99936782387117,B,Runaway,43,3
2023-10-15 06:14:00,6,6,10,19.059713150876604,72.96706221036565,M/E,Trafficking,61,1
2023-07-28 19:00:00,19,4,7,19.03415796480534,72.89679960511913,E,Lost Child,83,5
2023-02-05 06:43:00,6,6,2,19.110260569839838,72.85882749193635,H/E,Child Labour,38,3
2023-12-16 01:42:00,1,5,12,19.12220456326835,72.87150290122659,G/N,Child Labour,37,4
2023-05-31 12:01:00,12,2,5,19.017747528196544,72.9474330001688,P/N,Child Labour,81,4
2023-03-19 09:10:00,9,6,3,19.184788389132486,72.97288333047825,H/E,Abuse,93,1
2023-03-24 20:06:00,20,4,3,19.167312848597337,72.85888703895488,S,Lost Child,30,5
2023-09-14 08:07:00,8,3,9,19.135621750419592,72.95636463374326,M/W,Trafficking,68,2
2023-07-30 05:18:00,5,6,7,19.009146863639355,72.80894338904096,E,Runaway,88,3
2023-07-15 23:22:00,23,5,7,19.17122440747881,72.80397747527877,M/W,Lost Child,67,5
2023-06-26 00:19:00,0,0,6,18.911579456306256,72.93032905289239,P/N,Lost Child,36,4
2023-08-20 20:45:00,20,6,8,19.055096802059545,72.8461338661821,N,Abuse,36,2
2023-04-03 01:20:00,1,0,4,19.15384125522041,72.98171569593376,H/W,Abuse,74,5
2023-01-28 00:01:00,0,5,1,19.108879620099337,72.88893249307775,K/E,Trafficking,73,2
2023-09-05 19:20:00,19,1,9,19.175958452026418,72.97006199242506,M/E,Runaway,57,1
2023-05-12 12:59:00,12,4,5,18.953454942689298,72.91967369594157,C,Abuse,91,1
2023-03-16 19:22:00,19,3,3,19.26291206170782,72.98142610098573,L,Trafficking,30,1
2023-11-24 16:13:00,16,4,11,18.951394332392866,72.99246873026283,H/E,Lost Child,32,3
2023-01-08 01:03:00,1,6,1,19.067100279749777,72.94934058533701,D,Child Labour,49,4
2023-08-18 17:31:00,17,4,8,19.058999568972347,72.86228137191405,G/S,Abuse,66,1
2023-08-10 00:28:00,0,3,8,19.283038786387774,72.96402430374826,E,Runaway,55,3
2023-02-03 21:27:00,21,4,2,19.127941442366186,72.88014373718705,R/N,Runaway,85,4
2023-05-01 04:41:00,4,0,5,19.061426886653194,72.86849870673797,F/N,Begging,92,4
2023-08-20 16:16:00,16,6,8,19.114855004910773,72.84205209835797,R/S,Begging,55,5
2023-06-29 08:04:00,8,3,6,19.285034569368243,72.96824975967267,A,Abuse,58,1
2023-10-07 18:51:00,18,5,10,19.126863545564877,72.95250896119852,N,Runaway,70,4
2023-02-01 09:26:00,9,2,2,18.94290301208415,72.8233482326967,S,Trafficking,94,1
2023-09-08 22:19:00,22,4,9,19.204444658252957,72.8838102291603,H/E,Lost Child,49,5
2023-12-02 14:02:00,14,5,12,18.910392860561597,72.90444379554654,N,Abuse,74,2
2023-07-07 10:29:00,10,4,7,18.99450558242093,72.88998120244568,M/W,Child Labour,89,3
2023-12-28 22:12:00,22,3,12,19.186284845653116,72.99347219340079,R/N,Lost Child,88,5
2023-06-18 19:53:00,19,6,6,18.98094965655391,72.8380613405596,G/S,Abuse,66,1
2023-09-09 02:38:00,2,5,9,19.19774227651896,72.81386340994848,H/W,Trafficking,43,2
2023-08-29 21:59:00,21,1,8,19.128135243698623,72.94916210765119,S,Trafficking,73,1
2023-03-23 12:30:00,12,3,3,19.120955486023643,72.95811129836753,P/N,Trafficking,84,1
2023-11-21 22:27:00,22,1,11,19.05325530739363,72.80771722127764,H/E,Trafficking,87,1
2023-02-02 11:16:00,11,3,2,19.191873086772187,72.971277543427,R/N,Runaway,82,5
2023-01-02 14:57:00,14,0,1,18.940998420441073,72.94109401709764,P/S,Trafficking,90,2
2023-10-26 04:23:00,4,3,10,19.045416523764082,72.92956249866569,M/W,Begging,83,5
2023-01-30 13:55:00,13,0,1,19.05746777950036,72.98464098084999,A,Child Labour,36,3
2023-07-31 16:23:00,16,0,7,18.92685572834919,72.98733815618424,R/S,Begging,85,4
2023-09-18 09:29:00,9,0,9,19.01427037883978,72.97133233314028,B,Child Labour,74,3
2023-08-29 03:27:00,3,1,8,19.012477787472374,72.99485428310946,K/W,Runaway,56,3
2023-05-28 20:15:00,20,6,5,19.062508252778727,72.85423133514098,B,Begging,92,3
2023-01-23 13:27:00,13,0,1,19.129774047440026,72.86748235868319,P/N,Child Labour,53,4
2023-03-20 14:12:00,14,0,3,19.11524949217834,72.99622129050049,C,Begging,38,5
2023-02-21 11:36:00,11,1,2,18.98699262495708,72.94201257570307,G/N,Trafficking,76,1
2023-10-03 00:38:00,0,1,10,19.242688449455738,72.92887313479171,H/W,Begging,37,3
2023-12-17 03:40:00,3,6,12,18.969741757769516,72.82440393703845,M/E,Child Labour,37,2
2023-02-05 04:12:00,4,6,2,19.272973273560574,72.96498188887672,E,Trafficking,97,2
2023-04-13 02:58:00,2,3,4,18.99720299673077,72.94643116690735,F/N,Lost Child,82,4
2023-05-17 12:33:00,12,2,5,18.940561546849942,72.93483568237308,M/E,Lost Child,53,4
2023-01-17 14:52:00,14,1,1,18.926667961950496,72.94617940410954,B,Trafficking,43,1
2023-07-22 19:27:00,19,5,7,19.230492299265475,72.92316894397389,M/E,Child Labour,95,4
2023-02-28 01:36:00,1,1,2,19.262940621823446,72.8277716519779,H/E,Trafficking,46,1
2023-09-26 01:16:00,1,1,9,18.93485035309306,72.92353698378257,P/N,Abuse,50,2
2023-08-19 07:29:00,7,5,8,18.93068173439545,72.81846568154437,M/W,Abuse,84,5
2023-08-07 00:56:00,0,0,8,19.110644952119234,72.85518579494816,N,Begging,73,4
2023-03-09 11:43:00,11,3,3,19.216544772616505,72.90551168352108,H/E,Abuse,36,2
2023-01-22 16:22:00,16,6,1,19.193578609414274,72.99815874120705,T,Child Labour,36,4
2023-05-14 22:44:00,22,6,5,19.126754841300194,72.8792377663974,R/C,Runaway,39,4
2023-07-21 04:52:00,4,4,7,19.197540449355362,72.87821418410665,K/E,Begging,77,3
2023-04-20 15:45:00,15,3,4,19.013447856938868,72.97187961874576,M/E,Trafficking,53,2
2023-03-23 19:49:00,19,3,3,19.00556214477011,72.97242309623412,K/W,Lost Child,90,5
2023-01-20 19:10:00,19,4,1,19.137656256372157,72.85499133964248,P/S,Abuse,33,1
2023-09-06 11:30:00,11,2,9,18.903521390720314,72.95977491200276,E,Abuse,54,1
2023-02-22 00:31:00,0,2,2,18.997283799821805,72.80312861292805,M/W,Trafficking,57,2
2023-11-01 19:05:00,19,2,11,19.01954185317849,72.97748319711687,H/W,Runaway,99,3
2023-06-10 20:25:00,20,5,6,19.024583426809563,72.98634361616263,P/S,Runaway,86,5
2023-02-16 14:58:00,14,3,2,19.14336937073012,72.95487973985271,M/E,Abuse,91,2
2023-08-15 08:26:00,8,1,8,18.91727885490028,72.92209675782274,T,Runaway,47,4
2023-06-11 02:28:00,2,6,6,19.077226834569935,72.82632549293321,H/E,Trafficking,73,1
2023-02-05 05:40:00,5,6,2,18.951622324210717,72.93010985136736,H/E,Lost Child,96,4
2023-08-28 08:59:00,8,0,8,19.283532529346434,72.97381241011261,K/W,Abuse,80,1
2023-04-23 22:59:00,22,6,4,18.962156315048553,72.89895482502438,L,Abuse,37,2
2023-02-25 22:09:00,22,5,2,19.209108117925574,72.80291598270922,B,Lost Child,68,3
2023-11-11 14:00:00,14,5,11,19.13117895976136,72.86826053645962,H/E,Lost Child,59,4
2023-08-09 05:45:00,5,2,8,19.219876997608296,72.83634590938257,R/S,Lost Child,44,3
2023-07-02 11:02:00,11,6,7,18.954607847948598,72.96789668970224,F/N,Child Labour,42,3
2023-09-26 12:05:00,12,1,9,18.903950009920774,72.8024731042233,E,Begging,85,4
2023-04-07 17:54:00,17,4,4,19.158227676032848,72.89002296581849,M/W,Begging,60,3
2023-04-27 02:52:00,2,3,4,19.297493782295547,72.80170664422965,K/E,Begging,84,5
2023-11-07 07:55:00,7,1,11,19.107177437631332,72.93908836338812,R/S,Trafficking,80,2
2023-04-15 17:34:00,17,5,4,19.189727623006874,72.8306598409412,F/N,Runaway,31,3
2023-09-16 04:00:00,4,5,9,19.197313315032737,72.990823005346,S,Trafficking,32,1
2023-03-19 06:39:00,6,6,3,19.220645304463304,72.9635018629027,R/S,Runaway,52,1
2023-03-07 05:06:00,5,1,3,19.217434178100333,72.90236751161076,D,Trafficking,45,2
2023-02-09 19:10:00,19,3,2,19.1376982203679,72.88531224460309,R/C,Abuse,44,2
2023-12-12 18:29:00,18,1,12,19.24779131282204,72.80910622774181,M/E,Lost Child,79,4
2023-11-03 06:26:00,6,4,11,19.23027079389661,72.85518041115373,S,Child Labour,56,2
2023-11-19 14:48:00,14,6,11,18.99732882422084,72.9590272847333,D,Lost Child,54,5
2023-02-11 17:08:00,17,5,2,18.909114288433493,72.8880157192943,M/W,Lost Child,78,4
2023-12-19 00:24:00,0,1,12,19.259010521380173,72.8266597692806,F/S,Child Labour,68,4
2023-02-24 19:29:00,19,4,2,19.011753271492644,72.98101401323017,A,Lost Child,41,5
2023-12-23 00:25:00,0,5,12,19.1126784492393,72.98233266268146,P/S,Lost Child,52,2
2023-08-03 02:39:00,2,3,8,18.983268080888646,72.93307421763112,H/E,Runaway,45,5
2023-10-21 06:41:00,6,5,10,19.271758117355155,72.90261511805541,P/N,Begging,77,4
2023-04-15 07:26:00,7,5,4,19.144404557835802,72.94788037269721,R/C,Abuse,85,1
2023-05-14 13:35:00,13,6,5,19.20270822487906,72.84519363725319,E,Abuse,32,2
2023-01-25 17:41:00,17,2,1,19.214985887361077,72.81415764271149,G/N,Lost Child,43,3
2023-01-23 13:41:00,13,0,1,19.26299939237724,72.88696298942101,C,Lost Child,74,5
2023-10-30 06:30:00,6,0,10,19.089474674002982,72.93188888924422,A,Child Labour,52,4
2023-02-23 00:50:00,0,3,2,18.972259207032483,72.99170731656768,P/S,Abuse,92,2
2023-06-18 19:37:00,19,6,6,19.13849261490211,72.91652464226706,G/N,Abuse,87,1
2023-02-03 09:44:00,9,4,2,19.227333812307215,72.94108326051683,R/N,Child Labour,93,3
2023-08-18 02:23:00,2,4,8,19.176184950702563,72.84918103144965,T,Abuse,64,2
2023-04-03 00:25:00,0,0,4,19.116786804283702,72.8778915980443,P/N,Runaway,37,5
2023-04-25 09:38:00,9,1,4,18.92119541723994,72.87795747349826,P/S,Trafficking,71,5
2023-06-10 05:13:00,5,5,6,19.135963474279418,72.83052744781155,G/N,Runaway,75,1
2023-11-08 02:14:00,2,2,11,19.244335723683033,72.9529087359446,R/N,Lost Child,54,3
2023-02-25 13:27:00,13,5,2,18.99489230565512,72.88383992608308,K/W,Child Labour,37,4
2023-01-06 06:26:00,6,4,1,19.05232146484787,72.81303215226528,F/S,Trafficking,33,2
2023-07-18 05:51:00,5,1,7,18.917695056633228,72.84936306977225,B,Abuse,37,2
2023-10-15 22:16:00,22,6,10,19.236664855926644,72.8095564422997,P/S,Begging,49,5
2023-10-11 02:18:00,2,2,10,19.07615873299898,72.98858898298944,A,Child Labour,50,3
2023-07-30 02:30:00,2,6,7,19.00567472100263,72.82367557728324,P/S,Runaway,84,5
2023-09-09 16:27:00,16,5,9,19.1279610632014,72.83631946722394,P/N,Lost Child,41,4
2023-08-22 07:40:00,7,1,8,18.917499222427825,72.89919437896236,F/N,Abuse,74,2
2023-02-23 06:39:00,6,3,2,19.071353344987838,72.81047632648969,B,Child Labour,40,4
2023-04-22 09:50:00,9,5,4,19.04172584212862,72.92172462670266,M/W,Trafficking,75,2
2023-11-03 23:32:00,23,4,11,18.934549080927066,72.83504614797037,L,Child Labour,53,4
2023-09-30 18:48:00,18,5,9,19.03347082926566,72.88024492952631,R/S,Begging,69,4
2023-03-24 23:15:00,23,4,3,19.109594200920206,72.91725471123483,K/W,Lost Child,47,3
2023-12-28 21:16:00,21,3,12,19.249593061246884,72.987966969309,P/S,Abuse,74,1
2023-05-04 02:46:00,2,3,5,19.027764801354895,72.93407300119277,H/E,Abuse,91,2
2023-02-24 03:06:00,3,4,2,19.065805808257668,72.97440700244867,R/C,Runaway,61,5
2023-01-30 06:00:00,6,0,1,19.109905359054615,72.94006181685761,F/N,Runaway,73,4
2023-03-04 18:13:00,18,5,3,19.068763267312207,72.81771268244982,R/C,Trafficking,83,1
2023-10-05 15:13:00,15,3,10,18.908572802662956,72.86174229893055,B,Trafficking,60,2
2023-10-27 15:32:00,15,4,10,19.25321253818753,72.9260175556008,P/S,Child Labour,73,4
2023-05-06 02:48:00,2,5,5,18.978222839221942,72.96852032445533,L,Abuse,31,1
2023-04-11 19:07:00,19,1,4,19.088878462660233,72.94857787297454,K/W,Trafficking,57,2
2023-11-15 08:06:00,8,2,11,18.94407053670241,72.81935282970656,G/N,Child Labour,89,2
2023-07-03 05:57:00,5,0,7,19.15473845264178,72.8992223297325,G/N,Abuse,89,1
2023-06-20 06:03:00,6,1,6,18.971496595609846,72.93027633870756,M/W,Begging,80,3
2023-02-08 12:59:00,12,2,2,19.199135925303178,72.83471346815433,P/S,Abuse,57,2
2023-04-23 14:44:00,14,6,4,19.255768907941476,72.98081878544896,H/E,Begging,30,3
2023-11-29 12:13:00,12,2,11,19.243287869273143,72.90974022095052,T,Abuse,50,1
2023-07-18 07:01:00,7,1,7,18.941163883624075,72.94299085855923,B,Runaway,52,3
2023-11-10 09:55:00,9,4,11,19.135706933105123,72.98532679116472,D,Begging,50,5
2023-11-23 04:00:00,4,3,11,19.233086730063953,72.8791717050465,H/E,Begging,39,4
2023-09-03 23:48:00,23,6,9,18.96339454156529,72.985156184064,B,Lost Child,40,4
2023-06-08 03:57:00,3,3,6,19.289651074353035,72.8137430853682,G/N,Abuse,71,2
2023-03-10 19:39:00,19,4,3,19.173351151378526,72.97328477071144,M/E,Abuse,56,5
2023-07-13 23:04:00,23,3,7,19.199044724806704,72.96040606613886,K/E,Begging,99,4
2023-11-12 01:29:00,1,6,11,19.294847626804355,72.87580861569378,N,Lost Child,62,4
2023-05-19 03:11:00,3,4,5,19.171663692180783,72.81526763317089,K/W,Lost Child,75,3
2023-07-16 13:33:00,13,6,7,18.923852924241714,72.94937392521317,M/W,Begging,70,5
2023-09-19 12:55:00,12,1,9,18.931573674907153,72.9614826075642,K/E,Begging,80,5
2023-08-21 02:27:00,2,0,8,18.977511462255997,72.86783684949823,F/S,Begging,84,5
2023-12-15 15:08:00,15,4,12,19.00113786094816,72.93334048578862,R/C,Child Labour,67,3
2023-07-19 15:10:00,15,2,7,19.167751182729994,72.93291856097802,B,Trafficking,67,2
2023-05-01 06:25:00,6,0,5,19.220041313274265,72.91905438764263,K/E,Lost Child,47,3
2023-03-18 11:41:00,11,5,3,18.965490138993772,72.8198325649272,G/N,Lost Child,87,5
2023-09-22 19:43:00,19,4,9,19.2752104511674,72.96274142936508,P/N,Lost Child,94,4
2023-09-18 14:23:00,14,0,9,19.224211978424297,72.84903577620636,K/E,Child Labour,79,4
2023-07-31 09:50:00,9,0,7,19.27137668228152,72.81365362306366,K/E,Trafficking,88,2
2023-03-08 04:37:00,4,2,3,18.957169656204407,72.9081640156426,S,Begging,57,4
2023-06-02 19:49:00,19,4,6,19.27165736174446,72.8779890543475,S,Abuse,70,1
2023-07-08 19:56:00,19,5,7,19.12779112846019,72.98113676263817,R/C,Runaway,63,3
2023-09-30 18:43:00,18,5,9,18.940666872452567,72.84940510064979,F/S,Begging,81,1
2023-02-21 20:14:00,20,1,2,19.087681952206186,72.96134064124234,E,Runaway,65,3
2023-08-04 03:24:00,3,4,8,19.045973205856317,72.84690677722263,E,Trafficking,77,2
2023-07-01 09:44:00,9,5,7,18.943415338158896,72.88827659153883,M/E,Child Labour,48,4
2023-09-02 19:41:00,19,5,9,18.924246541338906,72.99303930255986,C,Begging,37,3
2023-09-16 00:27:00,0,5,9,19.24059121731181,72.83229306033464,P/S,Child Labour,82,4
2023-05-06 19:27:00,19,5,5,19.19513415008854,72.8569563779543,C,Begging,42,4
2023-05-22 17:59:00,17,0,5,19.002497227900744,72.9512324440193,M/E,Abuse,31,2
2023-07-19 18:03:00,18,2,7,19.185500072257295,72.86714189790737,F/N,Abuse,33,2
2023-05-15 05:59:00,5,0,5,19.245286902945157,72.93332251211692,N,Runaway,58,2
2023-12-13 02:03:00,2,2,12,19.118826487805883,72.94166470599208,H/E,Begging,94,4
2023-11-26 06:36:00,6,6,11,19.21679265545716,72.88546754876543,F/N,Runaway,58,4
2023-04-30 19:49:00,19,6,4,19.110570334930454,72.85450737458181,N,Lost Child,84,5
2023-07-23 23:53:00,23,6,7,19.184056995789636,72.8058577441811,A,Runaway,35,3
2023-04-25 14:39:00,14,1,4,18.965840403897037,72.82757929978466,R/C,Lost Child,37,4
2023-03-19 13:25:00,13,6,3,19.000396717622273,72.84482637336593,M/E,Runaway,45,4
2023-10-08 21:07:00,21,6,10,19.10263314522466,72.86978303788722,P/N,Child Labour,59,2
2023-02-17 03:01:00,3,4,2,19.20822615191243,72.80565082005609,T,Child Labour,79,4
2023-10-30 10:45:00,10,0,10,18.930946239808296,72.84016941524439,M/W,Trafficking,80,1
2023-10-12 23:45:00,23,3,10,19.1393913563409,72.81323701145419,H/E,Lost Child,43,4
2023-08-13 18:40:00,18,6,8,19.115468775325155,72.99621384408056,K/W,Runaway,40,4
2023-09-18 05:38:00,5,0,9,19.046125598209194,72.98306744766188,F/S,Abuse,99,2
2023-03-11 03:22:00,3,5,3,19.004522007975403,72.98232267948933,R/S,Lost Child,56,5
2023-12-22 05:11:00,5,4,12,18.97395861651421,72.92099953384775,G/N,Runaway,50,5
2023-01-11 23:50:00,23,2,1,19.291227219776406,72.82230140822574,A,Abuse,75,2
2023-09-08 02:56:00,2,4,9,19.264010602566486,72.90845293284426,H/E,Runaway,36,4
2023-06-28 04:23:00,4,2,6,19.288089321621346,72.93405405615768,E,Runaway,32,5
2023-05-17 03:30:00,3,2,5,18.921577588073966,72.87731242599814,M/E,Begging,74,4
2023-04-05 13:54:00,13,2,4,19.21131691308769,72.93817910998575,D,Child Labour,51,2
2023-12-25 22:37:00,22,0,12,19.193281379280283,72.8403623817443,P/S,Abuse,45,1
2023-06-11 08:41:00,8,6,6,19.077098124835654,72.96026067908464,G/N,Begging,54,3
2023-09-25 09:33:00,9,0,9,19.282939103781505,72.98811680124543,P/S,Trafficking,30,2
2023-02-17 09:12:00,9,4,2,19.091857618526085,72.90879713183912,L,Abuse,65,2
2023-07-19 06:57:00,6,2,7,19.140155686022112,72.86391360258682,D,Runaway,71,5
2023-01-04 08:58:00,8,2,1,18.994169567634845,72.90358974465434,P/N,Lost Child,60,5
2023-09-14 18:47:00,18,3,9,18.94576664060194,72.99288941858704,G/S,Runaway,84,3
2023-04-07 10:59:00,10,4,4,19.01491845393659,72.84270802817882,K/W,Abuse,70,2
2023-02-18 16:10:00,16,5,2,18.9630772643513,72.91960005019182,F/N,Begging,54,4
2023-08-01 16:29:00,16,1,8,19.291553372272976,72.90848601634569,K/W,Child Labour,51,2
2023-11-03 15:56:00,15,4,11,19.144669592942815,72.87227040556967,G/N,Lost Child,89,3
2023-07-20 05:37:00,5,3,7,18.997208994518093,72.98435622615794,K/E,Abuse,75,2
2023-08-03 14:14:00,14,3,8,19.28016960914562,72.99043983642245,G/N,Trafficking,83,1
2023-10-14 11:13:00,11,5,10,19.058767098504156,72.84498036153356,R/C,Child Labour,57,3
2023-07-23 06:05:00,6,6,7,19.288580322154285,72.86016790440371,T,Trafficking,54,1
2023-06-20 12:13:00,12,1,6,19.081667221571355,72.94443770644692,C,Runaway,91,4
2023-03-04 15:52:00,15,5,3,18.99123966954464,72.9468531395022,H/W,Begging,34,5
2023-02-09 21:28:00,21,3,2,19.049664191252642,72.9371911439186,R/N,Lost Child,91,4
2023-11-14 12:57:00,12,1,11,19.096239585237402,72.8877467140788,P/S,Lost Child,64,4
2023-01-10 07:23:00,7,1,1,18.910084602588498,72.84090225111214,M/E,Runaway,91,3
2023-11-06 21:00:00,21,0,11,18.915122079585576,72.8391129536325,L,Runaway,74,3
2023-08-08 11:07:00,11,1,8,19.2604613193535,72.88089275830893,K/E,Child Labour,92,1
2023-03-13 03:04:00,3,0,3,19.058475760595744,72.9730299762709,H/E,Trafficking,85,2
2023-06-26 14:57:00,14,0,6,19.231036056911282,72.82554138333705,P/S,Lost Child,66,4
2023-01-26 07:55:00,7,3,1,19.069718361035058,72.91037719081913,R/C,Trafficking,45,2
2023-04-23 00:49:00,0,6,4,19.006123035255467,72.94043553264741,R/C,Abuse,34,1
2023-08-17 03:50:00,3,3,8,19.12803799244872,72.97795203192986,T,Trafficking,82,2
2023-02-14 06:18:00,6,1,2,19.25934568568845,72.90590363980812,R/S,Lost Child,99,5
2023-10-12 13:35:00,13,3,10,19.18508780653165,72.99818638794105,H/W,Begging,71,4
2023-03-11 13:12:00,13,5,3,19.237819776106782,72.98116104563158,H/E,Runaway,49,4
2023-08-09 06:58:00,6,2,8,18.913860774150514,72.93106742832568,R/N,Lost Child,46,5
2023-02-26 01:00:00,1,6,2,18.974575189673423,72.88045520788653,R/C,Trafficking,62,1
2023-12-12 12:41:00,12,1,12,19.2204562818354,72.84366397970955,R/S,Abuse,69,2
2023-01-03 23:44:00,23,1,1,19.29795943852259,72.80320466318742,F/N,Trafficking,40,4
2023-08-27 09:14:00,9,6,8,19.202046610906216,72.87691963110517,F/S,Begging,43,3
2023-06-22 15:49:00,15,3,6,18.94828626047202,72.88808716083486,F/S,Child Labour,51,4
2023-02-06 01:53:00,1,0,2,19.030147163373623,72.9508591377053,S,Lost Child,56,4
2023-05-05 19:48:00,19,4,5,19.04073519312074,72.82386698353207,M/E,Abuse,58,2
2023-07-26 22:05:00,22,2,7,18.983971993950405,72.93871778540252,K/E,Trafficking,52,1
2023-04-21 23:28:00,23,4,4,19.018767812214115,72.88567910027355,K/W,Abuse,99,2
2023-06-13 10:43:00,10,1,6,18.914810045759882,72.94297228574763,F/S,Lost Child,39,4
2023-03-01 02:26:00,2,2,3,19.07261114736045,72.85829582506224,R/C,Child Labour,82,2
2023-07-07 13:49:00,13,4,7,19.191953196361887,72.8694244075803,F/N,Begging,52,5
2023-09-25 06:39:00,6,0,9,19.068403107571207,72.9359809606976,P/S,Runaway,90,4
2023-09-02 19:33:00,19,5,9,19.27918740230632,72.91454373340565,A,Abuse,31,1
2023-05-12 07:33:00,7,4,5,19.022007030452098,72.98867816531877,M/W,Begging,37,3
2023-12-12 17:18:00,17,1,12,19.253123888932784,72.86440820382175,M/E,Runaway,95,3
2023-12-02 11:31:00,11,5,12,19.089119421181472,72.93727657078615,H/E,Abuse,38,2
2023-11-10 16:05:00,16,4,11,19.055309606694095,72.92633308661085,P/S,Runaway,49,3
2023-07-29 16:46:00,16,5,7,19.178992674034,72.81922927497551,S,Runaway,44,5
2023-11-04 08:03:00,8,5,11,18.966673306818336,72.88315173229726,M/E,Child Labour,32,4
2023-07-21 20:43:00,20,4,7,19.155932154824143,72.91985975768245,L,Begging,56,4
2023-10-29 04:01:00,4,6,10,18.997078641548164,72.95538566366935,M/W,Lost Child,40,5
2023-12-30 03:04:00,3,5,12,19.295985751908187,72.997566533879,G/N,Lost Child,97,3
2023-07-09 08:13:00,8,6,7,18.96262708856637,72.98712097315033,T,Abuse,50,2
2023-02-10 07:33:00,7,4,2,19.150661623667755,72.96537997119894,R/N,Begging,93,2
2023-05-05 08:59:00,8,4,5,18.976986034439623,72.85411632532598,E,Lost Child,90,5
2023-06-22 19:49:00,19,3,6,19.118147955852535,72.96639530474752,R/C,Runaway,66,5
2023-03-23 22:37:00,22,3,3,19.241775130194938,72.84469159442699,P/N,Trafficking,40,5
2023-03-16 17:17:00,17,3,3,18.927291698774265,72.97219785450253,T,Begging,69,2
2023-05-01 06:04:00,6,0,5,19.28859853373411,72.96516842267377,L,Child Labour,40,3
2023-06-05 00:40:00,0,0,6,19.264842258582362,72.91676948015989,F/S,Abuse,35,2
2023-11-29 22:17:00,22,2,11,19.016271830509364,72.90245729041625,M/E,Trafficking,43,2
2023-07-21 06:43:00,6,4,7,19.208944777039477,72.8699348477953,C,Abuse,63,1
2023-01-26 03:02:00,3,3,1,19.128036575542385,72.91265455205645,K/W,Child Labour,46,3
2023-11-21 13:32:00,13,1,11,19.239175327421496,72.98082053913839,P/N,Runaway,66,5
2023-06-03 14:21:00,14,5,6,18.921204416949237,72.96445538382378,F/S,Begging,75,3
2023-02-19 14:11:00,14,6,2,18.915978332024228,72.83600212525783,G/N,Runaway,63,4
2023-09-19 02:32:00,2,1,9,19.17291275202172,72.94697799435697,N,Runaway,38,3
2023-09-15 04:22:00,4,4,9,19.044248156149305,72.84363214931813,C,Abuse,32,1
2023-08-04 17:24:00,17,4,8,19.07765242022723,72.94717421082808,P/S,Child Labour,74,3
2023-11-21 20:29:00,20,1,11,19.18608903609229,72.97689765325664,P/S,Child Labour,54,2
2023-12-01 22:29:00,22,4,12,19.210693847395987,72.9296877504032,B,Lost Child,45,3
2023-01-31 09:39:00,9,1,1,18.989358770472577,72.88420497932454,E,Abuse,68,2
2023-04-16 22:18:00,22,6,4,18.91846096845085,72.82490768395375,N,Lost Child,70,4
2023-08-04 11:21:00,11,4,8,19.019190979859005,72.89451146321565,F/N,Lost Child,43,5
2023-08-01 10:40:00,10,1,8,19.014256450524734,72.89698638682992,N,Child Labour,30,4
2023-08-22 05:48:00,5,1,8,19.17056114340838,72.82041523599214,P/N,Runaway,43,4
2023-01-12 06:19:00,6,3,1,19.260861201400697,72.97924212987196,F/N,Abuse,32,2
2023-03-07 20:48:00,20,1,3,19.279149522000857,72.99863294927795,T,Abuse,58,2
2023-11-09 18:11:00,18,3,11,18.933697992252497,72.92331315621999,S,Abuse,53,4
2023-10-29 04:03:00,4,6,10,18.92499227823683,72.84042058098149,K/W,Trafficking,78,1
2023-12-12 13:24:00,13,1,12,18.99951024994076,72.91513582763692,C,Runaway,99,3
2023-03-17 11:16:00,11,4,3,19.267439378552805,72.95251025217209,G/N,Lost Child,95,4
2023-12-21 19:54:00,19,3,12,19.063560037815076,72.99422282798311,M/W,Trafficking,37,2
2023-12-19 08:02:00,8,1,12,18.926312605450576,72.90395640534857,L,Child Labour,43,3
2023-11-09 17:09:00,17,3,11,19.16604959224071,72.91770667355101,P/N,Lost Child,43,3
2023-09-12 02:44:00,2,1,9,19.021518560692837,72.84869933684327,M/W,Lost Child,48,4
2023-07-14 17:04:00,17,4,7,19.19497617571942,72.86988125375653,M/E,Runaway,49,3
2023-01-11 01:14:00,1,2,1,19.139134162800516,72.80610138612106,P/N,Lost Child,59,5
2023-03-29 16:02:00,16,2,3,19.02344091975156,72.86154040052607,K/E,Trafficking,70,2
2023-03-24 11:14:00,11,4,3,19.010676533747677,72.98413896715451,M/E,Child Labour,95,2
2023-05-19 00:30:00,0,4,5,19.032242188591272,72.93590907158027,H/W,Trafficking,57,2
2023-06-15 03:49:00,3,3,6,18.972004759520495,72.88111791975227,C,Abuse,92,1
2023-08-10 21:37:00,21,3,8,19.028096584201553,72.8685109426286,E,Trafficking,82,1
2023-02-19 21:12:00,21,6,2,19.225696357908934,72.9309034150296,P/N,Abuse,32,1
2023-06-25 02:23:00,2,6,6,18.922086867948398,72.88795185251242,R/N,Lost Child,88,5
2023-02-03 10:23:00,10,4,2,18.95985163631761,72.84096292999577,F/N,Child Labour,64,4
2023-10-26 23:51:00,23,3,10,19.221163275365484,72.93111804070334,M/W,Runaway,33,3
2023-04-25 13:46:00,13,1,4,18.90279590610477,72.94023394344244,H/E,Trafficking,67,2
2023-09-20 06:14:00,6,2,9,19.188698920202633,72.95034054325946,A,Lost Child,98,4
2023-05-01 01:32:00,1,0,5,19.0267482919182,72.94124504774041,C,Lost Child,96,5
2023-04-04 18:03:00,18,1,4,19.29204899324888,72.94596443128422,K/E,Trafficking,60,1
2023-02-16 20:49:00,20,3,2,19.10163342095134,72.81187051536635,L,Trafficking,48,2
2023-06-22 19:05:00,19,3,6,19.055716986388546,72.85078242999269,F/N,Runaway,99,3
2023-04-29 15:31:00,15,5,4,19.28767055052001,72.82131549590089,P/N,Lost Child,68,5
2023-12-04 14:37:00,14,0,12,19.162510801141128,72.96316466828436,G/N,Abuse,65,1
2023-01-01 18:26:00,18,6,1,18.906327503466475,72.84983605686402,R/N,Begging,72,4
2023-02-20 05:40:00,5,0,2,19.275078289566355,72.89666507053086,M/W,Runaway,35,4
2023-05-25 00:30:00,0,3,5,19.092611501860837,72.978799795214,R/C,Lost Child,67,4
2023-11-19 17:38:00,17,6,11,19.2464892502413,72.91160363049173,B,Abuse,64,2
2023-06-23 16:38:00,16,4,6,19.28492833899386,72.91429829700576,R/C,Trafficking,44,1
2023-08-15 17:43:00,17,1,8,19.07027553873606,72.82027067465616,R/S,Child Labour,59,3
2023-12-31 06:28:00,6,6,12,19.28303121697329,72.97167708185792,L,Trafficking,64,2
2023-04-30 10:02:00,10,6,4,19.172452495738458,72.81357955954151,B,Trafficking,37,1
2023-06-26 19:01:00,19,0,6,19.190350548285906,72.87608270241495,E,Trafficking,51,2
2023-09-26 04:48:00,4,1,9,19.232910114826833,72.87296240387991,F/N,Child Labour,41,2
2023-08-07 13:59:00,13,0,8,19.140123084963292,72.95164543949002,H/E,Child Labour,94,3
2023-04-28 07:37:00,7,4,4,18.960906349356048,72.87373551823765,H/E,Runaway,84,5
2023-07-22 19:46:00,19,5,7,19.06093785443139,72.80079471035368,H/E,Abuse,71,1
2023-02-22 12:44:00,12,2,2,19.107254281143412,72.89032823506055,F/N,Runaway,57,3
2023-10-30 00:15:00,0,0,10,19.039137021587017,72.85253299334364,B,Begging,76,4
2023-12-26 21:34:00,21,1,12,19.215631191299835,72.9683251031866,A,Runaway,54,5
2023-09-04 05:08:00,5,0,9,18.900263435264876,72.99252706329702,F/S,Lost Child,96,3
2023-11-14 02:09:00,2,1,11,18.959705031636204,72.96078978887826,R/C,Runaway,86,3
2023-10-13 23:14:00,23,4,10,19.091560931821654,72.99730701116033,B,Abuse,66,2
2023-10-12 22:47:00,22,3,10,19.126016666055158,72.94277976994302,T,Child Labour,30,2
2023-03-09 09:39:00,9,3,3,19.252219526350146,72.93205179499157,R/S,Child Labour,91,3
2023-01-17 03:40:00,3,1,1,19.166688694853917,72.98988364377729,F/S,Abuse,74,1
2023-04-03 19:51:00,19,0,4,19.2657400391548,72.87856951430133,N,Child Labour,45,3
2023-09-25 01:43:00,1,0,9,19.23800340436685,72.87104334488764,G/N,Abuse,43,2
2023-10-15 09:20:00,9,6,10,19.093405260989844,72.92499546032037,E,Runaway,47,3
2023-07-18 19:44:00,19,1,7,18.981961015791768,72.92780521837709,K/W,Begging,41,3
2023-02-25 14:21:00,14,5,2,19.072728816515383,72.9895596995117,K/E,Lost Child,36,3
2023-06-27 17:27:00,17,1,6,18.96693480201256,72.8445993190289,A,Lost Child,55,3
2023-03-16 22:59:00,22,3,3,18.943255383737565,72.88038506335941,F/N,Abuse,72,1
2023-09-21 17:05:00,17,3,9,19.094237121131375,72.9602188583926,S,Abuse,44,2
2023-10-24 09:50:00,9,1,10,19.044298789610252,72.94536080173629,E,Child Labour,84,3
2023-06-23 09:34:00,9,4,6,19.183265030142707,72.86640754154696,G/S,Runaway,66,4
2023-02-24 08:42:00,8,4,2,19.216456028395733,72.9445122818501,P/S,Lost Child,50,2
2023-11-25 05:55:00,5,5,11,19.25287774098181,72.98692533370956,R/S,Runaway,48,4
2023-06-20 09:23:00,9,1,6,19.014196475171634,72.8435008112909,P/S,Child Labour,82,3
2023-12-26 06:17:00,6,1,12,19.09007106822935,72.99085807141637,L,Child Labour,37,3
2023-10-31 17:29:00,17,1,10,18.932528444447946,72.88896700562357,N,Runaway,34,5
2023-03-20 19:27:00,19,0,3,18.974463823628827,72.82052561968518,G/N,Runaway,91,4
2023-04-03 20:06:00,20,0,4,19.25740772149649,72.88976693467147,R/N,Trafficking,30,2
2023-03-25 18:23:00,18,5,3,19.115825271084045,72.95141209556458,C,Child Labour,80,4
2023-11-26 00:34:00,0,6,11,19.23330407297702,72.92447712483354,M/W,Lost Child,51,5
2023-06-24 07:39:00,7,5,6,19.292261397499125,72.83349003115674,R/N,Begging,65,3
2023-05-20 19:22:00,19,5,5,18.900794211978496,72.89966589060079,H/E,Begging,93,5
2023-04-25 21:02:00,21,1,4,19.254075198569915,72.97398690751403,B,Begging,75,3
2023-03-08 02:39:00,2,2,3,19.159803904607045,72.98146171906133,H/E,Child Labour,35,3
2023-11-22 01:51:00,1,2,11,18.91011320703827,72.81317147014468,M/W,Lost Child,37,5
2023-04-11 22:42:00,22,1,4,19.11395203403158,72.93616947605132,R/N,Trafficking,55,2
2023-08-26 10:13:00,10,5,8,19.249467987459656,72.95594905293991,C,Child Labour,79,4
2023-04-05 16:42:00,16,2,4,19.24313099514148,72.95422551079234,M/E,Trafficking,92,1
2023-02-16 10:10:00,10,3,2,18.935346240562648,72.8063374601772,A,Child Labour,70,2
2023-03-15 06:15:00,6,2,3,19.114066389522353,72.80526620324343,G/N,Runaway,96,5
2023-06-15 10:07:00,10,3,6,18.957356398946743,72.80355784154652,K/W,Abuse,38,2
2023-09-17 18:39:00,18,6,9,19.000126036351034,72.91719229552106,S,Child Labour,41,4
2023-02-24 02:53:00,2,4,2,19.12517556084374,72.95304145683235,N,Abuse,43,2
2023-06-29 23:31:00,23,3,6,19.00716600665475,72.93166934926028,K/W,Child Labour,87,4
2023-09-15 18:46:00,18,4,9,19.090992519393527,72.85103696476617,H/W,Abuse,31,1
2023-09-20 23:47:00,23,2,9,18.978921473523776,72.98641642049105,R/C,Abuse,73,2
2023-10-07 12:06:00,12,5,10,19.23813328567955,72.95810509944438,C,Trafficking,68,1
2023-04-14 08:56:00,8,4,4,19.11318186213177,72.91119507930178,A,Trafficking,61,2
2023-02-19 00:05:00,0,6,2,18.946062034439024,72.8996166074875,R/N,Child Labour,43,3
2023-09-04 13:26:00,13,0,9,19.143472896946328,72.92291849926531,K/E,Runaway,73,3
2023-01-17 14:47:00,14,1,1,18.92013671762554,72.80487368059303,A,Begging,54,3
2023-01-17 11:44:00,11,1,1,19.215917120367063,72.92127877329905,F/S,Trafficking,63,2
2023-05-09 23:51:00,23,1,5,19.06249766751811,72.84873222864644,D,Abuse,56,2
2023-12-05 04:45:00,4,1,12,19.145860146814428,72.8003521445724,F/N,Begging,64,2
2023-03-03 06:18:00,6,4,3,19.286051473158828,72.82635115447322,D,Trafficking,39,2
2023-05-29 01:24:00,1,0,5,19.178278117615154,72.93312501341052,M/E,Runaway,78,3
2023-04-07 18:25:00,18,4,4,19.133057362227184,72.88194054417527,E,Trafficking,48,2
2023-08-03 13:03:00,13,3,8,19.18944940334045,72.92237279251644,F/N,Runaway,70,5
2023-07-22 11:29:00,11,5,7,19.013590506123347,72.86271878157433,T,Abuse,76,1
2023-12-06 02:13:00,2,2,12,19.12250418172697,72.88133419641147,D,Lost Child,63,5
2023-09-12 00:01:00,0,1,9,19.14603662924439,72.94649800457749,H/E,Runaway,30,3
2023-07-13 10:30:00,10,3,7,19.085425398032363,72.85892494133871,G/N,Trafficking,91,1
2023-07-10 17:05:00,17,0,7,19.055540276309614,72.84634715489287,L,Runaway,80,5
2023-08-08 01:19:00,1,1,8,19.196901075011503,72.9919228534032,M/W,Child Labour,42,3
2023-02-21 08:08:00,8,1,2,19.137870574986316,72.87692548553191,L,Trafficking,84,2
2023-06-21 00:29:00,0,2,6,19.29767066812918,72.94819036548533,D,Abuse,83,1
2023-04-18 18:36:00,18,1,4,18.911226807444322,72.84583763051711,E,Runaway,91,4
2023-02-06 14:48:00,14,0,2,19.22778422663906,72.99121001450212,K/W,Child Labour,86,2
2023-08-28 13:15:00,13,0,8,19.125985607710895,72.99571843921129,E,Begging,50,4
2023-05-18 18:30:00,18,3,5,18.937380359832765,72.94949752906393,C,Abuse,62,2
2023-03-10 23:52:00,23,4,3,19.27101052501854,72.87714310692944,L,Child Labour,64,3
2023-01-27 09:05:00,9,4,1,18.940287510971675,72.88311800037911,P/S,Lost Child,41,5
2023-08-05 15:06:00,15,5,8,19.175965652066004,72.90568995837059,M/W,Runaway,38,3
2023-10-18 21:23:00,21,2,10,19.14098443528533,72.85245185026042,R/S,Begging,32,5
2023-08-17 16:51:00,16,3,8,18.95817439449821,72.83880836927041,M/W,Begging,99,3
2023-03-10 22:53:00,22,4,3,19.280076518086133,72.83002807719527,E,Child Labour,66,3
2023-06-28 12:21:00,12,2,6,19.28813121473427,72.86521495174581,P/S,Runaway,41,3
2023-01-02 10:31:00,10,0,1,19.23730617529436,72.84932887063356,D,Trafficking,81,2
2023-11-09 12:37:00,12,3,11,19.172802226983563,72.87293577839831,G/S,Trafficking,98,2
2023-08-18 05:57:00,5,4,8,19.2620092387593,72.99159490847168,R/N,Runaway,58,5
2023-05-12 13:55:00,13,4,5,18.901611850325704,72.86923566223123,C,Child Labour,46,5
2023-12-07 13:33:00,13,3,12,19.166052403644013,72.95051317593494,A,Begging,84,4
2023-09-28 04:28:00,4,3,9,19.04394802691064,72.83692105779022,H/E,Runaway,30,5
2023-01-20 10:01:00,10,4,1,19.16738241663905,72.90699344002121,E,Lost Child,43,4
2023-08-18 18:22:00,18,4,8,19.086486820536383,72.8761163215354,H/E,Runaway,87,4
2023-08-12 19:04:00,19,5,8,18.947775454077178,72.93602244179468,K/E,Runaway,53,4
2023-09-07 16:18:00,16,3,9,19.054529328566115,72.93854645400286,A,Child Labour,53,3
2023-11-14 21:11:00,21,1,11,19.052785508614516,72.90353845790989,R/N,Trafficking,65,1
2023-12-28 18:15:00,18,3,12,19.275351101873195,72.99013245088106,G/N,Abuse,77,1
2023-12-30 21:15:00,21,5,12,18.998273210830057,72.96032625156887,T,Trafficking,58,2
2023-07-08 03:12:00,3,5,7,19.176507339762665,72.87792960742811,A,Abuse,51,1
2023-01-05 05:19:00,5,3,1,19.272366825310474,72.9654582227045,P/N,Trafficking,95,1
2023-03-27 15:25:00,15,0,3,19.201390692113495,72.99468887091138,K/W,Child Labour,86,3
2023-03-06 13:58:00,13,0,3,19.160382702929972,72.86157315694734,S,Trafficking,93,1
2023-03-24 01:14:00,1,4,3,19.134297976621127,72.89113901937343,K/W,Abuse,85,1
2023-06-08 03:37:00,3,3,6,19.229236767985796,72.99580463155216,M/E,Lost Child,82,5
2023-08-14 01:33:00,1,0,8,19.038929664043668,72.97035598217772,K/E,Abuse,74,2
2023-10-22 02:23:00,2,6,10,19.095693895600743,72.96390213136092,L,Begging,54,5
2023-03-09 23:27:00,23,3,3,19.191584737348556,72.8901419187962,M/E,Child Labour,88,2
2023-01-14 06:25:00,6,5,1,19.23170323996618,72.98663001676707,R/N,Runaway,48,4
2023-09-23 01:19:00,1,5,9,19.150408396284803,72.89603278294348,F/N,Abuse,80,1
2023-05-15 23:33:00,23,0,5,19.00638282603681,72.99847151332787,G/N,Child Labour,59,4
2023-01-18 19:39:00,19,2,1,18.915162020298553,72.99273128816034,H/W,Trafficking,84,1
2023-06-14 14:50:00,14,2,6,19.165677727095623,72.99354187824449,G/N,Begging,58,5
2023-10-13 21:59:00,21,4,10,18.90079379976184,72.95375928207076,R/S,Child Labour,88,3
2023-11-26 13:27:00,13,6,11,19.07125731396548,72.83843862963948,P/N,Lost Child,58,5
2023-05-24 18:40:00,18,2,5,19.200746291102,72.88332183381274,E,Child Labour,36,3
2023-03-15 01:35:00,1,2,3,19.273052415508424,72.98521426735128,T,Begging,75,5
2023-07-15 00:53:00,0,5,7,19.065756708126795,72.88534083241899,H/E,Child Labour,84,3
2023-08-03 19:07:00,19,3,8,18.943334009762545,72.99060391817501,N,Abuse,91,1
2023-02-19 20:00:00,20,6,2,19.04864763655562,72.85076672371228,R/N,Runaway,71,3
2023-05-11 16:43:00,16,3,5,19.105607522990585,72.89632998343453,P/S,Trafficking,78,2
2023-03-17 11:11:00,11,4,3,19.142524550941065,72.88361863074786,B,Abuse,77,2
2023-04-16 00:04:00,0,6,4,19.138078587910297,72.89756953234107,G/S,Runaway,52,2
2023-06-20 11:01:00,11,1,6,19.08550660184361,72.99860298863678,N,Begging,64,5
2023-01-09 02:24:00,2,0,1,19.118076685524578,72.92227420631318,M/W,Lost Child,82,4
2023-04-30 18:58:00,18,6,4,19.01258587480151,72.80126648983418,K/E,Begging,69,5
2023-11-11 08:10:00,8,5,11,18.92060081496744,72.99214323131329,B,Runaway,87,5
2023-04-20 07:38:00,7,3,4,19.033899309438475,72.90003046727037,M/W,Abuse,57,2
2023-07-09 04:26:00,4,6,7,19.275007658123897,72.97891507785705,K/W,Abuse,91,2
2023-10-09 07:30:00,7,0,10,18.967237789945347,72.9575067355344,F/N,Trafficking,87,1
2023-02-15 03:29:00,3,2,2,19.270682344931874,72.91332942361797,R/N,Child Labour,90,4
2023-10-09 05:33:00,5,0,10,19.09963103996892,72.9169541807946,L,Lost Child,46,3
2023-11-02 08:31:00,8,3,11,19.003852751183658,72.82642607736871,L,Abuse,96,2
2023-07-18 22:31:00,22,1,7,19.040980621378313,72.877778037366,M/W,Begging,68,4
2023-01-14 18:50:00,18,5,1,19.248720224376065,72.97195801248648,F/N,Trafficking,49,1
2023-03-06 16:30:00,16,0,3,19.019690096180916,72.83173717379647,H/W,Begging,56,1
2023-05-25 07:18:00,7,3,5,19.003220643353835,72.81812669818127,R/N,Abuse,67,1
2023-02-22 13:59:00,13,2,2,19.125180429585594,72.98444265080268,B,Abuse,46,1
2023-12-11 10:17:00,10,0,12,19.12086785801313,72.90358807416496,A,Runaway,64,3
2023-02-03 11:18:00,11,4,2,19.278318247039333,72.98121514604553,G/N,Trafficking,86,2
2023-07-01 21:44:00,21,5,7,19.00493999754702,72.92142393252401,S,Begging,90,5
2023-02-11 00:59:00,0,5,2,19.112052469864903,72.80105816583627,M/W,Trafficking,81,1
2023-05-12 08:49:00,8,4,5,19.170662278383908,72.98877203536244,N,Trafficking,84,2
2023-11-11 16:58:00,16,5,11,19.03016892645056,72.83774253370014,K/E,Runaway,60,3
2023-09-02 05:24:00,5,5,9,19.261036688901044,72.98535993411167,P/N,Child Labour,48,3
2023-05-15 20:00:00,20,0,5,19.084629734670827,72.85311789195676,D,Abuse,63,2
2023-02-27 17:41:00,17,0,2,18.973595070547006,72.9220681771664,M/W,Child Labour,93,3
2023-10-13 21:57:00,21,4,10,19.01080453517121,72.9768181692406,R/S,Abuse,39,2
2023-03-23 01:12:00,1,3,3,18.915484519889535,72.9159826915994,R/C,Runaway,39,3
2023-05-15 17:52:00,17,0,5,19.044636491523203,72.93983755620819,H/E,Abuse,81,1
2023-05-13 14:26:00,14,5,5,19.108609320517854,72.98488706773821,P/S,Child Labour,61,3
2023-07-24 11:23:00,11,0,7,19.17106090595949,72.95434982909944,G/S,Trafficking,75,1
2023-11-03 11:22:00,11,4,11,19.006282310802014,72.97857203360356,D,Runaway,39,5
2023-06-19 19:45:00,19,0,6,18.99173783698705,72.89784404410584,H/E,Lost Child,59,3
2023-10-08 15:54:00,15,6,10,18.913992963884805,72.89530725489448,K/E,Begging,65,5
2023-05-11 19:49:00,19,3,5,19.019808039207533,72.98130207481763,C,Child Labour,48,4
2023-02-07 10:26:00,10,1,2,18.938695894706754,72.84033790329013,M/W,Abuse,41,1
2023-10-04 07:42:00,7,2,10,19.26496645447682,72.94770605193757,M/W,Begging,68,4
2023-12-13 02:38:00,2,2,12,19.118120545300286,72.99546676219292,R/N,Trafficking,54,2
2023-01-23 02:31:00,2,0,1,19.0310841089208,72.88597464393952,K/W,Trafficking,72,2
2023-06-30 20:27:00,20,4,6,19.250236110501103,72.90944875958368,L,Child Labour,84,3
2023-06-01 11:27:00,11,3,6,19.203271668549903,72.88719197661509,K/E,Abuse,91,1
2023-03-25 15:42:00,15,5,3,19.002121664887227,72.97650708532805,S,Runaway,97,4
2023-06-18 00:00:00,0,6,6,19.113481833530045,72.8772064118423,H/E,Trafficking,69,5
2023-04-24 10:13:00,10,0,4,19.1714398495788,72.91369040017355,M/W,Child Labour,49,2
2023-06-18 10:08:00,10,6,6,19.293221540275656,72.93645126518993,K/W,Child Labour,59,4
2023-02-05 03:10:00,3,6,2,18.98781995955404,72.89646971601724,C,Lost Child,96,5
2023-11-22 23:26:00,23,2,11,18.940608373055653,72.95190187847508,R/N,Child Labour,74,4
2023-04-01 03:01:00,3,5,4,19.01315791076138,72.82555486437327,F/N,Child Labour,82,2
2023-10-29 11:21:00,11,6,10,18.929145198096393,72.84868749086631,K/W,Begging,68,3
2023-10-20 06:19:00,6,4,10,18.957074747521183,72.84111865011727,K/E,Child Labour,89,4
2023-01-07 18:59:00,18,5,1,19.291506936176845,72.81046268240831,C,Begging,56,3
2023-09-23 13:17:00,13,5,9,19.011322616265467,72.8312516194705,R/S,Lost Child,92,3
2023-01-19 02:40:00,2,3,1,19.216323570193723,72.95196162941753,H/W,Runaway,81,3
2023-04-02 20:18:00,20,6,4,19.104119242112436,72.93529594782005,A,Child Labour,73,3
2023-12-16 10:56:00,10,5,12,19.01229146128906,72.84072126870856,B,Trafficking,30,2
2023-05-27 20:44:00,20,5,5,19.20099905120798,72.89466520314765,M/E,Lost Child,33,3
2023-06-30 09:05:00,9,4,6,19.062023776228553,72.91141330093609,L,Trafficking,42,2
2023-04-30 08:29:00,8,6,4,18.925031733698223,72.80095350231856,D,Abuse,93,1
2023-08-24 16:05:00,16,3,8,19.234492415467546,72.86040738186625,K/W,Abuse,94,2
2023-04-23 21:24:00,21,6,4,19.22211340316408,72.87654609277583,T,Lost Child,58,5
2023-08-13 04:29:00,4,6,8,19.19894321172266,72.93735467476233,G/N,Runaway,80,4
2023-11-07 01:42:00,1,1,11,19.07822969694643,72.8707030405578,L,Begging,45,2
2023-08-24 05:45:00,5,3,8,18.95049993048913,72.9183459062036,G/S,Lost Child,74,4
2023-08-31 06:17:00,6,3,8,18.943639740809072,72.940826193117,H/E,Runaway,51,5
2023-02-10 09:04:00,9,4,2,19.10515585933213,72.93667720835619,S,Child Labour,35,3
2023-03-18 19:49:00,19,5,3,18.906637846698615,72.94693259525394,C,Trafficking,54,1
2023-06-04 07:21:00,7,6,6,18.951822959694226,72.88825381024317,D,Child Labour,44,2
2023-01-13 16:41:00,16,4,1,18.95464446570258,72.97549271954574,F/N,Begging,91,4
2023-02-12 11:39:00,11,6,2,19.079089703859626,72.82317843294679,S,Abuse,47,2
2023-01-23 14:21:00,14,0,1,19.09035419227333,72.93237315926314,S,Runaway,83,5
2023-07-29 14:00:00,14,5,7,18.939404775423014,72.86215537435405,N,Lost Child,62,3
2023-04-21 00:35:00,0,4,4,19.010365088651195,72.83566020918667,M/W,Runaway,43,5
2023-09-26 14:39:00,14,1,9,18.911831299495418,72.82279141386167,N,Runaway,91,3
2023-08-25 18:20:00,18,4,8,19.228277624019608,72.91138379369231,C,Child Labour,45,2
2023-07-08 12:45:00,12,5,7,18.960533811495104,72.92909375001835,H/W,Lost Child,70,4
2023-05-12 03:05:00,3,4,5,18.90879352949163,72.83264727751654,G/N,Child Labour,70,4
2023-07-16 04:26:00,4,6,7,19.090780013568295,72.89163532352168,L,Lost Child,79,5
2023-02-11 21:18:00,21,5,2,18.913406517460775,72.85322935764,P/N,Child Labour,75,4
2023-08-28 04:19:00,4,0,8,18.950759986278804,72.89008151083932,B,Runaway,97,3
2023-08-29 15:28:00,15,1,8,19.17040778574943,72.97520877981286,S,Child Labour,43,3
2023-10-04 10:20:00,10,2,10,18.997926387275232,72.95831967420831,B,Begging,56,3
2023-01-11 02:23:00,2,2,1,19.04384575044584,72.9129398566942,D,Child Labour,72,3
2023-01-24 13:18:00,13,1,1,19.058023552696945,72.8344214017509,G/S,Child Labour,63,2
2023-10-18 19:59:00,19,2,10,18.94088003357564,72.92844930847578,M/E,Abuse,48,2
2023-08-01 19:48:00,19,1,8,19.15390383966366,72.89846402477818,R/C,Runaway,90,5
2023-11-28 15:27:00,15,1,11,18.985523682608992,72.88087769236772,D,Trafficking,89,1
2023-12-22 14:09:00,14,4,12,19.276300516050334,72.81517369085184,D,Abuse,99,3
2023-02-14 16:34:00,16,1,2,18.906445029614428,72.91575300195562,M/W,Lost Child,54,1
2023-03-21 05:40:00,5,1,3,19.142616350853203,72.98532313032055,H/W,Trafficking,38,2
2023-04-18 13:44:00,13,1,4,18.996664167954243,72.98306545218306,K/W,Lost Child,82,5
2023-06-10 23:38:00,23,5,6,18.907201247305732,72.89301215175388,H/W,Begging,53,5
2023-10-01 15:37:00,15,6,10,18.91962108640898,72.88450408576838,D,Begging,88,3
2023-08-13 20:29:00,20,6,8,19.181892724236288,72.83778847622041,M/E,Lost Child,98,5
2023-06-12 14:22:00,14,0,6,18.956464737741094,72.91610936374343,M/E,Lost Child,46,5
2023-05-04 04:38:00,4,3,5,18.997441737077107,72.9895348391723,D,Trafficking,94,1
2023-12-06 08:26:00,8,2,12,19.264409437688126,72.97511447194674,H/W,Lost Child,31,5
2023-10-20 11:11:00,11,4,10,19.289245958762407,72.87855004197642,N,Lost Child,55,3
2023-01-21 14:32:00,14,5,1,18.936781619878907,72.88652373531718,H/W,Lost Child,82,4
2023-08-17 23:47:00,23,3,8,18.96141853913029,72.93026087230398,K/W,Begging,94,3
2023-05-28 15:45:00,15,6,5,19.16286254128625,72.9531419375948,M/W,Begging,45,5
2023-02-06 11:20:00,11,0,2,18.926843165822334,72.8342130129377,M/W,Lost Child,87,3
2023-04-09 01:44:00,1,6,4,19.07257045416509,72.8708803790147,H/W,Begging,95,5
2023-02-19 20:38:00,20,6,2,18.975898413957626,72.99515467010929,F/S,Runaway,55,3
2023-05-11 23:54:00,23,3,5,18.973949012107493,72.90866007406142,F/N,Abuse,76,2
2023-04-12 21:37:00,21,2,4,19.139485253157407,72.92457920298841,F/S,Child Labour,39,4
2023-11-08 03:59:00,3,2,11,18.907215007147318,72.86421675081577,E,Trafficking,84,2
2023-01-24 03:05:00,3,1,1,19.0111191626809,72.94640496587581,F/S,Lost Child,39,4
2023-10-03 11:16:00,11,1,10,19.178949978210245,72.80593900847832,N,Runaway,73,1
2023-08-29 20:49:00,20,1,8,19.122462506670317,72.8428262510572,P/S,Lost Child,93,3
2023-07-03 17:43:00,17,0,7,19.036017527317323,72.99067345572021,M/W,Runaway,93,3
2023-07-24 08:34:00,8,0,7,19.098845772644317,72.89694299150351,D,Child Labour,58,4
2023-02-12 23:09:00,23,6,2,18.927597864900985,72.80203374224455,D,Begging,40,4
2023-12-14 11:34:00,11,3,12,19.268793947511195,72.80096094530857,R/S,Runaway,63,4
2023-02-23 20:49:00,20,3,2,19.062958283543047,72.95787433044698,R/S,Begging,89,5
2023-07-04 05:52:00,5,1,7,19.15629709320318,72.96741930204878,H/W,Abuse,81,1
2023-08-20 05:31:00,5,6,8,19.18573199760372,72.80751638789323,K/E,Trafficking,48,1
2023-11-18 05:24:00,5,5,11,18.957658849235855,72.82944631416821,T,Lost Child,31,5
2023-07-06 14:37:00,14,3,7,19.18924197311445,72.8497396752918,M/W,Runaway,31,1
2023-04-22 19:39:00,19,5,4,18.939030083247943,72.813834628977,E,Child Labour,50,3
2023-05-25 16:57:00,16,3,5,19.230813688642254,72.81643257250066,R/S,Trafficking,65,1
2023-05-26 04:45:00,4,4,5,19.043430300682758,72.81643494609007,A,Abuse,96,1
2023-06-13 20:47:00,20,1,6,19.292730282137562,72.96721112257273,N,Lost Child,44,5
2023-01-21 10:38:00,10,5,1,19.012188956394706,72.80820678596541,H/W,Child Labour,56,2
2023-09-12 11:47:00,11,1,9,19.07341988575874,72.89663667371465,K/E,Lost Child,92,3
2023-12-12 17:59:00,17,1,12,18.90949358582386,72.89196384637448,E,Trafficking,45,1
2023-10-30 00:20:00,0,0,10,19.22958793711051,72.96800685037519,E,Lost Child,63,3
2023-05-04 11:53:00,11,3,5,19.261345531628606,72.91226356187376,S,Lost Child,33,5
2023-06-04 09:03:00,9,6,6,19.11408197693017,72.97298772006224,K/E,Child Labour,80,4
2023-08-01 17:06:00,17,1,8,18.933855664671817,72.95340054196835,R/N,Runaway,41,5
2023-12-26 14:30:00,14,1,12,19.081581981622584,72.8605869492473,R/N,Begging,52,5
2023-11-13 20:26:00,20,0,11,19.24057433850501,72.8149711796621,M/E,Abuse,66,1
2023-06-02 14:44:00,14,4,6,19.202532076836377,72.98222072019617,D,Abuse,90,2
2023-09-04 04:40:00,4,0,9,19.003689532573567,72.94639533096293,H/W,Lost Child,42,3
2023-11-16 05:54:00,5,3,11,19.034006152538986,72.87835078581341,G/S,Trafficking,83,1
2023-02-12 21:35:00,21,6,2,19.180795696048133,72.99159568204651,E,Begging,87,5
2023-11-13 16:47:00,16,0,11,19.054769889577553,72.98530318053238,E,Abuse,95,1
2023-01-08 09:02:00,9,6,1,19.274349859099054,72.93462890055217,C,Trafficking,30,2
2023-09-16 01:07:00,1,5,9,19.29733968382271,72.99341732720539,H/W,Begging,90,3
2023-06-20 04:58:00,4,1,6,19.24587173259329,72.97736617684377,E,Begging,70,4
2023-08-03 09:04:00,9,3,8,18.957289420380924,72.89620230965748,G/N,Begging,98,5
2023-12-09 21:11:00,21,5,12,18.992742916017622,72.98961305443783,G/N,Begging,66,4
2023-05-20 05:25:00,5,5,5,18.90322697249611,72.85969377769095,E,Abuse,46,2
2023-04-18 06:20:00,6,1,4,19.228574251040108,72.85214576850345,D,Child Labour,67,2
2023-02-10 04:18:00,4,4,2,19.21406849831203,72.9683877486906,R/S,Abuse,84,2
2023-02-12 03:55:00,3,6,2,19.0240772297492,72.98266632751816,K/W,Child Labour,93,1
2023-01-08 10:14:00,10,6,1,19.202692982352694,72.87667120306791,T,Trafficking,91,1
2023-03-22 07:25:00,7,2,3,19.144405743311726,72.86240759889014,P/S,Abuse,62,1
2023-06-12 03:35:00,3,0,6,19.132497732782667,72.84194758479687,B,Lost Child,93,3
2023-01-11 00:50:00,0,2,1,18.91532040323226,72.8706050137652,D,Lost Child,79,3
2023-02-11 09:46:00,9,5,2,18.946804684480927,72.81167656791762,K/W,Begging,69,3
2023-09-22 17:25:00,17,4,9,19.260081479534943,72.90020333832112,C,Begging,41,5
2023-12-22 13:54:00,13,4,12,19.052214087951825,72.83624886007848,R/N,Runaway,59,4
2023-08-15 03:15:00,3,1,8,19.124741463221344,72.8776249539545,P/S,Runaway,41,5
2023-02-24 15:02:00,15,4,2,19.058552399604032,72.84860475153542,H/E,Trafficking,61,2
2023-12-05 15:56:00,15,1,12,19.097078107442666,72.99406146609445,K/W,Lost Child,61,5
2023-02-28 01:14:00,1,1,2,18.959268024195055,72.83351629668866,R/C,Abuse,83,2
2023-11-01 21:24:00,21,2,11,19.146681335277982,72.83311706459267,K/W,Runaway,80,5
2023-09-06 00:06:00,0,2,9,18.922070652017926,72.85545321047849,M/E,Abuse,88,2
2023-01-15 23:53:00,23,6,1,18.983641545501857,72.81303743044158,N,Trafficking,43,1
2023-06-16 08:43:00,8,4,6,19.18305688551388,72.80548933929572,R/C,Runaway,35,4
2023-05-06 13:35:00,13,5,5,19.088794447253388,72.80129425650058,R/C,Child Labour,42,2
2023-08-18 05:50:00,5,4,8,19.23305483950246,72.97246055740217,K/W,Lost Child,69,3
2023-02-17 21:08:00,21,4,2,19.11289255146479,72.98432523053646,P/S,Child Labour,31,4
2023-07-16 15:56:00,15,6,7,19.223710220894475,72.84479229202853,D,Runaway,44,4
2023-03-19 07:36:00,7,6,3,18.99580887905824,72.83718055811305,H/E,Lost Child,95,3
2023-03-19 14:47:00,14,6,3,18.920650238687852,72.88146131331244,P/N,Abuse,55,1
2023-08-25 04:01:00,4,4,8,18.962440831422562,72.84618485580441,M/W,Begging,58,5
2023-10-12 08:40:00,8,3,10,19.145487746631375,72.84515327794394,C,Begging,62,3
2023-04-19 00:29:00,0,2,4,19.151206470189262,72.96903479734432,R/S,Child Labour,60,3
2023-09-03 14:15:00,14,6,9,18.9242622642694,72.88389090638167,S,Runaway,80,4
2023-07-10 12:50:00,12,0,7,19.177521144562128,72.81114119388455,R/N,Trafficking,42,2
2023-01-05 15:54:00,15,3,1,19.23521134850323,72.91557204361051,E,Trafficking,78,2
2023-09-10 01:15:00,1,6,9,18.98569326012038,72.95506679480229,K/W,Runaway,48,4
2023-05-20 09:21:00,9,5,5,19.247389622136357,72.88097756239388,D,Runaway,65,5
2023-08-26 04:21:00,4,5,8,19.106912700398375,72.81295716887328,B,Trafficking,54,1
2023-09-18 21:13:00,21,0,9,19.22564205588154,72.94657450723919,M/W,Abuse,81,2
2023-05-25 23:12:00,23,3,5,18.91981368393681,72.86228757477883,K/W,Lost Child,61,5
2023-10-09 20:30:00,20,0,10,19.04754806737873,72.86176811962487,D,Runaway,60,5
2023-01-07 06:51:00,6,5,1,19.204516136058267,72.99161070376779,F/S,Child Labour,81,5
2023-02-07 12:11:00,12,1,2,19.106852722914734,72.91484232685592,G/N,Abuse,56,2
2023-12-27 13:44:00,13,2,12,19.008502838804553,72.83590550662015,T,Child Labour,96,2
2023-11-07 12:50:00,12,1,11,18.91674793449265,72.85398485946769,P/S,Lost Child,46,5
2023-05-22 15:02:00,15,0,5,19.115307076830547,72.81434093381752,F/N,Runaway,67,4
2023-05-05 07:01:00,7,4,5,19.24148511415787,72.99383082770167,R/S,Lost Child,77,3
2023-03-26 12:54:00,12,6,3,19.128670739035275,72.87188601280991,K/W,Begging,36,5
2023-06-19 17:48:00,17,0,6,18.951114294288534,72.95715598941706,C,Runaway,54,4
2023-01-23 15:34:00,15,0,1,19.28458641891361,72.86990737139296,M/E,Abuse,39,1
2023-08-19 21:09:00,21,5,8,19.281170167397413,72.85583696895524,G/S,Runaway,34,5
2023-04-23 10:43:00,10,6,4,19.01772694310977,72.84003084170219,R/N,Trafficking,63,1
2023-02-05 22:23:00,22,6,2,19.011562837308947,72.8986940127444,K/E,Trafficking,88,2
2023-09-09 22:11:00,22,5,9,19.084771003915392,72.88974635734161,K/W,Lost Child,88,3
2023-01-25 16:24:00,16,2,1,19.187241503197605,72.89982581195322,H/E,Runaway,66,1
2023-02-12 13:56:00,13,6,2,19.24520466703217,72.8654393821904,E,Trafficking,73,4
2023-02-05 12:23:00,12,6,2,19.228910843930716,72.81037169402983,P/S,Begging,86,4
2023-05-04 15:47:00,15,3,5,19.213404301717663,72.9509411336763,M/W,Begging,47,3
2023-07-29 02:11:00,2,5,7,19.171801647350065,72.81983860622131,K/W,Runaway,47,4
2023-12-08 11:35:00,11,4,12,18.97909375910739,72.97390623925875,F/N,Abuse,49,2
2023-10-08 20:56:00,20,6,10,19.03970825693982,72.88237133224541,G/N,Child Labour,67,2
2023-08-17 14:40:00,14,3,8,19.165919087098953,72.81626182601454,N,Child Labour,88,3
2023-04-30 07:03:00,7,6,4,19.16046852510049,72.91615941224117,F/N,Child Labour,87,3
2023-01-16 00:22:00,0,0,1,19.11064786920559,72.88219174552962,T,Abuse,68,5
2023-06-03 06:11:00,6,5,6,19.153525276280877,72.81161548594525,F/S,Abuse,39,2
2023-01-05 16:25:00,16,3,1,18.916632087608182,72.92300222858584,H/E,Abuse,49,1
2023-02-21 03:17:00,3,1,2,19.17158903021729,72.88083187458338,G/S,Runaway,59,5
2023-05-01 06:18:00,6,0,5,19.135081767211986,72.82342636457207,L,Runaway,45,5
2023-04-20 10:35:00,10,3,4,19.217450465253687,72.84472323734967,K/W,Begging,92,4
2023-01-10 03:30:00,3,1,1,19.167666344953336,72.92641245972926,R/S,Runaway,78,3
2023-05-16 09:49:00,9,1,5,19.010329812482123,72.97913087711657,B,Trafficking,61,1
2023-03-04 06:06:00,6,5,3,18.94059818236862,72.83932514565039,P/N,Begging,47,4
2023-03-28 17:15:00,17,1,3,19.265344416391248,72.80721555142463,R/C,Abuse,48,1
2023-10-02 18:25:00,18,0,10,19.26673067688532,72.92034288470013,A,Lost Child,93,4
2023-01-06 18:50:00,18,4,1,19.065272968180746,72.88821631265007,H/W,Runaway,74,5
2023-06-24 05:41:00,5,5,6,19.091147001059618,72.84839533896269,E,Abuse,63,2
2023-03-16 15:27:00,15,3,3,19.02896101851933,72.89227386186778,P/S,Runaway,44,5
2023-12-13 06:02:00,6,2,12,19.13175686924268,72.93039830356493,R/C,Lost Child,58,4
2023-07-19 09:37:00,9,2,7,19.153738144776497,72.95903373989135,D,Begging,96,4
2023-09-23 03:53:00,3,5,9,19.045885380009015,72.92518623023403,A,Trafficking,50,2
2023-08-02 04:50:00,4,2,8,18.990487673481514,72.80762096747505,R/N,Abuse,61,2
2023-02-24 19:52:00,19,4,2,19.158878453644558,72.86978056174112,C,Runaway,64,4
2023-09-26 18:25:00,18,1,9,18.902329463533253,72.99852300990273,G/S,Trafficking,34,2
2023-10-31 11:35:00,11,1,10,19.22495874139042,72.8291263410082,A,Child Labour,76,2
2023-07-12 03:05:00,3,2,7,18.972089674322138,72.80606426222454,N,Runaway,98,3
2023-05-22 13:32:00,13,0,5,19.155919699404226,72.82491687526878,H/W,Runaway,53,5
2023-11-20 03:02:00,3,0,11,19.043268342716946,72.95231958141676,G/N,Child Labour,81,2
2023-11-23 11:45:00,11,3,11,19.020359350130924,72.90351395186376,M/W,Child Labour,66,2
2023-01-12 10:43:00,10,3,1,19.132070099308375,72.82706617622219,C,Begging,36,4
2023-05-05 08:40:00,8,4,5,19.158568741605063,72.88764354360993,P/S,Lost Child,38,4
2023-01-09 12:55:00,12,0,1,19.23582901912094,72.84076188951155,A,Trafficking,56,1
2023-05-01 02:03:00,2,0,5,18.93740583140612,72.8280099575012,H/W,Runaway,71,4
2023-08-16 10:40:00,10,2,8,18.958084762951493,72.82650814734397,S,Lost Child,80,3
2023-11-01 10:26:00,10,2,11,19.2159777854141,72.83388132302883,C,Child Labour,95,2
2023-03-31 05:16:00,5,4,3,18.916424554961303,72.96374980099763,G/S,Trafficking,56,2
2023-06-13 11:50:00,11,1,6,18.98745732402725,72.9060076834665,F/N,Abuse,42,1
2023-12-15 12:43:00,12,4,12,18.939921212724503,72.86775782550023,H/E,Abuse,74,1
2023-07-10 12:15:00,12,0,7,19.286157207193817,72.94244552862243,T,Lost Child,58,5
2023-08-31 09:10:00,9,3,8,19.110972290118287,72.88151076953925,R/S,Runaway,96,4
2023-03-31 06:00:00,6,4,3,19.27681123747144,72.87639935036842,H/W,Abuse,70,1
2023-01-06 11:40:00,11,4,1,19.013123932092462,72.99546055337792,E,Runaway,40,5
2023-10-01 00:01:00,0,6,10,19.273294697871798,72.93516501472843,E,Abuse,86,2
2023-01-18 02:23:00,2,2,1,19.150440276258184,72.87710428633817,P/N,Begging,88,3
2023-12-14 12:23:00,12,3,12,18.97470587405276,72.80881067025192,T,Lost Child,99,3
2023-04-11 21:06:00,21,1,4,19.05613238192268,72.96452417775569,F/S,Begging,91,4
2023-10-29 15:19:00,15,6,10,19.27712262680285,72.92793397322933,K/W,Lost Child,56,4
2023-11-24 17:06:00,17,4,11,19.133639860629156,72.86143756286066,H/W,Begging,65,5
2023-02-18 11:26:00,11,5,2,19.022318999545426,72.94674076068239,G/N,Runaway,89,4
2023-07-28 22:28:00,22,4,7,18.95415854943201,72.94151884528068,G/N,Runaway,95,4
2023-10-13 09:54:00,9,4,10,19.054435518529438,72.86141428780157,G/N,Lost Child,92,5
2023-09-08 19:48:00,19,4,9,18.975557163277397,72.99767615822417,E,Begging,45,4
2023-01-04 06:52:00,6,2,1,19.222198902759956,72.91166704911835,G/N,Abuse,52,2
2023-03-19 01:15:00,1,6,3,18.916964564741733,72.86023967364719,M/E,Begging,32,4
2023-06-01 02:09:00,2,3,6,19.24542611440698,72.80068368337346,R/S,Abuse,41,2
2023-11-07 16:00:00,16,1,11,18.966906052004923,72.8811577905794,R/N,Begging,32,3
2023-11-06 16:14:00,16,0,11,19.086940038638968,72.86118400633154,E,Lost Child,75,1
2023-10-07 21:44:00,21,5,10,19.234918553610413,72.94980649775648,M/W,Runaway,75,4
2023-06-15 16:59:00,16,3,6,19.25181674825586,72.99300546852447,T,Child Labour,64,2
2023-06-19 14:05:00,14,0,6,19.160153429160548,72.96765648693398,K/W,Abuse,44,2
2023-04-01 23:28:00,23,5,4,19.152296739058798,72.84529869810123,L,Abuse,60,3
2023-03-03 12:26:00,12,4,3,19.26425530873615,72.88866258589083,C,Lost Child,48,3
2023-08-02 13:27:00,13,2,8,19.07617108281742,72.94852286070086,R/N,Runaway,45,5
2023-03-21 21:58:00,21,1,3,18.92523405422611,72.8142181214371,B,Trafficking,97,2
2023-05-14 13:11:00,13,6,5,19.02545328338525,72.89236206872305,F/S,Lost Child,64,5
2023-11-28 17:39:00,17,1,11,18.937989615233246,72.90155129212059,L,Child Labour,80,4
2023-07-12 09:13:00,9,2,7,19.26790292379912,72.8955647466565,F/S,Child Labour,38,2
2023-02-18 12:53:00,12,5,2,19.186419995140657,72.98208084933985,M/W,Child Labour,43,4
2023-08-11 16:03:00,16,4,8,19.139236929892697,72.95642177626935,G/N,Begging,36,3
2023-01-31 07:38:00,7,1,1,19.09808670802075,72.87923783663699,K/W,Runaway,42,4
2023-09-05 13:38:00,13,1,9,18.903405576164896,72.98661007987127,F/N,Trafficking,90,1
2023-11-12 05:33:00,5,6,11,19.08240904701072,72.85914928980513,M/E,Abuse,68,1
2023-11-04 00:42:00,0,5,11,19.045847293017168,72.89661319026163,G/S,Runaway,66,3
2023-03-01 09:10:00,9,2,3,19.0794838299674,72.84577018380381,C,Lost Child,55,3
2023-08-26 08:03:00,8,5,8,18.983304606796885,72.83014710714556,T,Begging,59,3
2023-12-25 01:56:00,1,0,12,19.164316305480114,72.94700574830402,K/W,Lost Child,84,3
2023-02-08 19:34:00,19,2,2,19.122225318138465,72.94455449432958,L,Trafficking,54,2
2023-10-03 01:28:00,1,1,10,19.126965173315508,72.85662539214292,D,Child Labour,95,4
2023-07-04 12:05:00,12,1,7,19.09269877393211,72.93280543165608,T,Begging,76,4
2023-01-03 08:06:00,8,1,1,19.178978735203536,72.91393980033942,C,Abuse,98,2
2023-01-09 11:11:00,11,0,1,19.118954809016156,72.84826706886594,G/S,Child Labour,89,4
2023-07-01 14:21:00,14,5,7,19.246355429948142,72.92910673449283,H/W,Runaway,88,3
2023-08-28 03:13:00,3,0,8,18.918548230905515,72.94903229654632,H/E,Lost Child,69,4
2023-07-08 17:43:00,17,5,7,18.96451274598723,72.81275425557618,M/W,Trafficking,87,1
2023-10-18 09:43:00,9,2,10,19.07564628013213,72.92766662980601,F/S,Begging,35,4
2023-01-10 01:13:00,1,1,1,19.18210937198873,72.83575896015194,R/C,Abuse,40,2
2023-11-20 06:56:00,6,0,11,19.250021225157496,72.80024386323518,B,Abuse,64,1
2023-10-31 20:50:00,20,1,10,18.904297296347337,72.91662744268204,A,Begging,42,4
2023-04-08 00:11:00,0,5,4,19.132819996420377,72.84972560087579,T,Trafficking,44,2
2023-10-10 05:42:00,5,1,10,19.192378254157102,72.82428974854328,K/E,Begging,44,3
2023-12-25 20:25:00,20,0,12,18.91971446659762,72.92879554778506,R/C,Lost Child,88,4
2023-12-11 08:23:00,8,0,12,19.14711329496803,72.92173155771297,S,Trafficking,48,2
2023-08-06 11:48:00,11,6,8,19.19481590204884,72.91345362999678,P/N,Abuse,94,1
2023-12-30 01:14:00,1,5,12,19.073507130582815,72.95923708546168,R/C,Begging,89,3
2023-07-03 19:10:00,19,0,7,18.90486754053397,72.95777340263433,G/N,Abuse,39,2
2023-09-23 05:47:00,5,5,9,19.069659489260488,72.91126941086814,M/E,Lost Child,36,3
2023-12-09 17:31:00,17,5,12,18.979546127813148,72.91613008913257,K/W,Trafficking,47,1
2023-10-24 21:51:00,21,1,10,19.032966433782764,72.97349098939814,N,Lost Child,65,3
2023-05-25 13:10:00,13,3,5,19.155798025395327,72.83653815534427,C,Begging,54,5
2023-10-07 08:28:00,8,5,10,19.277835554662992,72.82428311170284,G/S,Trafficking,87,2
2023-03-20 06:53:00,6,0,3,19.28494920699491,72.85904540096476,H/E,Trafficking,42,2
2023-05-17 15:26:00,15,2,5,19.264798291980338,72.98323942804437,K/E,Runaway,30,3
2023-09-17 05:40:00,5,6,9,19.054451497660693,72.9280666937271,S,Child Labour,96,3
2023-05-10 18:24:00,18,2,5,19.212673980707407,72.98789210486625,B,Begging,81,3
2023-09-09 04:06:00,4,5,9,19.176158335810012,72.85860350424988,H/E,Lost Child,31,2
2023-06-15 01:53:00,1,3,6,19.240471007952763,72.9573215960322,P/N,Trafficking,72,2
2023-01-27 06:07:00,6,4,1,19.276844995425286,72.85397973201515,D,Runaway,88,5
2023-08-09 17:29:00,17,2,8,19.172333435132533,72.87474855383005,K/E,Trafficking,55,3
2023-10-25 07:36:00,7,2,10,19.172221863656254,72.87260153020262,F/S,Begging,97,5
2023-07-25 02:10:00,2,1,7,18.982807536383415,72.92339620855319,H/W,Lost Child,71,5
2023-01-07 00:10:00,0,5,1,19.26116061278595,72.94388584555226,H/W,Lost Child,91,5
2023-07-21 22:38:00,22,4,7,19.057594511329423,72.86234773627731,G/S,Child Labour,84,5
2023-06-16 18:13:00,18,4,6,19.079148246031966,72.83844473779907,E,Runaway,97,4
2023-11-09 11:52:00,11,3,11,18.990626256858306,72.85330702081221,F/S,Abuse,73,2
2023-01-01 18:27:00,18,6,1,19.21979761774948,72.99622481984028,M/E,Trafficking,86,2
2023-06-02 15:03:00,15,4,6,18.906587069092005,72.81389883706379,K/E,Begging,55,5
2023-10-23 20:16:00,20,0,10,19.24120602851609,72.94986322669067,E,Runaway,73,4
2023-03-05 06:49:00,6,6,3,18.983554761174027,72.98794986053093,R/S,Begging,37,5
2023-12-21 18:40:00,18,3,12,19.016749922387252,72.8315910099985,S,Begging,79,4
2023-03-23 13:37:00,13,3,3,19.26274146557234,72.88558536067261,P/S,Trafficking,95,1
2023-11-20 15:14:00,15,0,11,18.907521774790787,72.9945176734894,M/W,Begging,86,5
2023-02-03 19:04:00,19,4,2,19.23220858435372,72.96122161996786,H/W,Runaway,98,4
2023-07-13 13:09:00,13,3,7,18.90433555711904,72.88156375111224,K/E,Child Labour,32,5
2023-09-21 21:00:00,21,3,9,19.229595536655612,72.99758141211849,G/S,Child Labour,96,2
2023-02-18 13:49:00,13,5,2,19.05732015552129,72.8885861906496,F/N,Trafficking,85,2
2023-12-28 15:17:00,15,3,12,18.90013380990878,72.83240129260383,K/E,Lost Child,40,4
2023-02-12 11:35:00,11,6,2,19.287133741136948,72.8037978836171,D,Runaway,42,3
2023-10-15 12:03:00,12,6,10,19.062723789379948,72.90570184816958,A,Runaway,33,3
2023-10-18 08:41:00,8,2,10,19.21536442751762,72.96434356321191,P/S,Abuse,59,1
2023-08-04 18:50:00,18,4,8,19.232125265810424,72.86009007883598,H/W,Abuse,88,2
2023-01-14 03:35:00,3,5,1,19.09641632277262,72.86899344700414,D,Trafficking,60,2
2023-04-19 00:01:00,0,2,4,19.124473226242255,72.81136121663228,S,Abuse,40,4
2023-02-16 16:23:00,16,3,2,19.14152750271841,72.89575415921598,P/N,Lost Child,89,2
2023-08-12 07:37:00,7,5,8,19.22063651454623,72.85841610407006,R/C,Runaway,69,3
2023-09-25 10:22:00,10,0,9,18.97618996237872,72.82441993867607,H/W,Runaway,38,4
2023-08-03 01:58:00,1,3,8,18.982392921455148,72.98104388800287,C,Abuse,60,1
2023-08-08 20:37:00,20,1,8,19.288327235233133,72.83799131953705,A,Trafficking,39,1
2023-04-20 01:41:00,1,3,4,19.093401891298324,72.87958334422703,L,Runaway,75,4
2023-12-29 10:01:00,10,4,12,19.04761108085792,72.98746152623256,T,Lost Child,63,4
2023-08-06 20:09:00,20,6,8,19.21673289490756,72.86390109355034,F/S,Trafficking,31,1
2023-09-11 16:21:00,16,0,9,19.185917705445547,72.89190672703856,C,Lost Child,41,5
2023-05-17 02:20:00,2,2,5,19.281437209699067,72.97666642777638,H/W,Child Labour,89,2
2023-06-02 09:22:00,9,4,6,19.173609899772366,72.98858595957056,S,Begging,49,3
2023-09-28 15:12:00,15,3,9,19.292335517971907,72.85553526389307,R/N,Trafficking,65,1
2023-04-11 19:18:00,19,1,4,19.246889484658848,72.99564120446774,K/E,Runaway,77,3
2023-08-22 08:38:00,8,1,8,19.205958567547714,72.97176721535385,S,Trafficking,51,1
2023-07-05 19:33:00,19,2,7,19.156413215400296,72.93249212762099,F/S,Abuse,45,1
2023-03-03 10:17:00,10,4,3,19.116903595532303,72.90188219253984,R/C,Begging,99,5
2023-01-20 07:22:00,7,4,1,18.95470324206264,72.83933197711235,F/S,Begging,82,4
2023-03-12 21:53:00,21,6,3,19.000030567806284,72.91437613133462,P/S,Abuse,96,2
2023-01-17 06:52:00,6,1,1,18.946715585980492,72.91591413918091,F/N,Lost Child,56,5
2023-05-05 06:34:00,6,4,5,19.105020377029344,72.84538879734325,G/N,Lost Child,48,5
2023-05-28 03:09:00,3,6,5,19.125274972015955,72.84170870196844,R/N,Trafficking,62,1
2023-01-22 12:21:00,12,6,1,19.29493391911263,72.87193341637811,R/C,Trafficking,89,2
2023-06-08 01:08:00,1,3,6,19.29073293945561,72.89760218376291,M/E,Begging,69,5
2023-09-08 18:35:00,18,4,9,19.17289894249625,72.95267123924724,S,Child Labour,87,3
2023-11-12 03:14:00,3,6,11,19.145595705126933,72.96694206702863,T,Child Labour,79,2
2023-04-15 09:11:00,9,5,4,19.28017753386643,72.86266732047552,H/W,Trafficking,73,2
2023-07-02 09:58:00,9,6,7,18.960535060906967,72.93350154680792,P/N,Runaway,45,5
2023-08-07 10:26:00,10,0,8,19.07538671109622,72.88369373334959,P/N,Child Labour,87,3
2023-01-06 03:21:00,3,4,1,19.284646326297086,72.92487584409388,G/S,Child Labour,65,2
2023-06-23 10:38:00,10,4,6,18.972080787148137,72.9176377675646,L,Runaway,94,4
2023-03-30 05:46:00,5,3,3,18.969398143648352,72.92807106641746,R/C,Lost Child,72,3
2023-07-20 18:35:00,18,3,7,19.047032659009158,72.87358969174096,B,Trafficking,59,1
2023-04-17 10:01:00,10,0,4,18.912832136771822,72.82264955917084,R/C,Child Labour,46,3
2023-01-19 07:50:00,7,3,1,19.14568502046387,72.9238280981747,A,Lost Child,78,3
2023-06-28 13:52:00,13,2,6,19.018023927240655,72.93285731548144,L,Lost Child,62,4
2023-04-21 22:40:00,22,4,4,19.14148811211781,72.89572330120406,P/S,Runaway,96,3
2023-02-03 09:27:00,9,4,2,18.966820347504736,72.87697129911487,T,Trafficking,75,1
2023-09-04 23:48:00,23,0,9,18.977725063075237,72.98264967073412,C,Abuse,55,1
2023-08-29 16:44:00,16,1,8,19.277574833449602,72.96518717981273,A,Begging,88,5
2023-04-13 03:54:00,3,3,4,19.271933373876355,72.99032980978951,M/E,Trafficking,96,2
2023-08-16 20:01:00,20,2,8,19.102353048309404,72.94836824702719,T,Runaway,48,5
2023-09-01 19:14:00,19,4,9,18.974683863840237,72.91010088616385,T,Trafficking,55,1
2023-06-13 01:49:00,1,1,6,18.912124816132906,72.98314512096829,G/S,Trafficking,38,1
2023-04-29 06:25:00,6,5,4,19.1687680410386,72.97562342221228,S,Runaway,30,2
2023-03-17 02:02:00,2,4,3,18.919118053341474,72.80842829748359,T,Runaway,94,5
2023-08-30 11:07:00,11,2,8,19.065718654155564,72.98665727603509,C,Begging,52,3
2023-05-13 21:29:00,21,5,5,19.12606017350672,72.80591559312018,F/N,Runaway,74,5
2023-02-23 05:08:00,5,3,2,18.95338544692189,72.94597402997391,G/S,Lost Child,61,4
2023-08-15 17:17:00,17,1,8,19.091694456906644,72.87568074224993,C,Abuse,37,5
2023-05-12 14:57:00,14,4,5,19.002793982058385,72.98862145499979,G/S,Abuse,70,2
2023-09-09 00:06:00,0,5,9,18.950570089695926,72.96096822846177,R/S,Trafficking,71,2
2023-03-08 05:15:00,5,2,3,19.21983616088414,72.80821467571333,F/N,Child Labour,54,3
2023-03-26 20:07:00,20,6,3,19.18999851606572,72.97134101497613,D,Child Labour,55,2
2023-02-18 00:06:00,0,5,2,19.007101720490404,72.87651792071891,F/S,Trafficking,92,1
2023-08-03 08:12:00,8,3,8,19.27196102131005,72.97030502796187,K/W,Child Labour,87,4
2023-06-08 04:37:00,4,3,6,19.258762582986783,72.89077300131711,R/N,Lost Child,63,3
2023-02-03 11:30:00,11,4,2,19.226157029144122,72.98206236093314,L,Runaway,48,5
2023-10-18 06:21:00,6,2,10,18.975839243172157,72.84721103717611,K/W,Lost Child,41,5
2023-12-03 23:35:00,23,6,12,19.29522958799762,72.86021930406174,M/E,Abuse,43,1
2023-09-16 03:06:00,3,5,9,19.082918852586975,72.8953018042361,R/S,Trafficking,82,2
2023-03-04 10:27:00,10,5,3,19.035028531508182,72.82424826406807,H/E,Child Labour,93,2
2023-03-27 03:55:00,3,0,3,19.232850026672395,72.85259785952249,E,Child Labour,55,4
2023-09-10 10:31:00,10,6,9,19.041296711403565,72.8894816931418,G/N,Trafficking,55,3
2023-01-13 17:39:00,17,4,1,19.23118308971841,72.83572093511845,K/W,Lost Child,83,5
2023-06-23 17:28:00,17,4,6,19.277224094461044,72.82132730938392,R/N,Lost Child,61,4
2023-10-01 21:28:00,21,6,10,19.189248365002992,72.98421468765363,K/E,Child Labour,57,4
2023-10-22 06:52:00,6,6,10,18.928131771633115,72.99113446135094,H/W,Begging,55,1
2023-09-17 07:04:00,7,6,9,18.983069564879496,72.93958354014075,P/N,Trafficking,60,2
2023-07-08 08:23:00,8,5,7,19.083296019347127,72.87839908822916,R/C,Trafficking,97,1
2023-03-28 01:54:00,1,1,3,19.159149025997344,72.85514497801107,R/C,Trafficking,45,2
2023-07-20 05:44:00,5,3,7,18.902759458708783,72.89866678018039,F/S,Child Labour,36,4
2023-04-21 23:09:00,23,4,4,19.285221409181766,72.83771466373733,A,Begging,53,4
2023-11-08 18:32:00,18,2,11,18.966447974376884,72.88493442082301,K/E,Abuse,31,1
2023-06-18 21:02:00,21,6,6,18.994088076266653,72.8427152386559,K/E,Abuse,33,1
2023-04-17 22:45:00,22,0,4,18.975731664429553,72.83847923530688,G/S,Lost Child,89,5
2023-02-06 04:26:00,4,0,2,18.986834476118865,72.9371521086236,A,Begging,72,3
2023-03-14 08:02:00,8,1,3,19.169320231657103,72.93840005553146,C,Begging,72,3
2023-09-25 15:17:00,15,0,9,19.024896506638665,72.90377726517548,M/E,Begging,35,5
2023-05-13 20:34:00,20,5,5,19.11971500394644,72.99907184170755,B,Runaway,43,5
2024-01-01 02:23:00,2,0,1,19.03454224891457,72.82898222679518,L,Runaway,74,5
2023-05-21 12:29:00,12,6,5,19.2595299751617,72.90428491906006,P/S,Trafficking,90,2
2023-08-23 07:38:00,7,2,8,19.06450891159915,72.95728360205754,K/E,Begging,42,5
2023-05-17 18:20:00,18,2,5,19.05544205932887,72.81576400348584,T,Child Labour,52,3
2023-12-16 10:40:00,10,5,12,19.062609089048543,72.85829805724033,G/N,Runaway,78,4
2023-09-08 10:36:00,10,4,9,19.100827575987182,72.87063643042495,R/N,Child Labour,50,3
2023-03-20 23:58:00,23,0,3,19.063661783172844,72.99244801599781,E,Child Labour,96,2
2023-03-18 16:40:00,16,5,3,19.176266389096345,72.8517689261921,P/N,Lost Child,49,5
2023-11-03 21:29:00,21,4,11,19.024151298221874,72.96138827145579,G/N,Begging,98,4
2023-04-18 04:08:00,4,1,4,19.174986644195638,72.81220871002986,R/N,Trafficking,78,1
2023-04-03 13:33:00,13,0,4,19.106783223213306,72.99619280992502,F/N,Begging,81,4
2023-11-13 23:59:00,23,0,11,19.146384606374692,72.85877831388915,H/W,Child Labour,30,3
2023-12-03 07:09:00,7,6,12,19.273643363444652,72.82454542312895,S,Lost Child,39,3
2023-12-28 23:05:00,23,3,12,19.160752889105773,72.95507725984758,M/W,Lost Child,71,3
2023-10-11 16:52:00,16,2,10,19.073294944136183,72.92554539748491,N,Trafficking,47,1
2023-12-02 17:20:00,17,5,12,18.97987395076589,72.95193187943788,H/W,Abuse,90,2
2023-09-08 05:23:00,5,4,9,19.036459396926258,72.88945091986554,G/S,Runaway,39,3
2023-03-08 14:15:00,14,2,3,18.952294691999263,72.88351620513905,H/E,Abuse,72,1
2023-09-25 19:52:00,19,0,9,19.287831453568796,72.84952797640757,G/N,Abuse,43,2
2023-12-08 06:23:00,6,4,12,19.266040542117643,72.96241542633308,R/C,Lost Child,57,4
2023-02-23 23:18:00,23,3,2,19.22951054014603,72.82481320678356,G/N,Child Labour,73,4
2023-08-13 03:57:00,3,6,8,18.916373142056013,72.95493137345301,T,Abuse,31,5
2023-09-28 17:23:00,17,3,9,19.064489291513357,72.93977831678409,T,Trafficking,80,2
2023-06-08 03:02:00,3,3,6,19.02286354460857,72.94088776275554,B,Child Labour,90,5
2023-12-22 16:25:00,16,4,12,18.923106466231342,72.91942947409815,B,Abuse,90,1
2023-12-10 21:29:00,21,6,12,19.288988941994926,72.8453059569705,F/N,Begging,75,3
2023-03-13 06:27:00,6,0,3,19.24657783992613,72.80495604997668,H/W,Trafficking,41,2
2023-09-23 17:55:00,17,5,9,19.2776561212313,72.85026279055798,M/E,Abuse,39,1
2023-09-19 05:42:00,5,1,9,19.117440821001033,72.82028331617133,R/N,Trafficking,75,2
2023-10-11 18:02:00,18,2,10,19.010486477451146,72.98167875026087,E,Abuse,75,2
2023-05-31 14:29:00,14,2,5,19.219043788995336,72.9557234547949,B,Lost Child,84,3
2023-01-19 19:06:00,19,3,1,19.05053849695569,72.94604038670491,M/W,Runaway,37,3
2023-08-13 19:41:00,19,6,8,18.936429632695706,72.88975355552456,F/N,Begging,70,4
2023-05-22 17:19:00,17,0,5,19.136628529214224,72.8211078613615,K/W,Lost Child,85,5
2023-10-30 23:15:00,23,0,10,19.157636196465035,72.81813979996069,F/N,Runaway,37,4
2023-07-11 03:48:00,3,1,7,18.921585293006455,72.99295162364888,N,Trafficking,62,1
2023-09-29 17:51:00,17,4,9,19.249778251240357,72.91519924257993,A,Abuse,36,2
2023-05-11 11:57:00,11,3,5,19.003122375964814,72.9839769786176,H/E,Runaway,34,5
2023-04-13 11:22:00,11,3,4,19.0792449931444,72.84515538793916,K/E,Begging,86,5
2023-09-11 05:42:00,5,0,9,19.0384857985848,72.9291327722489,A,Begging,46,4
2023-05-03 04:30:00,4,2,5,18.931917499655817,72.99145429809298,G/S,Abuse,45,1
2023-08-21 22:22:00,22,0,8,18.967600484794264,72.8617769903927,M/W,Runaway,71,3
2023-11-04 11:29:00,11,5,11,19.299205025416683,72.93265275323265,K/W,Child Labour,95,3
2023-10-18 04:00:00,4,2,10,19.113988820993978,72.9280721408109,R/S,Abuse,68,2
2023-09-15 14:18:00,14,4,9,18.928396973476318,72.90434934992386,L,Trafficking,47,1
2023-09-22 02:48:00,2,4,9,18.924403911968735,72.89089880635444,H/E,Trafficking,42,3
2023-10-23 18:57:00,18,0,10,19.085269511241027,72.82804673300878,N,Abuse,72,2
2023-02-22 10:04:00,10,2,2,18.97803579068571,72.92976730220923,M/E,Lost Child,98,4
2023-10-16 21:07:00,21,0,10,18.911937788663327,72.86580376267736,G/N,Runaway,46,4
2023-07-21 08:27:00,8,4,7,19.09385994395551,72.99892379949559,D,Begging,81,5
2023-01-15 19:07:00,19,6,1,18.958344555344198,72.86153141476477,L,Abuse,49,1
2023-07-07 11:13:00,11,4,7,19.072333055834772,72.86881490282796,P/N,Begging,85,4
2023-04-10 21:48:00,21,0,4,19.017592652655402,72.87067928092688,S,Abuse,56,2
2023-07-01 15:18:00,15,5,7,19.025662387543075,72.9685183547143,A,Lost Child,80,4
2023-02-21 18:26:00,18,1,2,18.998948676339115,72.8147644461719,K/E,Lost Child,51,5
2023-02-08 10:48:00,10,2,2,19.113950309773408,72.99496244195218,S,Begging,36,3
2023-01-11 03:35:00,3,2,1,19.095729127581723,72.96510877282756,D,Runaway,59,4
2023-11-22 16:08:00,16,2,11,19.215997740331456,72.95192941887251,N,Runaway,60,3
2023-07-10 01:39:00,1,0,7,19.12299922309569,72.89695302793393,K/W,Lost Child,92,3
2023-08-13 02:23:00,2,6,8,19.2931934774833,72.8751268103552,K/W,Lost Child,47,4
2023-03-30 13:33:00,13,3,3,19.03087024688211,72.91569595522922,R/S,Lost Child,43,5
2023-07-12 12:10:00,12,2,7,18.974580574918168,72.85213275571921,P/S,Trafficking,90,1
2023-03-02 23:59:00,23,3,3,19.0909029079735,72.93890800738923,C,Trafficking,42,1
2023-03-06 08:33:00,8,0,3,19.057101814391114,72.86282115566812,K/W,Begging,82,3
2023-05-09 16:46:00,16,1,5,19.06207018572524,72.96680548206118,L,Lost Child,97,4
2023-07-17 00:20:00,0,0,7,19.017732673739758,72.86207436013062,R/S,Begging,80,5
2023-01-27 13:22:00,13,4,1,18.91154349431724,72.82880073743142,D,Trafficking,87,2
2023-01-25 14:40:00,14,2,1,19.07426278841053,72.9363961331045,F/N,Runaway,65,4
2023-05-30 16:01:00,16,1,5,18.912306239480323,72.84706109250058,H/W,Begging,45,4
2023-06-13 09:23:00,9,1,6,18.9832205264264,72.94740550358345,F/N,Trafficking,75,1
2023-01-21 12:48:00,12,5,1,19.206907459652733,72.92369381748479,G/S,Runaway,40,4
2023-07-24 08:29:00,8,0,7,19.28359079774848,72.9488248348766,R/S,Lost Child,30,4
2023-12-20 12:55:00,12,2,12,18.98125178434352,72.92584074896736,C,Abuse,90,1
2023-06-24 09:01:00,9,5,6,19.159177639709583,72.85167288560469,H/W,Begging,52,5
2023-07-08 06:31:00,6,5,7,19.186497733321094,72.98477955743232,L,Trafficking,86,2
2023-07-04 18:45:00,18,1,7,19.1293331986731,72.83360267394626,T,Begging,87,3
2023-10-04 07:36:00,7,2,10,19.099944096135193,72.82954499738041,C,Lost Child,93,3
2023-06-17 07:29:00,7,5,6,18.943468671008038,72.83364797302832,K/W,Runaway,57,3
2023-12-23 00:51:00,0,5,12,19.20530680335636,72.98269975336817,B,Abuse,35,2
2023-03-28 12:49:00,12,1,3,19.24066553004982,72.88405634242983,B,Abuse,47,2
2023-01-26 08:15:00,8,3,1,19.13754112355537,72.85602980159517,P/N,Abuse,53,2
2023-08-19 22:09:00,22,5,8,19.20055462289717,72.99943460494737,A,Begging,30,5
2023-06-29 02:12:00,2,3,6,19.294289538688478,72.86293907730354,H/W,Child Labour,88,4
2023-06-22 06:44:00,6,3,6,19.256562352328014,72.99056784747373,N,Lost Child,51,3
2023-11-14 01:08:00,1,1,11,18.994440572870776,72.85702514908601,E,Lost Child,71,3
2023-08-08 16:23:00,16,1,8,19.078137688372834,72.91323607395736,R/C,Child Labour,87,3
2023-01-07 21:26:00,21,5,1,19.153758022693268,72.80554367377601,R/N,Runaway,34,1
2023-09-08 17:25:00,17,4,9,19.136886867867013,72.86535732602748,D,Trafficking,65,2
2023-12-26 01:30:00,1,1,12,19.259520763650432,72.97990800321601,R/S,Child Labour,41,4
2023-06-25 10:26:00,10,6,6,18.91433842782292,72.88652036811138,B,Abuse,48,2
2023-11-22 23:42:00,23,2,11,19.143622750560827,72.8952026943674,M/E,Abuse,91,1
2023-03-19 13:40:00,13,6,3,18.93950782519041,72.81841390613778,R/C,Abuse,59,2
2023-03-21 16:03:00,16,1,3,18.93520416492032,72.9504741981816,E,Child Labour,76,2
2023-11-15 14:18:00,14,2,11,18.92492852670554,72.832297235459,G/S,Lost Child,93,3
2023-11-01 09:37:00,9,2,11,19.274583642893457,72.93220768540154,G/S,Trafficking,48,1
2023-11-01 23:19:00,23,2,11,19.01654028955287,72.8442987576192,P/N,Trafficking,75,1
2023-03-24 23:47:00,23,4,3,19.126865780917914,72.9910955389887,F/N,Runaway,83,4
2023-07-15 21:11:00,21,5,7,19.06340856040581,72.81482710138002,R/N,Lost Child,44,1
2023-04-09 07:11:00,7,6,4,18.979675561485845,72.96877901146217,R/N,Child Labour,42,2
2023-07-17 23:19:00,23,0,7,19.261792871130538,72.92595142683993,B,Child Labour,71,3
2023-10-06 11:17:00,11,4,10,19.21619121021167,72.9646954566686,F/N,Lost Child,79,5
2023-02-26 18:15:00,18,6,2,18.9814028336676,72.87622997933327,M/E,Child Labour,63,2
2023-07-13 08:18:00,8,3,7,19.269453783559385,72.83646288106124,N,Lost Child,51,3
2023-10-10 00:29:00,0,1,10,19.002864175247606,72.98341503795606,K/W,Trafficking,43,2
2023-01-01 03:04:00,3,6,1,19.263751620537224,72.99666101564452,B,Child Labour,55,3
2023-06-22 15:37:00,15,3,6,19.247865930611,72.82003779286363,F/N,Runaway,80,3
2023-11-14 00:59:00,0,1,11,18.986307699144998,72.99890765516069,K/E,Begging,53,5
2023-12-21 00:14:00,0,3,12,19.135181792086804,72.90190074459508,B,Lost Child,55,5
2023-10-29 11:00:00,11,6,10,18.915576823285164,72.83504865674111,L,Lost Child,56,3
2023-04-25 10:35:00,10,1,4,19.01499327643159,72.89956819582913,E,Abuse,44,2
2023-10-12 15:50:00,15,3,10,19.159724410922237,72.8353642217769,F/N,Runaway,57,4
2023-10-03 12:17:00,12,1,10,18.969305443802785,72.95960496000967,D,Child Labour,64,4
2023-09-17 10:36:00,10,6,9,19.118441173932744,72.8250330999057,H/W,Abuse,52,1
2023-09-08 02:21:00,2,4,9,19.14070486225769,72.97459287438558,S,Abuse,38,2
2023-07-16 17:17:00,17,6,7,19.235731108408576,72.9791150432289,R/N,Child Labour,88,3
2023-05-11 20:49:00,20,3,5,19.207627517113064,72.82035002081786,L,Abuse,92,1
2023-09-29 03:24:00,3,4,9,19.008089658880383,72.8282360907874,G/N,Trafficking,57,1
2023-11-05 20:19:00,20,6,11,18.94139196519783,72.92184884357343,F/S,Child Labour,99,4
2023-07-24 13:59:00,13,0,7,19.085456930451862,72.93882009011836,P/N,Begging,46,5
2023-08-23 07:09:00,7,2,8,19.26479553569233,72.96477799228728,R/S,Abuse,72,1
2023-05-14 20:21:00,20,6,5,19.09344901914642,72.81993618568178,R/S,Child Labour,99,2
2023-01-24 08:26:00,8,1,1,19.2316160513991,72.88999774132606,T,Trafficking,82,1
2023-04-23 01:23:00,1,6,4,19.29444967594425,72.81813324257867,D,Runaway,57,4
2023-09-03 02:25:00,2,6,9,18.909160724191945,72.99278644523262,S,Runaway,95,3
2023-10-21 21:16:00,21,5,10,19.000025082565585,72.98831180432931,P/N,Abuse,32,1
2023-05-18 11:31:00,11,3,5,19.04479503261936,72.80162526498205,G/S,Abuse,84,2
2023-07-24 20:16:00,20,0,7,18.989716021925926,72.8745618826888,P/N,Begging,31,4
2023-12-26 10:46:00,10,1,12,19.23283610090727,72.9202880296006,B,Child Labour,83,2
2023-07-20 11:02:00,11,3,7,19.05379127951929,72.92298555759815,H/E,Begging,94,3
2023-05-12 18:15:00,18,4,5,18.905866972297886,72.86597967834496,S,Child Labour,91,3
2023-03-23 07:54:00,7,3,3,19.125381307239323,72.93791465157302,K/E,Runaway,53,5
2023-11-11 17:51:00,17,5,11,18.948366505880333,72.9655741107483,A,Runaway,89,4
2023-05-22 13:59:00,13,0,5,18.91519217665901,72.87117872612374,F/N,Begging,59,5
2023-09-22 02:11:00,2,4,9,18.945018710014857,72.93157999642071,K/E,Abuse,54,1
2023-06-14 17:00:00,17,2,6,19.24088466785568,72.8055030734879,M/W,Trafficking,77,1
2023-03-23 13:11:00,13,3,3,19.05637982148352,72.999455058283,R/N,Child Labour,44,2
2023-05-27 04:34:00,4,5,5,19.076296555014135,72.9888073113713,T,Begging,85,5
2023-05-13 07:35:00,7,5,5,19.17634474380585,72.93419993250667,A,Trafficking,36,2
2023-04-12 21:22:00,21,2,4,18.93343476553943,72.94875956226825,F/N,Child Labour,35,2
2023-03-17 02:32:00,2,4,3,19.203246728333266,72.838286366383,C,Begging,68,3
2023-01-31 10:27:00,10,1,1,18.999218575710653,72.85136690134458,G/S,Child Labour,86,1
2023-04-28 09:55:00,9,4,4,19.06333787003338,72.92321387434555,A,Child Labour,92,2
2023-12-28 13:34:00,13,3,12,19.0449400795129,72.84218982789262,R/N,Begging,91,5
2023-04-24 17:10:00,17,0,4,19.257836981792625,72.84970261228396,F/N,Lost Child,32,4
2023-08-23 00:29:00,0,2,8,18.91763953452039,72.80487013781136,L,Lost Child,73,5
2023-03-27 01:03:00,1,0,3,19.144675301245826,72.96385380230288,E,Runaway,64,4
2023-10-19 03:34:00,3,3,10,18.972339406010068,72.88230086020137,L,Lost Child,64,4
2024-01-01 08:16:00,8,0,1,18.954937142021027,72.93436517167916,G/N,Child Labour,60,2
2023-08-18 19:46:00,19,4,8,19.23149497540724,72.86992318998304,G/S,Trafficking,31,2
2023-12-27 04:03:00,4,2,12,19.13964649806323,72.84010959454176,K/E,Abuse,81,1
2023-06-18 00:06:00,0,6,6,19.054478547873142,72.9637808433026,H/W,Child Labour,54,2
2023-04-02 20:52:00,20,6,4,19.089645475038527,72.87617579110378,P/N,Lost Child,57,5
2023-08-17 18:06:00,18,3,8,19.20560627594289,72.97679568147865,E,Runaway,50,5
2023-03-22 16:31:00,16,2,3,18.975146833399013,72.85783397881356,H/E,Lost Child,86,4
2023-05-01 04:15:00,4,0,5,19.28913767312062,72.91970871278703,R/S,Runaway,34,5
2023-10-29 13:27:00,13,6,10,18.916779102427046,72.82401993632216,G/S,Runaway,55,3
2023-10-05 01:20:00,1,3,10,19.178853627549046,72.84788612525739,R/N,Abuse,69,2
2023-11-03 02:22:00,2,4,11,19.170162551238246,72.83529488995381,R/N,Lost Child,92,2
2023-09-24 06:57:00,6,6,9,19.179825274253623,72.80207131496552,H/E,Begging,30,3
2023-10-29 23:43:00,23,6,10,19.112939767035343,72.80173261784341,A,Begging,41,3
2023-11-09 00:25:00,0,3,11,19.099742916794394,72.97488585204115,D,Runaway,33,5
2023-12-03 19:39:00,19,6,12,18.900119297142318,72.93895443022478,P/N,Runaway,46,5
2023-08-26 02:12:00,2,5,8,19.218445403895004,72.96528563095575,S,Lost Child,33,4
2023-08-16 06:40:00,6,2,8,19.14405967523544,72.82914938319016,T,Child Labour,63,3
2023-10-24 07:14:00,7,1,10,19.24236010134415,72.83693007143336,F/S,Lost Child,40,5
2023-07-31 16:39:00,16,0,7,18.989461816975105,72.86889728475174,K/E,Begging,30,5
2023-06-03 03:52:00,3,5,6,18.948191598244662,72.9828992880531,G/S,Begging,49,4
2023-03-07 15:04:00,15,1,3,19.13020867861399,72.89615617039287,K/E,Lost Child,78,4
2023-05-18 23:07:00,23,3,5,19.178369366808624,72.93114263070468,P/S,Lost Child,79,4
2023-09-03 07:47:00,7,6,9,19.108676118678556,72.8665830114272,F/S,Trafficking,80,2
2023-10-25 20:41:00,20,2,10,19.175340921114564,72.88168278980807,E,Lost Child,80,5
2023-08-08 16:47:00,16,1,8,19.146868726947496,72.94934757213309,F/S,Child Labour,80,3
2023-09-14 12:57:00,12,3,9,18.96619295791966,72.8267060247297,M/E,Child Labour,92,4
2023-12-02 09:40:00,9,5,12,18.97405888591992,72.90692133217233,K/W,Abuse,64,1
2023-02-13 21:38:00,21,0,2,18.946267620102063,72.84585008741834,R/S,Abuse,67,5
2023-09-21 20:49:00,20,3,9,19.163381263925714,72.8532702858079,H/E,Trafficking,39,2
2023-05-26 03:39:00,3,4,5,19.249155227747845,72.84492793143627,D,Runaway,73,4
2023-08-27 10:51:00,10,6,8,19.07798601243737,72.83033008353345,C,Trafficking,33,1
2023-03-27 16:46:00,16,0,3,18.92475700308961,72.82157182639041,G/S,Abuse,47,2
2023-01-19 13:08:00,13,3,1,19.247176622965256,72.91836781257663,P/S,Trafficking,33,2
2023-04-28 12:30:00,12,4,4,19.175199941911014,72.926615735828,P/S,Begging,63,3
2023-08-03 18:01:00,18,3,8,19.228109466475214,72.92538772488561,P/N,Child Labour,71,2
2023-10-17 04:11:00,4,1,10,19.28104614084515,72.8819917351658,G/S,Runaway,31,3
2023-09-15 17:38:00,17,4,9,19.02944210386048,72.86286352485449,G/N,Begging,90,5
2023-11-29 08:24:00,8,2,11,18.96583622951901,72.81794179672049,R/S,Abuse,44,1
2023-07-12 12:05:00,12,2,7,19.291624793612975,72.98122153563484,C,Child Labour,52,4
2023-03-16 04:00:00,4,3,3,19.052861826876793,72.89608760405096,F/S,Abuse,77,1
2023-12-10 21:02:00,21,6,12,19.025477074478164,72.97247213797917,E,Lost Child,61,3
2023-08-26 13:06:00,13,5,8,18.910472718340543,72.854895091172,K/E,Begging,65,3
2023-04-07 12:31:00,12,4,4,19.21337763634463,72.82633011734917,B,Runaway,66,5
2023-11-07 04:04:00,4,1,11,18.958223523748046,72.99390148380441,F/S,Abuse,50,2
2023-09-09 15:34:00,15,5,9,19.26855525362046,72.8830213262096,K/W,Abuse,97,2
2023-02-25 11:27:00,11,5,2,19.020220452494737,72.93226231998234,L,Runaway,78,4
2023-11-08 03:46:00,3,2,11,19.112842510992483,72.80338544984203,S,Abuse,48,2
2023-09-24 17:34:00,17,6,9,18.963624533277958,72.91925817410217,K/W,Lost Child,84,4
2023-12-22 23:03:00,23,4,12,19.165615021485944,72.99364916196696,C,Begging,59,4
2023-07-30 06:23:00,6,6,7,19.236321803074933,72.91086741924005,P/S,Begging,48,5
2023-07-30 22:43:00,22,6,7,19.121225507044755,72.97647291670997,M/E,Trafficking,33,2
2023-10-30 08:45:00,8,0,10,19.168374430283645,72.88634707557395,K/E,Runaway,91,5
2023-03-24 18:46:00,18,4,3,19.0961204166499,72.94391348085499,M/W,Trafficking,61,1
2023-02-05 06:27:00,6,6,2,18.976358901236484,72.89260019939435,C,Child Labour,42,2
2023-10-04 05:09:00,5,2,10,18.934820726319487,72.82813386604585,D,Abuse,32,2
2023-04-12 09:29:00,9,2,4,19.024112334087963,72.93448288446295,M/W,Trafficking,44,2
2023-01-31 17:43:00,17,1,1,19.00190343012747,72.87861639731818,R/S,Lost Child,99,3
2023-09-16 22:12:00,22,5,9,19.251220088106784,72.95960353863423,C,Runaway,91,5
2023-09-14 05:25:00,5,3,9,19.179969395786777,72.89313950615858,A,Lost Child,54,4
2023-07-17 14:10:00,14,0,7,18.90875836137228,72.91525038356575,P/N,Begging,35,5
2023-01-06 14:05:00,14,4,1,19.206728579308727,72.81014448384062,R/N,Child Labour,51,4
2023-11-06 00:56:00,0,0,11,19.056042225638816,72.845111408114,K/E,Begging,95,3
2023-04-29 08:43:00,8,5,4,18.9234492915261,72.97243428904278,N,Abuse,31,2
2023-02-12 21:47:00,21,6,2,19.05243358016361,72.8183332747101,N,Abuse,90,4
2023-09-11 19:51:00,19,0,9,19.076207098330052,72.91013310341037,F/N,Lost Child,95,4
2023-07-15 11:14:00,11,5,7,19.06073732100115,72.84813967140047,L,Begging,55,3
2023-03-02 20:19:00,20,3,3,18.90441547279325,72.95312806451646,S,Lost Child,42,5
2023-09-10 12:48:00,12,6,9,19.278275979081748,72.80783406233513,P/N,Runaway,52,3
2023-12-29 20:23:00,20,4,12,19.173050204597935,72.8012341699633,T,Child Labour,52,2
2023-07-10 08:10:00,8,0,7,18.970680151179863,72.96323953152127,N,Lost Child,46,3
2023-10-29 16:41:00,16,6,10,19.11955361886207,72.83393865083889,K/W,Trafficking,38,5
2023-05-12 23:35:00,23,4,5,19.21629075604668,72.97936807930525,K/E,Child Labour,91,2
2023-08-24 23:43:00,23,3,8,19.287460550244795,72.98948825970193,L,Trafficking,57,1
2023-11-07 17:17:00,17,1,11,19.173138590164932,72.89778762261041,G/N,Runaway,90,4
2023-12-19 15:31:00,15,1,12,18.975414954901634,72.8521996753681,K/E,Abuse,64,1
2023-03-21 08:09:00,8,1,3,19.28784476764671,72.92189799377087,M/E,Trafficking,60,2
2023-10-04 01:54:00,1,2,10,18.964901581506457,72.8588924744801,R/N,Abuse,45,1
2023-12-03 23:38:00,23,6,12,19.268970572949755,72.90955210489241,B,Lost Child,78,3
2023-03-10 06:19:00,6,4,3,19.007973901731056,72.89387469013603,M/E,Abuse,47,1
2023-05-30 02:43:00,2,1,5,18.957649922031585,72.88680169563979,K/W,Lost Child,56,3
2023-11-06 23:42:00,23,0,11,19.09659210536714,72.86293709194096,H/E,Trafficking,53,1
2023-01-01 04:11:00,4,6,1,18.910907702793736,72.89875024778685,E,Child Labour,76,2
2023-06-18 16:34:00,16,6,6,19.295079051029433,72.9737318171941,G/S,Abuse,67,2
2023-11-06 12:25:00,12,0,11,19.203698498022366,72.82294443961126,T,Child Labour,70,2
2023-12-03 10:18:00,10,6,12,18.90656800722895,72.81829799031946,D,Lost Child,37,1
2023-07-11 16:19:00,16,1,7,19.067824761684005,72.8115170252456,R/S,Child Labour,66,2
2024-01-01 09:19:00,9,0,1,19.06297089849589,72.97634826132925,F/N,Lost Child,82,3
2023-11-07 10:39:00,10,1,11,19.07171389576772,72.86531283838649,L,Child Labour,65,3
2023-05-10 15:29:00,15,2,5,19.161790397813032,72.97261559292592,S,Trafficking,74,2
2023-06-08 00:33:00,0,3,6,19.090616245825668,72.85927233341614,F/N,Runaway,49,3
2023-10-30 15:28:00,15,0,10,19.12454871418858,72.81150111484209,R/N,Child Labour,93,4
2023-05-06 05:23:00,5,5,5,19.006180820466536,72.99835035600772,R/S,Abuse,77,2
2023-02-25 19:43:00,19,5,2,19.234292057972052,72.818953203067,K/E,Abuse,73,1
2023-03-26 20:39:00,20,6,3,19.17097648432354,72.8680905572465,R/C,Abuse,78,1
2023-01-19 11:10:00,11,3,1,19.25152576076999,72.88676123541238,R/C,Begging,30,4
2023-09-15 22:50:00,22,4,9,19.217303001690265,72.8805986420489,S,Lost Child,63,4
2023-10-10 00:53:00,0,1,10,19.29077614729575,72.91211701490339,H/W,Abuse,71,2
2023-11-29 09:37:00,9,2,11,18.92476543083045,72.88498099628762,H/E,Child Labour,98,2
2023-04-21 13:04:00,13,4,4,19.191544789842197,72.82463535605973,R/S,Trafficking,31,2
2023-01-27 15:56:00,15,4,1,19.1827268153525,72.89175262624582,T,Trafficking,49,1
2023-01-31 21:34:00,21,1,1,19.06453602668263,72.92526152324103,L,Lost Child,92,3
2023-09-16 17:32:00,17,5,9,18.972942170043478,72.93991362970212,H/W,Runaway,58,4
2023-07-31 20:41:00,20,0,7,19.018252958511567,72.96597293430234,S,Runaway,48,5
2023-06-12 17:51:00,17,0,6,19.24898570900815,72.84751824245164,N,Begging,38,3
2023-03-14 07:45:00,7,1,3,19.20408764830525,72.89797285785299,K/W,Runaway,65,4
2023-03-28 10:06:00,10,1,3,19.16169477123296,72.87800647818005,R/N,Lost Child,36,5
2023-09-18 08:43:00,8,0,9,19.087948671015965,72.87323560114282,F/S,Lost Child,89,4
2023-10-19 22:38:00,22,3,10,19.23213294165307,72.8800185065948,S,Trafficking,39,1
2023-02-17 13:04:00,13,4,2,19.091332911371424,72.88224154822879,F/S,Abuse,31,1
2023-10-01 09:06:00,9,6,10,19.10786024995571,72.9387705482131,L,Trafficking,65,1
2023-07-20 07:47:00,7,3,7,19.299063287560266,72.8450320404609,M/E,Trafficking,31,2
2023-04-23 12:11:00,12,6,4,19.173475103507354,72.87299627229837,K/W,Child Labour,92,2
2023-09-28 11:57:00,11,3,9,19.012061527864365,72.90282296543089,F/S,Lost Child,98,5
2023-01-24 13:30:00,13,1,1,19.28100676726252,72.97797039920192,G/S,Child Labour,77,3
2023-09-24 06:28:00,6,6,9,18.9006077960437,72.82961705986742,P/N,Begging,94,3
2023-08-23 00:21:00,0,2,8,18.91115306354498,72.84312469023573,L,Trafficking,48,1
2023-02-08 07:39:00,7,2,2,19.046339831273183,72.81135953558314,A,Trafficking,90,2
2023-01-08 21:34:00,21,6,1,18.924495027939425,72.85975292860826,G/N,Runaway,56,5
2023-08-29 04:10:00,4,1,8,19.18712601021864,72.81917419537893,P/S,Runaway,95,4
2023-10-17 02:15:00,2,1,10,19.163681781306686,72.80386521415817,D,Lost Child,63,5
2023-02-18 12:07:00,12,5,2,19.226202172678025,72.80646803441715,F/N,Runaway,64,4
2023-01-24 03:32:00,3,1,1,19.280226293604446,72.89178285503866,T,Runaway,92,3
2023-09-08 20:04:00,20,4,9,19.284299152173183,72.95539944869314,F/N,Child Labour,32,3
2023-05-14 23:25:00,23,6,5,19.253275675338156,72.88125448066452,K/E,Begging,84,3
2023-12-08 07:52:00,7,4,12,18.90890260832128,72.83832954577069,R/N,Runaway,45,4
2023-08-13 22:11:00,22,6,8,19.101660771402493,72.91439905954688,C,Abuse,37,3
2023-03-04 04:13:00,4,5,3,19.185033296731923,72.87696578195545,F/N,Begging,42,3
2023-06-19 09:09:00,9,0,6,19.023938290091824,72.97925302328963,F/N,Lost Child,87,3
2023-04-07 18:43:00,18,4,4,18.999953966296545,72.97266840489783,P/N,Child Labour,37,3
2023-01-09 01:30:00,1,0,1,19.274551178038564,72.91108976458344,K/W,Child Labour,37,3
2023-11-07 04:30:00,4,1,11,19.2638773149908,72.80261720740718,M/E,Runaway,85,3
2023-07-27 06:53:00,6,3,7,19.218540891207898,72.97775760565088,A,Begging,78,5
2023-10-16 14:45:00,14,0,10,19.29141946597827,72.94160848657842,P/N,Trafficking,55,2
2023-03-21 03:52:00,3,1,3,19.105763337210398,72.95737235568892,D,Abuse,44,2
2023-06-13 23:00:00,23,1,6,19.000473554604895,72.89763723450677,A,Child Labour,93,4
2023-05-25 23:13:00,23,3,5,18.944662550603134,72.83530901625113,L,Abuse,39,2
2023-03-09 12:35:00,12,3,3,18.956847596329183,72.99576796871183,K/E,Child Labour,93,2
2023-12-30 13:13:00,13,5,12,19.075558663350975,72.89068456913489,S,Begging,81,1
2023-01-18 09:08:00,9,2,1,18.947703448321473,72.80641720371773,M/W,Abuse,73,2
2023-05-09 09:40:00,9,1,5,18.982206478711227,72.86223474741246,M/W,Child Labour,31,4
2023-10-22 16:55:00,16,6,10,18.915243285131307,72.87525092636214,E,Trafficking,34,1
2023-01-21 15:39:00,15,5,1,19.141234032535934,72.89410698851643,S,Lost Child,83,1
2023-02-05 03:29:00,3,6,2,19.27742344713179,72.86076960059158,P/S,Lost Child,55,3
2023-02-01 04:19:00,4,2,2,18.919307209687958,72.8572408085076,K/W,Lost Child,34,5
2023-10-16 15:36:00,15,0,10,18.9838569019742,72.87649286859951,N,Runaway,65,3
2023-05-23 05:49:00,5,1,5,19.11000476570672,72.81944674575091,R/N,Child Labour,95,4
2023-12-07 16:31:00,16,3,12,19.065663298443962,72.84084692394755,C,Lost Child,80,3
2023-04-06 13:51:00,13,3,4,19.121319144042058,72.81173742771763,L,Trafficking,58,1
2023-10-17 10:37:00,10,1,10,19.025382148526905,72.8902323355404,G/S,Trafficking,75,1
2023-06-10 15:41:00,15,5,6,19.176356959833914,72.90503217664791,D,Trafficking,86,1
2023-12-11 15:46:00,15,0,12,19.13300530747185,72.859318762102,F/N,Abuse,52,1
2023-07-29 01:59:00,1,5,7,19.14263626478884,72.82802586929307,M/W,Trafficking,31,1
2023-10-21 13:25:00,13,5,10,19.133113502066685,72.9487710220046,D,Abuse,74,3
2023-04-16 12:00:00,12,6,4,19.12357121035973,72.85386757818479,T,Child Labour,69,2
2023-01-24 03:39:00,3,1,1,18.97981297143086,72.84396566928324,G/N,Begging,97,4
2023-06-12 15:59:00,15,0,6,18.95113504277827,72.80433678029188,M/W,Lost Child,76,4
2023-05-19 16:01:00,16,4,5,19.084884347579123,72.8312049619402,K/E,Lost Child,60,5
2023-06-02 14:23:00,14,4,6,19.1001897409181,72.8746308761689,A,Begging,98,4
2023-06-08 07:58:00,7,3,6,19.17118391223334,72.92514183651744,G/S,Child Labour,95,3
2023-05-23 03:52:00,3,1,5,18.9423552124558,72.96980888986171,B,Trafficking,59,1
2023-07-02 09:00:00,9,6,7,19.05518426420042,72.96619924567565,B,Lost Child,65,3
2023-06-16 11:00:00,11,4,6,19.1651337526526,72.97118323146864,R/N,Abuse,70,2
2023-12-09 14:07:00,14,5,12,19.245382703509968,72.8730700157443,G/S,Runaway,80,3
2023-09-20 15:18:00,15,2,9,19.189813924702353,72.98334518219595,H/E,Runaway,72,4
2023-05-08 11:25:00,11,0,5,19.256610504186664,72.83705977085944,S,Trafficking,99,2
2023-09-11 19:29:00,19,0,9,19.284112401803092,72.82530001645775,E,Lost Child,44,4
2023-10-10 16:03:00,16,1,10,19.235947959109524,72.83985800731729,M/W,Child Labour,54,3
2023-06-02 21:41:00,21,4,6,19.03354439327978,72.86579616238025,S,Begging,47,3
2023-04-25 18:17:00,18,1,4,19.294888511153506,72.9020640583075,N,Begging,84,3
2023-03-13 16:59:00,16,0,3,19.00687872020306,72.96002300182641,M/E,Lost Child,57,5
2023-01-24 08:49:00,8,1,1,19.05433464786182,72.93297299592929,P/S,Trafficking,52,1
2023-08-24 18:57:00,18,3,8,19.003658724283607,72.93335142505822,P/S,Abuse,75,1
2023-01-19 10:16:00,10,3,1,18.912099508996633,72.87684150879072,N,Runaway,31,3
2023-06-08 09:17:00,9,3,6,19.031818779744633,72.85010925470499,F/N,Begging,42,2
2023-08-13 13:21:00,13,6,8,18.941023346149265,72.8081869746715,E,Begging,49,4
2023-10-24 20:34:00,20,1,10,19.274500015824767,72.89284101095886,G/N,Child Labour,38,2
2023-02-20 19:14:00,19,0,2,19.0365806554082,72.83781906865134,K/W,Abuse,97,2
2023-05-23 21:46:00,21,1,5,18.947903897522842,72.93278479716672,R/S,Lost Child,93,5
2023-06-26 08:03:00,8,0,6,19.23397719012549,72.97626634908094,R/S,Lost Child,81,3
2023-10-13 06:27:00,6,4,10,19.059132662136413,72.89140979369787,G/S,Trafficking,44,2
2023-07-16 18:34:00,18,6,7,18.919350288784063,72.98911455313207,B,Begging,72,4
2023-10-23 04:55:00,4,0,10,19.03657953489914,72.9685849450369,H/E,Abuse,92,5
2023-05-07 12:00:00,12,6,5,19.268285532615586,72.9785188211954,A,Trafficking,50,2
2023-01-10 00:39:00,0,1,1,19.06665404224525,72.96243776970374,H/W,Begging,92,3
2023-03-31 18:52:00,18,4,3,19.29551015172246,72.96390205511955,G/N,Abuse,50,1
2023-07-13 12:09:00,12,3,7,19.224203292193284,72.99774998745517,B,Abuse,35,1
2023-10-29 12:32:00,12,6,10,19.162472524355252,72.9546995846424,G/N,Abuse,76,2
2023-11-19 18:26:00,18,6,11,19.120386405814095,72.93223583138696,T,Runaway,74,5
2023-10-23 07:48:00,7,0,10,19.034495355521628,72.85441976387241,L,Trafficking,38,1
2023-06-07 06:27:00,6,2,6,19.08027720748338,72.95420173659899,M/E,Trafficking,74,2
2023-01-19 05:50:00,5,3,1,18.92416280704349,72.93984996667767,D,Runaway,56,3
2023-03-29 20:28:00,20,2,3,19.00867567791944,72.92859221441643,M/W,Begging,88,3
2023-09-09 11:05:00,11,5,9,19.114362607036213,72.82875413369563,B,Lost Child,60,4
2023-11-20 00:02:00,0,0,11,18.988191328884056,72.9935918503403,R/N,Runaway,63,5
2023-10-20 21:30:00,21,4,10,19.171823947346752,72.87944610492617,F/S,Trafficking,46,1
2023-02-14 01:12:00,1,1,2,18.98362586421868,72.944726433576,N,Abuse,71,2
2023-04-17 11:09:00,11,0,4,19.163970875274764,72.9551835850354,A,Trafficking,77,1
2023-01-07 09:53:00,9,5,1,18.954884781939747,72.95329120775916,R/N,Lost Child,40,3
2023-02-23 01:49:00,1,3,2,18.966336945517796,72.90380375871614,P/N,Lost Child,97,4
2023-03-27 19:46:00,19,0,3,19.2272794143063,72.90022334813266,K/E,Abuse,46,2
2023-05-04 20:19:00,20,3,5,19.027267985888482,72.8442363735949,R/N,Child Labour,33,4
2023-12-14 20:07:00,20,3,12,19.046851128182304,72.80248901072508,G/S,Child Labour,44,4
2023-06-17 06:06:00,6,5,6,19.108358552717416,72.80678138929012,D,Abuse,67,2
2023-07-15 02:35:00,2,5,7,18.901720284798813,72.83707396402008,L,Runaway,54,3
2023-12-11 19:17:00,19,0,12,18.915895878130318,72.89121731626602,M/W,Lost Child,72,4
2023-07-23 17:57:00,17,6,7,19.182977100654142,72.88121799891655,H/E,Child Labour,89,4
2023-11-16 17:39:00,17,3,11,18.940252373307313,72.87859701186382,M/W,Child Labour,72,4
2023-12-26 16:42:00,16,1,12,19.079126704708337,72.95866139334082,S,Runaway,78,4
2023-02-18 04:48:00,4,5,2,19.218893624305508,72.93584499989478,G/S,Trafficking,93,1
2023-06-11 11:29:00,11,6,6,19.122216483626094,72.88085526968594,H/W,Begging,74,3
2023-12-07 21:56:00,21,3,12,18.973325569038586,72.87709444178573,P/N,Abuse,95,2
2023-02-21 04:53:00,4,1,2,19.03488080285533,72.91617658240237,E,Runaway,30,5
2023-09-28 19:43:00,19,3,9,18.96162721864018,72.89451392729599,T,Begging,47,4
2023-04-15 14:57:00,14,5,4,19.237341728298453,72.83109546505257,B,Trafficking,98,2
2023-02-23 08:27:00,8,3,2,18.921784031096312,72.93155450967916,M/E,Lost Child,43,5
2023-09-22 06:21:00,6,4,9,18.983842204724088,72.95222818807545,C,Abuse,30,2
2023-01-19 06:08:00,6,3,1,19.101311832028983,72.89550025224274,M/W,Begging,48,3
2023-07-07 11:34:00,11,4,7,19.047684136543843,72.87582208544691,A,Lost Child,55,5
2023-08-06 22:46:00,22,6,8,19.029805909183786,72.85511524519879,D,Child Labour,46,2
2023-08-29 16:16:00,16,1,8,18.91717163498747,72.80995818019677,L,Begging,64,4
2023-10-02 04:51:00,4,0,10,19.290967746121325,72.89035989438828,L,Begging,40,5
2023-07-06 07:10:00,7,3,7,18.92867749370609,72.93388058055363,L,Abuse,74,1
2023-01-06 21:35:00,21,4,1,19.254027966554766,72.83652280602841,F/S,Runaway,80,4
2023-02-23 21:09:00,21,3,2,19.241461015181628,72.99280155788522,P/N,Child Labour,85,2
2023-05-01 09:14:00,9,0,5,19.16058441625344,72.9660059576258,H/E,Trafficking,65,1
2023-09-11 15:48:00,15,0,9,19.27654246680052,72.8766302827898,P/N,Lost Child,67,2
2023-03-14 21:37:00,21,1,3,19.09496753287454,72.92538972133492,F/S,Runaway,41,3
2023-09-20 20:30:00,20,2,9,19.109456668934037,72.93582849731851,T,Trafficking,95,2
2023-01-30 18:12:00,18,0,1,19.030757344854646,72.86202292279633,H/E,Trafficking,87,2
2023-06-29 15:09:00,15,3,6,18.996038600023006,72.80603339416096,K/W,Abuse,91,4
2023-08-29 17:22:00,17,1,8,18.97139004383067,72.81496054982954,P/S,Runaway,71,5
2023-01-11 03:58:00,3,2,1,19.000062418531474,72.9331759756991,F/S,Lost Child,87,3
2023-11-29 18:44:00,18,2,11,19.118018332268534,72.86216421036202,D,Child Labour,67,4
2023-11-01 12:40:00,12,2,11,18.98471183242406,72.88209000160896,H/E,Trafficking,34,2
2023-03-15 05:03:00,5,2,3,18.94238859262211,72.99524038821896,M/W,Child Labour,77,3
2023-09-26 16:36:00,16,1,9,19.010718570823627,72.90006033950516,E,Trafficking,39,2
2023-09-29 01:19:00,1,4,9,18.912829891599248,72.8451786170117,F/S,Trafficking,59,1
2023-06-27 23:15:00,23,1,6,19.28345267442226,72.85979809366225,C,Lost Child,62,3
2023-02-18 23:54:00,23,5,2,18.921712425557047,72.82045858007288,R/S,Begging,35,4
2023-04-05 23:31:00,23,2,4,18.997107911570563,72.90157958349168,N,Trafficking,37,1
2023-03-28 02:17:00,2,1,3,19.258936950556613,72.80258537247343,E,Child Labour,31,4
2023-04-18 09:38:00,9,1,4,19.16133296487548,72.86749092379279,H/W,Runaway,59,3
2023-07-02 05:11:00,5,6,7,19.091878596716366,72.88491897510823,N,Runaway,78,5
2023-09-13 05:50:00,5,2,9,19.172856327630452,72.8463443771853,T,Lost Child,70,5
2023-05-13 11:38:00,11,5,5,19.228839642382994,72.93284974278112,E,Trafficking,47,2
2023-10-13 08:05:00,8,4,10,18.980775637512615,72.94344855460791,R/N,Abuse,44,1
2023-06-17 11:24:00,11,5,6,19.21143990309601,72.8410988365472,A,Lost Child,90,5
2023-01-10 08:24:00,8,1,1,19.06784146685502,72.85083564943058,M/E,Lost Child,46,5
2023-12-01 11:09:00,11,4,12,18.937465192672406,72.99565889323365,P/S,Trafficking,88,2
2023-02-15 18:02:00,18,2,2,19.28355978557925,72.97711270360605,R/N,Abuse,80,4
2023-04-03 06:03:00,6,0,4,19.00886703614801,72.90110379646548,R/S,Begging,37,4
2023-01-04 12:33:00,12,2,1,18.98402881916879,72.99474882777646,G/N,Abuse,55,2
2023-02-18 04:35:00,4,5,2,19.08416647275107,72.98042629840862,F/S,Abuse,52,1
2023-09-07 08:52:00,8,3,9,19.094178789730105,72.94269304517805,M/W,Lost Child,83,5
2023-08-16 06:42:00,6,2,8,19.143418224582742,72.94521334815877,H/W,Trafficking,61,2
2023-07-11 01:12:00,1,1,7,19.116147412117783,72.92818044176867,L,Trafficking,73,1
2023-08-09 11:03:00,11,2,8,19.123642877036712,72.91240038813599,B,Abuse,35,2
2023-10-16 23:46:00,23,0,10,19.291343689113813,72.8270755874972,G/S,Lost Child,65,3
2023-12-18 04:53:00,4,0,12,19.082005775787508,72.9550528126951,E,Lost Child,43,4
2023-08-18 14:47:00,14,4,8,18.973146215056136,72.96724433415962,H/W,Abuse,68,1
2023-07-28 10:31:00,10,4,7,19.055219927989093,72.80440696549586,F/S,Abuse,37,2
2023-02-05 11:12:00,11,6,2,18.989847559494653,72.93992246581846,M/W,Runaway,77,5
2023-04-05 12:27:00,12,2,4,19.290731523764087,72.98869945392106,D,Begging,53,4
2023-06-13 22:14:00,22,1,6,18.977634811903684,72.83371234643919,B,Abuse,87,2
2023-02-14 11:01:00,11,1,2,19.25595323213586,72.89838320600458,P/N,Trafficking,71,1
2023-11-03 17:46:00,17,4,11,18.90430287328741,72.91398655429259,H/E,Trafficking,92,2
2023-01-29 02:30:00,2,6,1,19.195731096458527,72.80810075588747,D,Lost Child,53,3
2023-11-04 07:15:00,7,5,11,19.292772720756464,72.95932053258564,F/N,Lost Child,94,3
2023-04-04 01:01:00,1,1,4,19.05288575353387,72.87791848903211,R/S,Trafficking,89,2
2023-10-25 16:41:00,16,2,10,18.99886674276087,72.81643109677492,N,Runaway,91,5
2023-07-28 14:36:00,14,4,7,19.263182276611122,72.84465589081698,M/E,Child Labour,69,2
2023-12-17 05:11:00,5,6,12,18.93937861418856,72.98669705275739,N,Child Labour,57,3
2023-03-10 23:16:00,23,4,3,19.194319653260763,72.99894896851804,G/S,Child Labour,86,2
2023-06-01 22:39:00,22,3,6,19.202882923469083,72.80873713729973,N,Abuse,98,2
2023-08-31 00:44:00,0,3,8,19.133507738679654,72.90502121496606,L,Child Labour,76,3
2023-08-23 00:13:00,0,2,8,19.159640768893986,72.87603680067703,B,Abuse,95,2
2023-02-19 20:11:00,20,6,2,19.025887802020346,72.92494008764525,K/W,Trafficking,34,1
2023-01-23 15:36:00,15,0,1,19.135849779526787,72.8795199229838,M/W,Abuse,97,2
2023-08-17 08:55:00,8,3,8,18.949658374776263,72.86552074951317,H/E,Begging,61,3
2023-02-14 18:28:00,18,1,2,18.971644302346586,72.88979970115395,C,Begging,49,5
2023-03-06 06:24:00,6,0,3,18.9408334341876,72.88461934394283,G/S,Lost Child,53,5
2023-08-15 18:52:00,18,1,8,19.07385717664519,72.83630269044221,S,Begging,44,4
2023-07-08 06:27:00,6,5,7,18.949606244932667,72.9793049616152,P/N,Lost Child,49,4
2023-01-02 10:48:00,10,0,1,19.1218810261561,72.98863229018959,M/W,Trafficking,30,3
2023-08-14 15:56:00,15,0,8,19.21818610020483,72.99566119153495,M/E,Begging,38,5
2023-02-21 12:05:00,12,1,2,19.115890384251518,72.94314609225607,N,Runaway,75,4
2023-11-20 21:49:00,21,0,11,19.294410739601275,72.92514803469939,H/E,Trafficking,92,1
2023-04-10 18:02:00,18,0,4,18.999641391791446,72.89003178626199,M/W,Lost Child,87,4
2023-07-02 19:03:00,19,6,7,18.92869402830885,72.86206978329602,P/N,Child Labour,36,2
2023-02-12 16:46:00,16,6,2,18.964621327323115,72.9808023877501,R/S,Abuse,61,1
2023-12-22 22:31:00,22,4,12,19.21676315337261,72.92436698960994,R/S,Lost Child,80,4
2023-09-30 17:54:00,17,5,9,18.98085703058003,72.8450812479952,E,Begging,50,4
2023-10-11 03:55:00,3,2,10,19.226177643269256,72.8694451696746,R/S,Lost Child,65,3
2023-04-08 13:24:00,13,5,4,19.275640722315156,72.90868953899202,K/E,Begging,96,5
2023-11-03 17:46:00,17,4,11,18.910965450108066,72.93620508416113,S,Runaway,66,5
2023-02-12 10:55:00,10,6,2,18.900772166502797,72.80973851305592,F/N,Trafficking,43,2
2023-02-19 02:51:00,2,6,2,19.132045975217164,72.83071150821578,E,Child Labour,82,2
2023-07-19 00:46:00,0,2,7,18.947984078648904,72.84947615359478,G/S,Begging,73,5
2023-11-19 07:07:00,7,6,11,18.911218860035792,72.91691327178417,K/W,Lost Child,57,3
2023-02-11 02:33:00,2,5,2,19.20288914861271,72.81605111206275,B,Trafficking,84,2
2023-03-24 10:50:00,10,4,3,19.17114335425468,72.8545267256633,R/N,Trafficking,81,2
2023-10-01 12:15:00,12,6,10,18.97820304574351,72.93930266563314,G/S,Begging,71,3
2023-09-06 05:04:00,5,2,9,19.259744122483774,72.82737329085548,T,Begging,90,4
2023-01-17 08:42:00,8,1,1,19.29787516182799,72.92199004461317,M/E,Begging,41,3
2023-10-21 12:47:00,12,5,10,19.27859531722008,72.87285913166524,D,Lost Child,38,4
2023-01-27 15:40:00,15,4,1,18.939511562533955,72.94998454526463,P/N,Abuse,61,1
2023-06-11 20:22:00,20,6,6,18.982460486226422,72.98868035503006,G/N,Child Labour,80,4
2023-01-24 19:10:00,19,1,1,19.10919268718332,72.98203723429886,C,Begging,78,4
2023-10-08 03:13:00,3,6,10,19.16551504773582,72.80991138904339,G/N,Child Labour,76,3
2023-09-18 16:21:00,16,0,9,19.156667393243218,72.97822407827772,B,Trafficking,67,3
2023-10-02 14:26:00,14,0,10,18.986057850563657,72.83633460613355,B,Trafficking,31,2
2023-01-16 23:14:00,23,0,1,19.22619121599704,72.9216054172569,M/W,Begging,44,5
2023-06-24 19:33:00,19,5,6,19.016757579267605,72.84729982692524,L,Child Labour,84,4
2023-06-06 05:33:00,5,1,6,19.11666966472853,72.86595188496341,G/N,Begging,50,3
2023-07-01 13:18:00,13,5,7,19.133489279384296,72.80448148200573,G/N,Runaway,61,5
2023-11-09 00:56:00,0,3,11,19.028592062666256,72.81652177743044,G/N,Begging,67,3
2023-01-20 03:44:00,3,4,1,19.107109833696207,72.87019908440548,R/C,Runaway,36,5
2023-02-11 20:01:00,20,5,2,19.03282956073255,72.8025651580432,E,Abuse,61,1
2023-05-25 05:21:00,5,3,5,19.221216130054017,72.99113530650564,K/W,Begging,38,4
2023-03-16 16:18:00,16,3,3,19.102355291683406,72.95351488170546,G/N,Trafficking,74,2
2023-07-17 06:32:00,6,0,7,19.200429845836858,72.8821059652106,R/S,Child Labour,43,4
2023-03-03 08:27:00,8,4,3,19.225484847797738,72.93607903698273,E,Child Labour,79,2
2023-08-30 18:52:00,18,2,8,19.08395849424498,72.92767043070626,R/S,Begging,37,5
2023-09-13 23:25:00,23,2,9,19.1112331078978,72.92602576216038,F/N,Abuse,48,1
2023-11-07 04:09:00,4,1,11,19.12524844882302,72.84927432257427,P/N,Abuse,80,2
2023-01-04 04:40:00,4,2,1,19.21184635549082,72.98663750893336,R/N,Child Labour,71,3
2023-04-15 03:53:00,3,5,4,19.12481256921671,72.97896387717887,E,Trafficking,57,2
2023-03-03 06:46:00,6,4,3,19.206779490221198,72.83643620720834,H/E,Runaway,52,3
2023-08-28 01:06:00,1,0,8,19.24728903512412,72.90563682894268,R/C,Lost Child,73,4
2023-06-29 16:54:00,16,3,6,19.269159294666164,72.84980229658821,P/N,Begging,60,3
2023-04-02 17:41:00,17,6,4,18.9525051330856,72.84397549108915,F/N,Begging,95,5
2023-03-04 02:44:00,2,5,3,19.160067385584615,72.99970311246184,F/S,Runaway,83,3
2023-06-20 20:38:00,20,1,6,19.137036610981927,72.99497350880092,N,Child Labour,72,3
2023-09-22 01:38:00,1,4,9,19.118151237988574,72.8366191181104,R/S,Runaway,39,4
2023-09-12 22:03:00,22,1,9,19.251867922655972,72.95014400272211,R/N,Child Labour,38,4
2023-11-21 16:43:00,16,1,11,18.947807928721083,72.9535104359383,R/S,Lost Child,55,3
2023-09-29 03:06:00,3,4,9,19.12579264170382,72.92023130352496,E,Runaway,68,4
2023-09-09 15:54:00,15,5,9,18.940771898945897,72.83180259112197,R/N,Lost Child,36,3
2023-05-20 22:43:00,22,5,5,19.040847107916612,72.81308019881942,E,Runaway,57,5
2023-03-11 07:20:00,7,5,3,19.176285113495865,72.94757023522237,F/S,Trafficking,99,1
2023-11-30 05:24:00,5,3,11,19.18167191079008,72.81194138406013,K/E,Lost Child,65,3
2023-02-19 00:41:00,0,6,2,18.96841020451408,72.94463383088966,P/S,Child Labour,39,2
2023-08-04 16:07:00,16,4,8,19.271758040577925,72.91444326186709,R/S,Runaway,35,3
2023-10-08 07:43:00,7,6,10,18.95717958502895,72.84255400675927,M/W,Begging,39,5
2023-04-06 13:45:00,13,3,4,19.037253969894753,72.87352568708175,P/N,Begging,35,3
2023-07-08 05:05:00,5,5,7,19.174479416380567,72.99045517483971,T,Lost Child,47,4
2023-02-01 08:14:00,8,2,2,19.21932105650082,72.93270600086014,R/N,Abuse,89,2
2023-05-01 06:34:00,6,0,5,18.99550980092936,72.82817509980725,R/C,Trafficking,49,1
2023-03-26 15:25:00,15,6,3,19.100855558901063,72.82784417485578,R/S,Lost Child,57,5
2023-06-10 13:52:00,13,5,6,19.038705079391676,72.88536972323618,K/E,Begging,32,5
2023-02-14 08:44:00,8,1,2,19.02461881819158,72.81696062992015,P/S,Abuse,42,1
2023-04-27 19:50:00,19,3,4,19.089544772084015,72.98459714239816,H/W,Trafficking,36,1
2023-03-20 03:04:00,3,0,3,19.02543153606362,72.86405427884206,G/S,Trafficking,38,1
2023-12-19 09:06:00,9,1,12,19.025118764641082,72.96940545139057,M/W,Trafficking,92,1
2023-06-16 06:14:00,6,4,6,19.004217618960656,72.85395089315031,K/E,Child Labour,53,2
2023-11-19 08:14:00,8,6,11,19.112152465459516,72.8824801336887,L,Trafficking,79,1
2023-09-06 21:49:00,21,2,9,19.148378748551014,72.92113309075624,F/S,Runaway,33,4
2023-02-17 06:58:00,6,4,2,18.99915324369054,72.98748196550443,F/S,Lost Child,63,3
2023-04-15 08:04:00,8,5,4,19.239882107120497,72.85382900837116,P/N,Runaway,47,5
2023-01-23 15:07:00,15,0,1,19.018785105024048,72.85039686530195,G/S,Lost Child,52,3
2023-04-29 23:27:00,23,5,4,18.93658367650525,72.9696996521473,E,Lost Child,82,5
2023-12-08 17:08:00,17,4,12,18.965941303265264,72.940138368049,F/S,Abuse,52,2
2023-12-02 05:00:00,5,5,12,19.234926857195898,72.84106539064607,H/W,Begging,68,3
2023-07-17 02:57:00,2,0,7,19.130057637967763,72.90964206759789,R/S,Lost Child,90,5
2023-04-16 14:27:00,14,6,4,19.018525712566237,72.89808066049764,F/N,Lost Child,54,5
2023-04-21 05:22:00,5,4,4,19.118272084215324,72.83446104096623,R/S,Lost Child,82,5
2023-05-02 19:44:00,19,1,5,18.93211329823151,72.90861706230932,F/N,Runaway,53,3
2023-08-25 18:26:00,18,4,8,19.04025587250758,72.98579248592864,R/C,Trafficking,31,1
2023-07-26 04:01:00,4,2,7,19.168627196219912,72.80256854272193,N,Runaway,70,3
2023-10-14 04:28:00,4,5,10,18.93845393199193,72.85055362257796,B,Begging,70,3
2023-10-11 19:14:00,19,2,10,19.185662345781296,72.96902558267149,S,Begging,36,3
2023-03-08 03:15:00,3,2,3,19.12058813026628,72.94503951387163,M/E,Child Labour,37,2
2023-06-10 11:28:00,11,5,6,19.045918636837754,72.81301668429545,C,Trafficking,63,2
2023-12-23 19:23:00,19,5,12,18.905975342686734,72.82850989004204,M/E,Child Labour,43,3
2023-02-16 18:47:00,18,3,2,19.21921994456237,72.89564039471799,R/N,Runaway,88,4
2023-01-21 12:53:00,12,5,1,19.000205288357808,72.99981531178396,P/S,Child Labour,81,4
2023-05-06 21:51:00,21,5,5,18.993519175832425,72.9070645432875,R/N,Child Labour,66,3
2023-04-12 15:12:00,15,2,4,19.047294731800037,72.80556471677674,P/S,Abuse,59,1
2023-04-06 00:37:00,0,3,4,18.976583598747688,72.91634233290476,F/N,Child Labour,52,4
2023-06-28 13:52:00,13,2,6,18.990824937996642,72.93929237621592,P/S,Runaway,64,5
2023-10-08 19:34:00,19,6,10,18.995848937584487,72.99969604755118,T,Runaway,63,4
2023-04-30 04:10:00,4,6,4,19.186667558821846,72.93486744953374,K/E,Begging,97,5
2023-05-14 08:17:00,8,6,5,18.956501714795724,72.8614961883829,M/W,Begging,63,5
2023-07-13 06:48:00,6,3,7,19.0702467216369,72.85631236011695,F/N,Abuse,97,2
2023-02-13 23:00:00,23,0,2,19.27048936612763,72.91758224915677,S,Begging,59,5
2023-08-19 16:27:00,16,5,8,19.05342516039015,72.83443359895456,G/S,Abuse,52,2
2023-08-27 02:51:00,2,6,8,19.012234403438654,72.9669639689318,K/E,Abuse,65,1
2023-02-23 07:42:00,7,3,2,19.185400716880203,72.93704740285115,C,Child Labour,61,4
2023-06-02 08:34:00,8,4,6,19.014693871982516,72.90857027268359,P/S,Runaway,83,5
2023-05-30 01:07:00,1,1,5,18.98913799227299,72.82199719769004,G/S,Lost Child,90,5
2023-09-22 05:32:00,5,4,9,19.26856223717918,72.86810575894303,D,Runaway,39,4
2023-09-21 10:06:00,10,3,9,19.239864913385276,72.88493742152583,G/N,Trafficking,70,2
2023-11-15 15:34:00,15,2,11,19.19620645238579,72.91908492799617,K/W,Trafficking,88,1
2023-01-11 00:15:00,0,2,1,19.2621694689641,72.94575544327016,R/N,Runaway,44,4
2023-11-03 05:58:00,5,4,11,19.262273441160175,72.80455392408784,C,Abuse,62,1
2023-03-06 11:21:00,11,0,3,19.13315186627674,72.93784119838503,L,Lost Child,53,4
2023-03-31 13:31:00,13,4,3,19.133002386546277,72.85758236124418,D,Child Labour,41,3
2023-03-20 08:34:00,8,0,3,19.09132073262933,72.91237562878918,L,Child Labour,33,3
2023-04-27 04:13:00,4,3,4,19.12087376436532,72.89345217699322,R/C,Child Labour,67,3
2023-09-27 20:14:00,20,2,9,19.0451711092089,72.86096008969622,R/C,Abuse,90,1
2023-02-03 16:34:00,16,4,2,19.23697947382064,72.83223650626364,G/N,Begging,43,4
2023-04-18 07:46:00,7,1,4,19.256470309132627,72.93785569605761,R/S,Runaway,39,3
2023-11-22 17:30:00,17,2,11,19.008305817293177,72.80937058062395,R/N,Trafficking,73,1
2023-03-30 09:42:00,9,3,3,18.93126646441574,72.96619287566098,D,Lost Child,34,5
2023-10-20 18:04:00,18,4,10,19.209336824866952,72.98646241896422,G/N,Begging,59,3
2023-12-05 18:10:00,18,1,12,18.93245826982038,72.85571169807636,L,Begging,71,5
2023-03-26 06:14:00,6,6,3,19.028907509562924,72.9267296638507,R/C,Lost Child,50,3
2023-09-01 00:49:00,0,4,9,18.927040966594596,72.99595892789839,P/N,Abuse,95,2
2023-07-25 03:56:00,3,1,7,18.97500925341955,72.801932479954,F/N,Child Labour,58,2
2023-03-16 13:43:00,13,3,3,18.913505780831496,72.80491277553789,N,Trafficking,68,1
2023-07-06 00:16:00,0,3,7,19.292666905287447,72.91518435041307,L,Lost Child,79,4
2023-04-09 14:01:00,14,6,4,19.181503944673953,72.90398232716453,H/W,Child Labour,96,4
2023-05-12 07:54:00,7,4,5,18.90185048523683,72.95645375671756,A,Begging,78,4
2023-03-17 02:50:00,2,4,3,19.21241105839969,72.83386710088395,G/S,Trafficking,56,1
2023-08-13 15:42:00,15,6,8,19.288593568345593,72.92007715982025,L,Abuse,85,5
2023-07-28 11:34:00,11,4,7,19.046762066054434,72.88900858155942,E,Trafficking,90,1
2023-05-24 15:17:00,15,2,5,19.259790238153258,72.98793711769602,H/E,Abuse,36,1
2023-01-11 14:17:00,14,2,1,19.243708574434557,72.97598705252305,G/N,Begging,55,3
2023-09-10 20:43:00,20,6,9,19.074937361276145,72.90083286360468,B,Abuse,43,1
2023-08-23 14:14:00,14,2,8,19.210354973145733,72.80269890282183,K/W,Lost Child,67,4
2023-07-02 00:34:00,0,6,7,19.198737683739044,72.80679439738893,N,Runaway,45,3
2023-08-05 08:52:00,8,5,8,19.27367138187881,72.92318953708859,H/E,Runaway,98,4
2023-08-20 16:11:00,16,6,8,19.045543486203652,72.90302392752105,P/S,Begging,56,3
2023-06-13 13:14:00,13,1,6,19.29339404246579,72.83260703352244,C,Runaway,42,3
2023-11-06 19:38:00,19,0,11,19.097191976507357,72.97713177062468,E,Begging,76,5
2023-10-30 06:20:00,6,0,10,19.187790003478796,72.98992980697174,H/W,Child Labour,76,3
2023-02-24 09:11:00,9,4,2,18.9837700451254,72.91618884292316,T,Child Labour,75,2
2023-03-11 20:46:00,20,5,3,18.996020323356763,72.85061727586837,H/E,Abuse,94,2
2023-02-04 12:13:00,12,5,2,19.245548923806112,72.97579950674974,G/N,Lost Child,44,4
2023-03-27 23:26:00,23,0,3,19.168678412100427,72.8242522260308,S,Trafficking,88,1
2023-10-24 14:04:00,14,1,10,18.913492546519237,72.92998507407418,E,Lost Child,62,1
2023-04-04 17:08:00,17,1,4,18.96699873468858,72.9185175374246,G/S,Lost Child,88,5
2023-07-06 07:01:00,7,3,7,18.990505749645216,72.86591379487183,P/S,Trafficking,84,1
2023-02-10 04:58:00,4,4,2,18.973335103977767,72.83792475286704,F/S,Runaway,51,5
2023-02-10 21:29:00,21,4,2,19.047106871680356,72.81813580547022,D,Trafficking,63,2
2023-09-13 23:23:00,23,2,9,19.2653309838893,72.81453644100783,R/C,Trafficking,82,1
2023-10-09 05:03:00,5,0,10,19.039986879503537,72.95582199726506,C,Lost Child,92,4
2023-07-18 09:07:00,9,1,7,19.29177606752301,72.974571306497,C,Trafficking,98,2
2023-10-01 04:46:00,4,6,10,19.222387703721054,72.9937569167828,P/N,Child Labour,33,2
2023-12-04 10:35:00,10,0,12,19.18013765042095,72.95534240144893,B,Lost Child,88,3
2023-08-18 08:58:00,8,4,8,18.954338831182053,72.9359889738571,P/N,Runaway,95,3
2023-08-29 20:29:00,20,1,8,19.00805657089888,72.97785059121091,P/N,Lost Child,37,5
2023-05-18 05:13:00,5,3,5,19.07621623798199,72.93043936742623,S,Runaway,71,4
2023-05-27 06:17:00,6,5,5,19.13185100252034,72.88127278240913,R/C,Child Labour,31,2
2023-10-15 22:13:00,22,6,10,19.282181974815913,72.89682917678672,H/E,Begging,48,3
2023-06-26 00:37:00,0,0,6,19.2514790300043,72.95761120169504,E,Child Labour,32,4
2023-12-05 07:42:00,7,1,12,18.912520790336913,72.95053717963066,H/W,Child Labour,73,2
2023-12-15 06:10:00,6,4,12,19.124666700528124,72.82347389537361,M/E,Abuse,67,2
2023-11-13 19:40:00,19,0,11,19.076260347614486,72.8288271303303,A,Lost Child,60,4
2023-11-28 00:30:00,0,1,11,19.02666945840263,72.81916079939813,L,Trafficking,47,2
2023-10-23 12:06:00,12,0,10,18.950254907582757,72.92146243990453,A,Trafficking,73,1
2023-10-20 04:09:00,4,4,10,19.046045248756634,72.90047219815663,D,Abuse,85,1
2023-09-03 02:19:00,2,6,9,18.988702628170323,72.90379033047972,M/E,Lost Child,83,3
2023-04-10 06:14:00,6,0,4,19.23387783783618,72.84368802849366,A,Child Labour,99,2
2023-05-13 21:35:00,21,5,5,19.05549660984069,72.88826883552473,A,Runaway,44,5
2023-05-30 12:36:00,12,1,5,18.94398569282935,72.85517317097495,C,Child Labour,75,2
2023-04-19 02:28:00,2,2,4,19.101642078288048,72.84033769036645,G/S,Begging,46,5
2023-02-01 23:00:00,23,2,2,19.275788590801618,72.8012389715774,M/E,Lost Child,66,3
2023-09-17 19:01:00,19,6,9,19.06751154071419,72.9988471706128,F/S,Child Labour,76,4
2023-06-03 16:20:00,16,5,6,18.98651915947085,72.98865949636628,P/S,Abuse,54,1
2023-02-08 18:57:00,18,2,2,19.221552876807856,72.90984247224185,N,Lost Child,45,5
2023-10-30 21:02:00,21,0,10,19.147628961095275,72.98222709687519,F/S,Begging,45,5
2023-03-13 13:24:00,13,0,3,18.94860927178514,72.91520745655001,H/W,Runaway,31,4
2023-09-17 18:53:00,18,6,9,19.139776825416114,72.90778944140607,R/N,Trafficking,44,1
2023-11-21 07:43:00,7,1,11,19.122266266459143,72.97886085329776,L,Runaway,70,4
2023-12-03 23:52:00,23,6,12,19.167144549320646,72.94545801230721,P/S,Runaway,98,4
2023-06-20 09:55:00,9,1,6,19.085886738524138,72.99426330959005,K/W,Runaway,42,5
2023-10-22 17:52:00,17,6,10,19.208758001588883,72.84041252996045,G/N,Trafficking,78,2
2023-06-25 10:11:00,10,6,6,18.985185622542712,72.841889123725,N,Trafficking,77,2
2023-11-13 01:04:00,1,0,11,19.274021692636953,72.87224028398562,E,Child Labour,80,4
2023-04-24 06:45:00,6,0,4,18.965789979898236,72.92373619264454,P/S,Lost Child,95,3
2023-04-05 00:07:00,0,2,4,18.975560887025267,72.8304551806498,E,Child Labour,70,3
2023-04-28 07:55:00,7,4,4,19.099487259154014,72.94956745165241,K/W,Child Labour,97,3
2023-03-28 05:55:00,5,1,3,19.000815681077476,72.85328939105804,G/S,Begging,62,5
2023-12-27 21:46:00,21,2,12,19.094909222808067,72.95995121412129,N,Child Labour,74,4
2023-12-05 18:20:00,18,1,12,18.9506667348525,72.91870556512673,R/S,Child Labour,47,3
2023-02-16 19:12:00,19,3,2,19.271302473621603,72.89233419298213,R/N,Abuse,60,2
2023-06-12 08:58:00,8,0,6,18.944275978121183,72.80703116707595,N,Begging,90,3
2023-08-03 06:09:00,6,3,8,19.14130323805668,72.97303072604403,K/W,Child Labour,41,4
2023-03-03 18:54:00,18,4,3,18.900256309084444,72.88682757001233,B,Begging,37,5
2023-12-16 01:12:00,1,5,12,18.953063927390158,72.82147693441424,R/S,Child Labour,90,2
2023-05-19 10:24:00,10,4,5,18.96901584288265,72.91686755118037,G/N,Child Labour,86,3
2023-11-09 17:44:00,17,3,11,19.191897855061328,72.89687636615072,E,Lost Child,89,5
2023-09-14 01:13:00,1,3,9,19.094629415154856,72.95516093629672,E,Runaway,95,3
2023-07-07 15:06:00,15,4,7,18.94261591069362,72.96968316509864,A,Trafficking,33,1
2023-10-26 11:47:00,11,3,10,19.227141914287593,72.82809095808351,K/W,Runaway,99,5
2023-08-29 03:15:00,3,1,8,19.273966378793013,72.9823117012426,N,Abuse,47,2
2023-01-26 16:21:00,16,3,1,19.020277801961793,72.84362236316342,M/W,Abuse,87,2
2023-05-31 13:52:00,13,2,5,19.17257503883398,72.83943158039209,F/N,Lost Child,66,4
2023-01-11 06:21:00,6,2,1,19.06036497405248,72.9573120503388,A,Abuse,87,1
2023-07-16 11:34:00,11,6,7,18.962370602115374,72.93388493301786,P/N,Child Labour,33,3
2023-07-20 07:36:00,7,3,7,19.052351246305218,72.9390776904098,C,Runaway,97,3
2023-10-04 13:44:00,13,2,10,19.21683362114108,72.93072017239123,G/N,Lost Child,55,5
2023-01-03 07:40:00,7,1,1,19.194685347619902,72.89104612133224,A,Abuse,80,2
2023-10-30 22:30:00,22,0,10,18.99216205269579,72.97147340109562,T,Runaway,61,5
2023-07-18 05:08:00,5,1,7,19.153480117914803,72.99303180416669,C,Child Labour,46,3
2023-04-30 14:46:00,14,6,4,18.984329160479664,72.8025524579831,C,Lost Child,30,3
2023-04-02 04:45:00,4,6,4,19.259327777654477,72.8933661404112,T,Abuse,32,2
2023-02-17 07:14:00,7,4,2,19.270093122204926,72.82466193454918,E,Abuse,65,1
2023-06-19 06:24:00,6,0,6,18.98190210886294,72.93239772009368,R/C,Lost Child,99,5
2023-01-22 19:39:00,19,6,1,18.943356801858126,72.91417771898921,R/N,Child Labour,43,3
2023-08-25 16:43:00,16,4,8,19.27984926468178,72.94193531422522,M/W,Child Labour,76,5
2023-02-27 19:49:00,19,0,2,18.993146265236334,72.8719907301207,M/W,Lost Child,97,4
2023-02-23 04:41:00,4,3,2,19.082759763440944,72.86909865494405,M/E,Abuse,53,2
2023-06-14 02:04:00,2,2,6,19.0306683267643,72.81448412483184,S,Trafficking,79,2
2023-05-02 20:28:00,20,1,5,19.22812546662244,72.95665665701702,R/S,Runaway,32,3
2023-06-03 08:35:00,8,5,6,19.20138913163892,72.9160888287139,S,Child Labour,35,4
2023-10-30 10:51:00,10,0,10,19.177125762841246,72.8796181633544,B,Abuse,67,2
2023-07-19 20:50:00,20,2,7,19.271840475427656,72.94013347195492,H/W,Begging,52,4
2023-09-11 02:57:00,2,0,9,19.241485405493773,72.80617179911546,G/S,Lost Child,81,3
2023-10-06 07:44:00,7,4,10,19.111522587057543,72.88518925382516,T,Child Labour,51,4
2023-10-20 10:23:00,10,4,10,19.109222813702836,72.84193115618815,S,Trafficking,44,1
2023-04-29 08:10:00,8,5,4,19.14124769982321,72.81079913817588,P/N,Abuse,79,2
2023-06-28 09:44:00,9,2,6,19.003549106513667,72.84653542890217,D,Runaway,46,3
2023-03-12 05:23:00,5,6,3,19.15376237571049,72.89068084479536,D,Runaway,86,5
2023-03-06 22:21:00,22,0,3,19.182213540042294,72.98213527858013,E,Child Labour,91,2
2023-09-30 01:58:00,1,5,9,18.96394838011709,72.9851049762874,H/W,Lost Child,34,5
2023-04-26 13:33:00,13,2,4,18.956776042589073,72.94176615764007,M/W,Child Labour,87,3
2023-06-15 13:07:00,13,3,6,19.049077693937484,72.86697000503571,L,Begging,90,5
2023-11-30 13:07:00,13,3,11,19.207459186146927,72.81240461855778,P/S,Begging,63,4
2023-10-31 06:17:00,6,1,10,19.190481657843346,72.8023112947105,L,Abuse,99,1
2023-06-13 16:06:00,16,1,6,19.24706418644038,72.84945238224897,T,Trafficking,92,1
2023-06-23 13:53:00,13,4,6,19.283033736708642,72.80580746008314,A,Child Labour,68,3
2023-09-22 22:26:00,22,4,9,19.285390020457736,72.90923399846828,R/N,Begging,48,5
2023-04-01 23:44:00,23,5,4,19.146397683926857,72.91569742533449,M/E,Child Labour,56,4
2023-08-01 07:24:00,7,1,8,19.0844585438953,72.88936041322808,E,Begging,83,5
2023-02-07 02:53:00,2,1,2,18.984368625144757,72.88358046125313,H/E,Child Labour,38,4
2023-02-12 22:49:00,22,6,2,18.993712236368314,72.92363710677212,L,Lost Child,44,5
2023-01-27 18:34:00,18,4,1,19.253766486501398,72.89502794486411,N,Abuse,32,1
2023-02-13 12:55:00,12,0,2,19.094373329501906,72.927870298057,P/S,Child Labour,73,2
2023-01-12 23:28:00,23,3,1,18.938316416109075,72.94925506313186,D,Trafficking,82,1
2023-10-21 15:35:00,15,5,10,19.1280499578947,72.81976369400545,F/S,Trafficking,54,2
2023-01-20 11:52:00,11,4,1,18.94067134277836,72.8109433170486,K/E,Runaway,36,5
2023-10-11 13:20:00,13,2,10,18.948510506878705,72.92686179806921,H/W,Begging,83,4
2023-10-29 13:20:00,13,6,10,19.256182471697077,72.81462865902711,M/E,Lost Child,47,3
2023-11-27 13:30:00,13,0,11,19.00964598470037,72.85145853709234,M/W,Abuse,82,2
2023-07-30 00:48:00,0,6,7,18.906798975255704,72.8931100440014,F/S,Abuse,47,1
2023-03-21 02:24:00,2,1,3,19.133053436170155,72.87152261558887,G/N,Trafficking,37,3
2023-01-15 00:08:00,0,6,1,19.10905295842327,72.92245721875786,P/N,Abuse,86,1
2023-04-03 22:17:00,22,0,4,19.168935661048202,72.98266406256616,M/W,Child Labour,55,4
2023-06-04 03:29:00,3,6,6,19.142968373401835,72.93731207633928,A,Child Labour,96,2
2023-12-20 05:31:00,5,2,12,18.977932229612477,72.89719953806764,R/S,Trafficking,86,5
2023-06-26 03:14:00,3,0,6,19.19748381852996,72.86694603139895,L,Lost Child,75,4
2023-10-02 18:35:00,18,0,10,18.969689190178418,72.87942262295832,R/N,Begging,62,3
2023-04-04 20:09:00,20,1,4,18.907380851002976,72.86289054748549,L,Runaway,45,5
2023-11-14 10:08:00,10,1,11,18.994270831091264,72.91969536394271,R/C,Trafficking,63,1
2023-04-30 04:42:00,4,6,4,18.901339370615762,72.8520356719087,T,Abuse,31,2
2023-10-16 10:48:00,10,0,10,18.951587194723768,72.95383037335888,R/N,Runaway,45,4
2023-01-11 02:51:00,2,2,1,19.138063720155206,72.92571367732513,H/W,Lost Child,87,5
2023-06-10 14:31:00,14,5,6,18.952658164267927,72.99686566440127,R/C,Trafficking,33,1
2023-04-05 01:46:00,1,2,4,19.024125998854252,72.98506881303472,M/E,Abuse,87,2
2023-07-28 02:56:00,2,4,7,18.969493214104812,72.9509144605635,F/S,Abuse,57,1
2023-03-18 05:23:00,5,5,3,18.922729071971702,72.83494702451888,G/N,Child Labour,62,3
2023-09-20 09:30:00,9,2,9,18.98020576510244,72.86071119757453,K/W,Lost Child,77,5
2023-10-23 10:13:00,10,0,10,19.256269910704415,72.91970227444168,K/E,Lost Child,30,4
2023-06-07 19:53:00,19,2,6,18.9104649479947,72.86680650202246,F/S,Runaway,46,3
2023-04-30 15:30:00,15,6,4,19.014418296702676,72.89641026925793,R/S,Lost Child,88,3
2023-04-25 16:46:00,16,1,4,19.254794945339754,72.99251487206443,S,Abuse,58,1
2023-12-23 13:05:00,13,5,12,19.114311672544723,72.82639355828783,L,Abuse,49,1
2023-08-08 23:22:00,23,1,8,19.235896051459118,72.92991394369483,M/W,Lost Child,59,3
2023-02-25 23:48:00,23,5,2,19.12906682402683,72.83929470956883,A,Lost Child,33,2
2023-09-20 10:41:00,10,2,9,19.095821573031223,72.82394603222583,R/N,Abuse,36,1
2023-05-13 01:59:00,1,5,5,18.962647270952814,72.85585659694239,P/N,Child Labour,86,2
2023-07-29 15:17:00,15,5,7,19.207846511421078,72.98479446653117,P/N,Abuse,92,3
2023-03-20 18:42:00,18,0,3,19.00018672903416,72.85223804032817,S,Runaway,39,3
2023-06-19 14:29:00,14,0,6,19.127358951695562,72.92335153882588,P/S,Abuse,47,2
2023-09-26 06:51:00,6,1,9,19.202662994371224,72.86005700517251,M/W,Lost Child,42,3
2023-08-22 21:42:00,21,1,8,19.19020157547618,72.8506796188824,F/N,Begging,81,3
2023-06-04 07:22:00,7,6,6,19.11406443061384,72.97511338368567,C,Abuse,57,2
2023-05-26 03:20:00,3,4,5,19.297994039284884,72.8934412712695,F/S,Abuse,57,1
2023-08-11 08:58:00,8,4,8,19.04400735956147,72.80832396860109,P/N,Begging,51,4
2023-09-30 19:24:00,19,5,9,19.265151940538345,72.83288077096242,R/C,Begging,88,4
2023-10-23 13:24:00,13,0,10,19.264442763453015,72.97142189841902,E,Child Labour,68,3
2023-10-22 13:00:00,13,6,10,18.919587898208228,72.9734290783523,B,Lost Child,54,4
2023-01-11 05:24:00,5,2,1,18.998673382807745,72.85828717107755,A,Begging,50,3
2023-04-06 02:36:00,2,3,4,19.26429727681408,72.97722339617182,M/W,Runaway,71,1
2023-12-06 00:35:00,0,2,12,19.27698596338458,72.86558729911717,H/E,Abuse,94,1
2023-04-29 22:24:00,22,5,4,18.98430722535859,72.82776368722052,F/S,Runaway,81,5
2023-05-31 22:33:00,22,2,5,18.989365130287094,72.81684616884023,F/S,Lost Child,69,5
2023-05-28 11:08:00,11,6,5,19.058604424609225,72.95042742953837,B,Trafficking,61,1
2023-12-31 00:26:00,0,6,12,18.913398565309112,72.95916624809718,N,Begging,87,5
2023-09-27 22:42:00,22,2,9,19.078345226543394,72.90526289294266,D,Child Labour,91,1
2023-01-13 10:58:00,10,4,1,19.271779638396172,72.98673013578963,C,Runaway,93,3
2023-01-01 10:11:00,10,6,1,19.20490047350357,72.92716899986796,S,Abuse,94,2
2023-02-13 18:38:00,18,0,2,19.238775949057274,72.89066190723071,A,Abuse,98,2
2023-12-19 03:46:00,3,1,12,19.0704710296118,72.81202414915278,T,Abuse,41,5
2023-09-30 21:12:00,21,5,9,19.23900874922222,72.89573802993438,F/N,Runaway,85,3
2023-01-16 16:28:00,16,0,1,19.1386659943296,72.93904379564735,M/E,Runaway,75,5
2023-06-01 14:33:00,14,3,6,19.16104181626396,72.85351685320315,F/N,Runaway,97,5
2023-12-18 21:10:00,21,0,12,19.110275481986026,72.82137402477461,G/S,Begging,41,4
2023-02-01 10:03:00,10,2,2,18.95100356266453,72.82427894554691,M/E,Abuse,41,1
2023-11-05 03:48:00,3,6,11,19.06412981471994,72.8518658875982,N,Lost Child,84,4
2023-05-31 17:39:00,17,2,5,19.283755145930936,72.86158748581066,A,Lost Child,71,4
2023-07-18 02:07:00,2,1,7,19.06474524278986,72.96457388762815,S,Lost Child,69,5
2023-10-01 10:28:00,10,6,10,19.08639802015887,72.86721279994526,M/E,Lost Child,75,5
2023-08-10 00:44:00,0,3,8,19.059391564059258,72.86105883626527,A,Child Labour,35,2
2023-09-20 15:14:00,15,2,9,19.047377014572554,72.91770580674101,E,Lost Child,95,5
2023-01-16 19:10:00,19,0,1,19.098502000050626,72.83335878322183,P/N,Lost Child,93,4
2023-08-11 18:41:00,18,4,8,18.98750615111622,72.81592467182797,L,Runaway,92,3
2023-04-11 01:53:00,1,1,4,19.170880411032577,72.9542961454761,T,Abuse,60,2
2023-04-11 10:40:00,10,1,4,19.211870967340513,72.830164848513,L,Child Labour,89,4
2023-09-16 12:19:00,12,5,9,19.16652234521676,72.87616181150167,R/S,Trafficking,57,2
2023-04-20 00:07:00,0,3,4,19.24857177390627,72.98373250596995,E,Runaway,33,3
2023-08-07 01:45:00,1,0,8,19.195042326419582,72.83250902683365,D,Abuse,68,1
2023-03-23 23:14:00,23,3,3,19.265614871351826,72.97748120001255,L,Lost Child,38,5
2023-01-11 09:49:00,9,2,1,19.239850429892606,72.94878215890719,A,Child Labour,46,2
2023-11-04 13:15:00,13,5,11,19.14010375340788,72.88627913506748,G/S,Lost Child,37,3
2023-09-15 18:35:00,18,4,9,19.207623384897683,72.87498165078898,N,Child Labour,54,2
2023-06-03 12:10:00,12,5,6,18.977126161212716,72.85627413029698,F/N,Begging,82,4
2023-02-17 13:17:00,13,4,2,18.989615290813255,72.90098075828217,F/S,Lost Child,34,5
2023-08-09 13:05:00,13,2,8,19.154992993178034,72.96577548200645,C,Begging,38,5
2023-05-14 15:57:00,15,6,5,19.07747489339752,72.98948093222548,M/E,Begging,42,5
2023-05-18 14:09:00,14,3,5,19.24085481591602,72.87452656539082,K/E,Lost Child,98,4
2023-04-30 12:06:00,12,6,4,19.174010034990076,72.8358134874207,H/E,Child Labour,60,2
2023-09-27 07:16:00,7,2,9,18.905873802330955,72.95093533339343,E,Lost Child,74,3
2023-12-30 01:11:00,1,5,12,19.113445313401236,72.88313177528,N,Begging,77,3
2023-07-28 12:52:00,12,4,7,19.240789161208777,72.9463260965953,R/N,Runaway,71,3
2023-10-16 23:26:00,23,0,10,19.089632236149324,72.97983229388181,R/S,Child Labour,33,2
2023-01-28 13:04:00,13,5,1,18.969800635231053,72.89904743994543,L,Begging,56,4
2023-09-30 07:26:00,7,5,9,18.922966879700404,72.85331939943971,S,Trafficking,61,1
2023-08-24 02:32:00,2,3,8,19.163992933796656,72.80057238644288,F/S,Begging,93,2
2023-12-23 22:04:00,22,5,12,19.097593986421046,72.83834163668132,K/E,Lost Child,89,5
2023-02-12 19:22:00,19,6,2,19.2347874447018,72.95379941003166,D,Abuse,83,2
2023-11-15 16:54:00,16,2,11,19.286319487728413,72.81718615765743,R/N,Begging,73,3
2023-10-01 07:53:00,7,6,10,19.198727335920605,72.89122202268675,G/S,Begging,68,5
2023-03-21 01:02:00,1,1,3,19.181558231901356,72.95911591787004,M/W,Begging,99,3
2023-10-02 05:45:00,5,0,10,19.188886278272125,72.97150153100208,G/S,Trafficking,32,1
2023-10-16 23:24:00,23,0,10,19.162594857566155,72.93193699601677,B,Begging,57,3
2023-06-26 12:21:00,12,0,6,18.961902518386857,72.8772842168947,S,Trafficking,54,2
2023-07-18 02:44:00,2,1,7,19.0234034350868,72.95086811578126,S,Lost Child,61,3
2023-01-08 19:20:00,19,6,1,18.93900912805221,72.9631797764073,P/S,Child Labour,95,3
2023-08-20 07:09:00,7,6,8,19.12068652047634,72.85533034700025,E,Lost Child,74,4
2023-02-09 06:16:00,6,3,2,19.102903347892678,72.98973637434302,N,Trafficking,40,1
2023-04-04 13:44:00,13,1,4,18.94270872771864,72.95627181450442,A,Trafficking,30,2
2023-01-18 12:01:00,12,2,1,18.91205953883054,72.81423872513048,R/N,Begging,50,5
2023-07-07 10:10:00,10,4,7,18.932073926425392,72.86716511316388,T,Lost Child,79,5
2023-06-22 12:07:00,12,3,6,19.05177299425268,72.83670974976255,C,Abuse,31,2
2023-07-29 21:39:00,21,5,7,19.16407336813952,72.87097684421693,G/S,Child Labour,64,4
2023-12-05 15:21:00,15,1,12,18.96842446227439,72.98542437166661,N,Begging,65,5
2023-10-20 00:44:00,0,4,10,19.237611666116276,72.95462073968397,M/W,Trafficking,44,1
2023-08-20 13:11:00,13,6,8,19.264799381078525,72.97382914755646,R/S,Lost Child,45,5
2023-06-30 03:59:00,3,4,6,18.93816857874498,72.99569988874315,N,Begging,47,4
2023-12-24 04:30:00,4,6,12,19.281994461627427,72.94165908338273,T,Abuse,48,1
2023-10-18 02:22:00,2,2,10,18.918597856619833,72.82658108236035,H/W,Begging,43,4
2023-04-08 07:33:00,7,5,4,18.998354090836017,72.86711753688598,E,Lost Child,40,4
2023-12-06 01:48:00,1,2,12,19.24206685767969,72.81341951987987,D,Abuse,81,2
2023-03-09 04:25:00,4,3,3,19.297244480225736,72.86394017071993,N,Begging,60,4
2023-05-17 08:09:00,8,2,5,19.2355601591559,72.93184996029537,D,Lost Child,51,2
2023-02-02 08:31:00,8,3,2,19.224106714227513,72.85929663282671,H/W,Trafficking,93,4
2023-02-13 20:32:00,20,0,2,18.948272013295288,72.86321361455248,M/W,Trafficking,78,2
2023-04-13 01:56:00,1,3,4,19.250844250312426,72.96818745163387,E,Child Labour,83,3
2023-01-24 22:52:00,22,1,1,19.03231623627857,72.89095026055736,R/C,Trafficking,40,1
2023-12-28 04:01:00,4,3,12,19.140308897150426,72.80505671860992,M/W,Child Labour,84,4
2023-08-25 18:28:00,18,4,8,19.241365809567565,72.87639912227111,G/S,Lost Child,63,3
2023-05-18 00:05:00,0,3,5,18.92038192291692,72.81997241620023,K/W,Runaway,88,3
2023-04-16 17:02:00,17,6,4,19.054307942809235,72.83315025657589,S,Runaway,37,3
2023-02-03 09:28:00,9,4,2,19.125924691262956,72.98831928067044,C,Abuse,88,2
2023-10-30 13:54:00,13,0,10,19.16181368540036,72.90282791751065,L,Abuse,90,1
2023-06-18 07:43:00,7,6,6,19.023791753833617,72.83307371282015,H/E,Lost Child,89,5
2023-02-27 07:05:00,7,0,2,19.120101962512926,72.91036884103072,G/S,Begging,79,5
2023-04-11 06:02:00,6,1,4,19.23300138464032,72.98575635967453,G/N,Runaway,47,5
2023-09-13 08:30:00,8,2,9,19.01625184134609,72.80781819070755,M/W,Runaway,41,3
2023-06-06 01:16:00,1,1,6,19.19082058181839,72.85329781894278,F/S,Runaway,36,4
2023-07-28 22:07:00,22,4,7,19.11775641546259,72.97351178319575,T,Abuse,32,2
2023-06-24 07:56:00,7,5,6,18.97308210774749,72.95678773282117,E,Lost Child,34,4
2023-10-14 03:26:00,3,5,10,19.299562073233254,72.93037646311116,B,Trafficking,88,2
2023-01-06 15:46:00,15,4,1,19.299551740492532,72.8369563532783,A,Lost Child,81,4
2023-08-29 13:58:00,13,1,8,19.170290886999528,72.86582399883441,P/N,Trafficking,43,2
2023-02-12 06:22:00,6,6,2,19.290778078374142,72.84364358802002,M/W,Runaway,96,3
2023-05-03 17:04:00,17,2,5,19.175331816055152,72.82823968536883,H/W,Abuse,30,1
2023-03-23 05:19:00,5,3,3,19.093827177526713,72.95296543967441,G/N,Runaway,36,2
2023-12-28 11:09:00,11,3,12,18.995054524717588,72.90737974613425,G/S,Begging,90,4
2023-08-16 05:53:00,5,2,8,18.906665864192128,72.85969075403919,R/S,Begging,91,4
2023-04-07 00:09:00,0,4,4,18.90731265665828,72.84984708865098,N,Lost Child,42,4
2023-03-11 04:27:00,4,5,3,18.991377728098172,72.97266297268585,N,Trafficking,64,1
2023-11-08 11:10:00,11,2,11,19.2219274131913,72.87473130643477,N,Runaway,46,5
2023-07-06 01:32:00,1,3,7,18.920230427394113,72.97538517144888,T,Trafficking,88,1
2023-07-12 10:50:00,10,2,7,19.074415358316827,72.8229318823687,B,Runaway,62,4
2023-02-01 09:39:00,9,2,2,19.024552091625736,72.8523413636479,M/E,Begging,40,3
2023-06-11 19:09:00,19,6,6,18.98753932847574,72.94455094754856,P/N,Lost Child,70,4
2023-04-21 08:16:00,8,4,4,19.134877835222667,72.9776124831459,G/S,Trafficking,33,1
2023-12-21 13:55:00,13,3,12,18.90982089885976,72.98108918006831,P/S,Lost Child,94,5
2023-05-15 21:36:00,21,0,5,19.033283322695624,72.93044035565684,R/C,Trafficking,68,1
2023-10-07 11:00:00,11,5,10,19.233398289606072,72.9853160492747,C,Trafficking,54,3
2023-12-06 18:51:00,18,2,12,18.927745096175926,72.96024874424592,E,Child Labour,87,2
2023-02-04 15:29:00,15,5,2,19.20322871677765,72.9954898508658,A,Begging,61,4
2023-04-24 03:31:00,3,0,4,19.216589634450848,72.96621990139163,R/C,Runaway,36,5
2023-10-30 05:01:00,5,0,10,19.171596913115593,72.8917073587101,G/N,Trafficking,32,2
2023-12-12 23:25:00,23,1,12,19.21063399683249,72.81521749639735,B,Trafficking,38,1
2023-09-02 11:37:00,11,5,9,18.912513578885882,72.97375661831816,M/W,Lost Child,46,3
2023-07-03 20:32:00,20,0,7,19.23332415752862,72.99651929007439,F/N,Begging,31,4
2023-11-18 12:58:00,12,5,11,19.16462532949874,72.84283740932132,P/S,Abuse,41,2
2023-04-13 00:39:00,0,3,4,19.19231135347756,72.9868276019598,G/S,Lost Child,78,5
2023-01-17 11:33:00,11,1,1,18.97799137781345,72.85613955731459,F/S,Trafficking,33,2
2023-04-25 08:01:00,8,1,4,19.172676369626092,72.88541507425813,D,Runaway,93,5
2023-07-10 11:11:00,11,0,7,19.02670837928123,72.9778325921919,H/W,Trafficking,61,2
2023-02-24 08:31:00,8,4,2,19.16667888865255,72.90988263518906,H/E,Child Labour,47,3
2023-11-21 16:01:00,16,1,11,19.103443290865453,72.92005547691096,G/N,Lost Child,31,4
2023-05-15 14:55:00,14,0,5,19.193118613148247,72.8414320457793,E,Begging,41,3
2023-09-13 06:55:00,6,2,9,19.1518862506095,72.83811349906902,F/S,Begging,69,4
2023-03-21 06:30:00,6,1,3,19.296334954553757,72.96925843582704,E,Lost Child,65,5
2023-08-11 06:14:00,6,4,8,19.200200358195872,72.92468699830293,R/C,Runaway,37,3
2023-04-10 14:09:00,14,0,4,19.050143785629537,72.91602617181591,L,Trafficking,53,5
2023-06-25 16:41:00,16,6,6,19.10526096237937,72.98600635550595,M/W,Runaway,51,4
2023-10-17 15:37:00,15,1,10,19.141200902473383,72.95420593607778,R/N,Runaway,88,3
2023-08-29 08:53:00,8,1,8,19.130376259354698,72.83995382721383,F/N,Trafficking,63,1
2023-07-18 11:15:00,11,1,7,19.05843372230474,72.8400151010461,F/N,Abuse,46,1
2023-03-01 07:40:00,7,2,3,19.270850963632817,72.9100675834117,K/E,Trafficking,71,1
2023-02-02 07:28:00,7,3,2,18.97158996165467,72.83635323933382,P/N,Child Labour,80,3
2023-07-15 17:23:00,17,5,7,19.194174535632058,72.80810866679357,H/E,Child Labour,66,4
2023-01-05 04:13:00,4,3,1,19.19765662033597,72.8357666637768,T,Lost Child,93,3
2023-10-03 19:36:00,19,1,10,19.22767276794049,72.82616909145115,B,Begging,53,4
2023-10-27 14:14:00,14,4,10,19.135429007385916,72.99832651127869,F/N,Child Labour,30,4
2023-11-21 02:51:00,2,1,11,18.901318110407367,72.85865069111428,P/N,Child Labour,82,4
2023-02-24 22:38:00,22,4,2,19.2887100923946,72.96277451004526,L,Begging,64,4
2023-07-11 14:36:00,14,1,7,19.136613577537947,72.9489730827959,R/N,Lost Child,90,4
2023-01-10 13:09:00,13,1,1,19.230036802184646,72.8729644226973,R/C,Abuse,87,2
2023-11-27 00:25:00,0,0,11,18.91755952725926,72.89124215634757,E,Abuse,80,1
2023-07-06 16:50:00,16,3,7,19.248875566368536,72.89846950407383,D,Begging,88,4
2023-02-02 02:49:00,2,3,2,18.92237889828264,72.85691386965918,H/E,Lost Child,37,5
2023-07-14 09:29:00,9,4,7,19.100579671600766,72.84775986022949,K/W,Lost Child,46,3
2023-12-11 14:41:00,14,0,12,19.15117620483159,72.92651297685072,B,Begging,52,5
2023-01-05 20:07:00,20,3,1,19.208684126799845,72.95243499669759,G/N,Begging,45,3
2023-03-06 06:20:00,6,0,3,19.205646786000898,72.92782839791846,K/E,Trafficking,64,1
2023-01-08 09:09:00,9,6,1,19.192110197768375,72.93572678681596,H/W,Trafficking,40,2
2023-07-17 06:24:00,6,0,7,19.101621493054886,72.82876279740985,L,Lost Child,87,5
2023-03-04 20:46:00,20,5,3,18.90734792640952,72.98109586309141,K/E,Runaway,52,5
2023-08-19 23:41:00,23,5,8,19.279467065656753,72.94811558338074,R/S,Trafficking,86,1
2023-03-16 18:11:00,18,3,3,19.207385368257956,72.95480358094332,R/C,Runaway,76,4
2023-06-23 04:32:00,4,4,6,19.23491088195472,72.8065431260913,P/S,Lost Child,57,4
2023-11-12 04:24:00,4,6,11,19.1776833092959,72.86953873181223,M/E,Begging,44,3
2023-01-03 15:40:00,15,1,1,18.982927022471312,72.81067444265102,G/N,Child Labour,45,4
2023-02-19 04:26:00,4,6,2,18.964972913144493,72.89748732551224,N,Trafficking,45,2
2023-04-30 17:47:00,17,6,4,19.152382589474936,72.83356981813505,P/N,Trafficking,54,2
2023-04-15 02:56:00,2,5,4,19.09300609118955,72.950528101079,P/N,Abuse,42,2
2023-08-20 05:38:00,5,6,8,19.12491208241463,72.9462280143747,R/S,Runaway,51,4
2023-08-18 00:25:00,0,4,8,19.01690325627915,72.91960816589894,B,Abuse,38,2
2023-01-05 13:25:00,13,3,1,19.112940695727215,72.90483504933097,A,Lost Child,63,5
2023-01-19 13:27:00,13,3,1,19.098529222841577,72.97825514834729,P/N,Runaway,49,5
2023-04-07 21:54:00,21,4,4,19.26784162693145,72.90015061441572,B,Runaway,63,5
2023-12-23 23:49:00,23,5,12,19.194668963653413,72.9552331678009,K/E,Child Labour,99,2
2023-09-05 05:13:00,5,1,9,19.01336344551181,72.83187219438905,A,Abuse,49,1
2023-08-03 08:13:00,8,3,8,19.034380024724133,72.93415223711207,K/E,Begging,75,4
2023-05-05 10:14:00,10,4,5,19.082999378033552,72.94150373552826,B,Begging,65,3
2023-01-26 10:30:00,10,3,1,19.144341806670223,72.84958484715531,R/N,Trafficking,76,2
2023-10-20 07:28:00,7,4,10,19.144563547021466,72.84278420610359,K/E,Lost Child,89,3
2023-03-29 04:47:00,4,2,3,19.10678426190073,72.82113920298379,F/S,Lost Child,53,4
2023-12-24 18:54:00,18,6,12,19.219879698003663,72.8444993798502,F/N,Abuse,83,2
2023-11-06 04:09:00,4,0,11,19.12078594261075,72.96275101750496,F/S,Abuse,94,2
2023-05-05 23:33:00,23,4,5,19.114158169063607,72.92749271381199,B,Runaway,60,4
2023-12-28 13:38:00,13,3,12,19.281434133241074,72.9490265695675,K/E,Abuse,78,1
2023-07-03 05:22:00,5,0,7,19.084929059735046,72.80692159554901,R/S,Child Labour,35,3
2023-01-29 04:52:00,4,6,1,18.951410991916873,72.99191081407719,K/E,Trafficking,71,2
2023-09-30 17:01:00,17,5,9,19.24315539271152,72.98440711260116,H/E,Trafficking,34,1
2023-04-06 02:50:00,2,3,4,19.158507854726974,72.93878716676763,T,Abuse,47,1
2023-01-28 07:12:00,7,5,1,19.288269824822112,72.80036547366126,M/W,Begging,58,3
2023-04-09 01:16:00,1,6,4,18.90237300388199,72.91377502228457,E,Trafficking,78,2
2023-10-11 07:46:00,7,2,10,18.919011201029928,72.98949983036222,R/S,Lost Child,84,3
2023-08-17 17:16:00,17,3,8,19.021569610909854,72.8896552569564,N,Lost Child,68,4
2023-04-24 03:36:00,3,0,4,19.191991934660194,72.82297984316556,K/E,Abuse,97,2
2023-01-27 01:12:00,1,4,1,19.082848550720392,72.8307640449389,F/N,Lost Child,46,5
2023-12-25 17:49:00,17,0,12,18.94432516517514,72.83314624637417,E,Trafficking,74,2
2023-01-07 23:55:00,23,5,1,19.151896780110118,72.89701242891472,D,Lost Child,37,3
2023-02-15 01:01:00,1,2,2,19.133856770090798,72.85198152887274,P/S,Lost Child,35,4
2023-04-15 04:45:00,4,5,4,19.08067481927747,72.80636723472364,P/S,Abuse,55,1
2023-01-02 03:00:00,3,0,1,19.269389087369635,72.91054766929508,G/N,Abuse,85,2
2023-10-28 23:05:00,23,5,10,18.998273487453833,72.8858978616158,H/W,Trafficking,80,1
2023-11-30 00:33:00,0,3,11,19.06338158518947,72.88342919861601,A,Begging,36,4
2023-06-22 18:07:00,18,3,6,18.91393155557313,72.82587464814432,K/W,Begging,49,4
2023-05-14 04:54:00,4,6,5,19.188804963159587,72.87984460562318,N,Child Labour,71,3
2023-06-21 12:46:00,12,2,6,19.14298086931315,72.96400820164028,K/W,Begging,79,4
2023-11-10 09:42:00,9,4,11,19.029702037892132,72.8380598243487,S,Lost Child,73,4
2023-09-15 04:42:00,4,4,9,19.26700334216557,72.97701125469706,M/E,Trafficking,77,2
2023-04-29 00:00:00,0,5,4,19.09207994810242,72.80175187458683,R/N,Begging,38,4
2023-06-03 03:49:00,3,5,6,18.99707668038947,72.80683459262836,G/S,Trafficking,76,2
2023-02-10 13:16:00,13,4,2,19.0022377336928,72.88013344639036,K/W,Abuse,45,1
2023-09-12 18:44:00,18,1,9,19.15361216583256,72.98634598715097,N,Trafficking,74,1
2023-04-19 07:54:00,7,2,4,19.265356564057612,72.83158473102405,G/S,Lost Child,34,3
2023-03-25 19:57:00,19,5,3,19.199903279778862,72.95440865388012,R/S,Begging,87,3
2023-08-01 03:17:00,3,1,8,19.211559097676844,72.88745350342911,G/S,Abuse,83,1
2023-08-31 17:03:00,17,3,8,19.251512408013717,72.89409803996178,H/E,Child Labour,74,3
2023-09-03 20:32:00,20,6,9,19.080179515201237,72.9121497898773,S,Trafficking,55,1
2023-06-24 20:15:00,20,5,6,19.235356589416117,72.83625408202565,C,Trafficking,86,2
2023-06-19 01:11:00,1,0,6,19.240337746387432,72.86506890077459,H/W,Child Labour,35,1
2023-11-30 03:36:00,3,3,11,18.94335631114521,72.92859229985811,G/N,Runaway,63,4
2023-07-30 14:11:00,14,6,7,19.239602972539846,72.8473377980104,M/W,Child Labour,71,1
2023-08-18 09:49:00,9,4,8,19.017994159041326,72.92926034326496,P/S,Child Labour,76,3
2023-11-18 14:42:00,14,5,11,19.040810377668667,72.94109283818834,M/W,Child Labour,37,2
2023-01-01 09:55:00,9,6,1,18.975627616840367,72.96179455461693,S,Child Labour,38,3
2023-12-29 12:22:00,12,4,12,18.961926371774027,72.98838776151082,T,Trafficking,62,1
2023-08-26 01:41:00,1,5,8,19.075996877129562,72.95595017880035,H/W,Abuse,61,1
2023-01-05 10:59:00,10,3,1,19.137986339895654,72.87707026295153,M/W,Lost Child,46,5
2023-04-28 01:49:00,1,4,4,19.2700342081284,72.87342898652396,T,Begging,33,3
2023-06-01 01:36:00,1,3,6,19.002882152554424,72.98624290714932,N,Runaway,96,3
2023-10-11 18:56:00,18,2,10,18.992807492050975,72.92340402920212,C,Child Labour,74,3
2023-02-19 05:09:00,5,6,2,19.26488622992206,72.94664965932887,M/W,Begging,93,4
2023-07-14 17:22:00,17,4,7,19.248205008784094,72.84867413314626,N,Runaway,99,3
2023-05-12 05:25:00,5,4,5,18.969676731588187,72.89477500555996,F/S,Runaway,55,5
2023-09-06 18:14:00,18,2,9,19.135653237923748,72.80158702706635,G/S,Runaway,60,5
2023-08-29 15:09:00,15,1,8,19.26878506922373,72.95412546257793,K/W,Begging,70,4
2023-10-30 23:20:00,23,0,10,19.084646679331335,72.91711703956426,M/E,Lost Child,96,3
2023-04-03 00:53:00,0,0,4,18.973043030095873,72.97616057398105,K/W,Trafficking,48,1
2023-12-02 12:30:00,12,5,12,19.145524968358338,72.97462582601338,F/S,Lost Child,67,3
2023-08-22 13:30:00,13,1,8,19.216162291019835,72.80985200106112,H/E,Abuse,60,2
2023-11-30 21:24:00,21,3,11,18.910859860722205,72.8550469311034,C,Runaway,40,5
2023-04-16 19:05:00,19,6,4,18.902209601240642,72.93952812064708,B,Begging,67,5
2023-11-20 12:31:00,12,0,11,19.237124309920315,72.98519568108105,B,Lost Child,76,4
2023-04-01 18:53:00,18,5,4,19.161857362647922,72.85329472850349,F/S,Child Labour,98,4
2023-06-06 12:55:00,12,1,6,19.153642617358575,72.82289434712654,F/N,Trafficking,52,2
2023-08-06 16:52:00,16,6,8,19.115145584374407,72.9984311999262,B,Abuse,61,2
2023-11-06 20:46:00,20,0,11,18.973014114156086,72.8136298077053,T,Begging,87,5
2023-11-27 01:44:00,1,0,11,18.936254977661097,72.85411451905074,D,Runaway,78,3
2023-12-21 13:15:00,13,3,12,19.039520711192395,72.86057295735894,C,Begging,39,3
2023-08-01 08:03:00,8,1,8,19.062899492112326,72.89510352878031,P/S,Runaway,59,2
2023-09-06 04:45:00,4,2,9,19.189505570538582,72.94037980562113,F/N,Abuse,34,1
2023-07-08 02:09:00,2,5,7,18.959408768165172,72.81371494474875,P/N,Child Labour,32,3
2023-02-08 14:01:00,14,2,2,19.172018180586893,72.89759186113785,D,Begging,73,4
2023-03-22 03:31:00,3,2,3,19.1863925648218,72.84664308398324,H/W,Trafficking,48,2
2023-06-26 15:04:00,15,0,6,19.22807854996704,72.98949881219936,R/S,Trafficking,75,1
2023-06-22 06:36:00,6,3,6,19.253469500171338,72.89521804256265,R/S,Abuse,96,1
2023-12-16 11:10:00,11,5,12,18.939219763220514,72.9621787699726,M/E,Abuse,81,2
2023-04-14 23:53:00,23,4,4,19.141326647174903,72.99823905137117,A,Lost Child,81,4
2023-08-16 01:22:00,1,2,8,19.116091365152037,72.96052161883789,L,Lost Child,32,3
2023-07-02 17:55:00,17,6,7,19.17923033257505,72.8975812731966,H/E,Begging,68,4
2023-10-22 20:29:00,20,6,10,19.178284983176564,72.80960926265122,H/W,Trafficking,83,1
2023-07-04 11:26:00,11,1,7,18.90054269926864,72.9790509537693,L,Child Labour,67,4
2023-03-28 23:34:00,23,1,3,18.961497538760497,72.89414712833536,E,Runaway,43,4
2023-05-29 23:55:00,23,0,5,19.206765920753163,72.90658019505787,H/W,Lost Child,41,4
2023-09-28 03:51:00,3,3,9,19.268817339703933,72.83486941043863,M/W,Trafficking,82,1
2023-10-26 14:52:00,14,3,10,19.13923914194687,72.98126663760992,F/S,Begging,58,3
2023-05-07 20:31:00,20,6,5,19.119555246065264,72.87597982304285,F/N,Trafficking,65,2
2023-08-10 13:01:00,13,3,8,19.117041646317027,72.93021142376024,M/E,Trafficking,96,2
2023-08-23 10:29:00,10,2,8,19.29083127799263,72.98602181032464,B,Runaway,57,3
2023-01-01 00:14:00,0,6,1,19.250535713885547,72.82070746890129,E,Abuse,50,2
2023-01-06 00:30:00,0,4,1,19.269626950309156,72.98164766789104,P/S,Child Labour,81,4
2023-01-03 23:41:00,23,1,1,19.090671588945515,72.90090584019202,T,Abuse,64,2
2023-12-05 19:03:00,19,1,12,19.14210302350204,72.92977435799516,G/N,Begging,36,3
2023-01-11 01:00:00,1,2,1,19.041521432655305,72.821410053287,R/C,Abuse,75,2
2023-08-03 15:14:00,15,3,8,18.91273501093307,72.94651047450097,H/E,Abuse,74,2
2023-05-15 07:27:00,7,0,5,18.97853175923497,72.90710985347947,H/W,Lost Child,32,3
2023-04-26 13:49:00,13,2,4,19.248975176544185,72.89138767033289,M/W,Child Labour,62,2
2023-01-17 09:25:00,9,1,1,19.222975281142258,72.84152053913664,T,Child Labour,66,3
2023-07-12 12:14:00,12,2,7,19.24105083764137,72.81886266065717,M/E,Runaway,47,5
2023-12-24 13:15:00,13,6,12,19.18868393727567,72.98023933455525,L,Runaway,50,4
2023-06-24 22:40:00,22,5,6,19.125392622162657,72.8008785592743,D,Child Labour,39,2
2023-03-26 15:29:00,15,6,3,19.255371965334366,72.82706548328565,H/E,Runaway,57,3
2023-06-21 19:16:00,19,2,6,18.978086470550917,72.84469561821335,D,Lost Child,84,5
2023-02-22 20:03:00,20,2,2,19.043691398888054,72.9267827574117,S,Begging,69,5
2023-07-11 09:49:00,9,1,7,19.264944068152918,72.95032627454844,G/S,Begging,44,5
2023-04-06 09:33:00,9,3,4,18.95639505486578,72.84929608111214,M/W,Abuse,91,1
2023-10-02 22:27:00,22,0,10,19.033548340789416,72.94180849572649,R/N,Abuse,98,2
2023-11-02 08:47:00,8,3,11,18.965771219687873,72.86166526407348,K/W,Child Labour,61,3
2023-11-13 07:55:00,7,0,11,19.224006007590845,72.9772981514697,L,Abuse,84,1
2023-06-17 23:48:00,23,5,6,18.998165481500884,72.91964421599329,N,Abuse,47,1
2023-07-14 18:31:00,18,4,7,19.221430239732822,72.96057559723882,S,Runaway,89,3
2023-02-17 19:33:00,19,4,2,19.075059668180582,72.96755493830153,C,Child Labour,64,3
2023-06-24 22:26:00,22,5,6,19.20709143093387,72.82683087397248,C,Runaway,60,5
2023-08-31 14:47:00,14,3,8,19.044870708120282,72.94338426704886,M/E,Begging,32,5
2023-02-17 20:23:00,20,4,2,18.972363402307867,72.82695063119097,B,Begging,58,4
2023-01-13 03:06:00,3,4,1,19.254832536338434,72.97423809934922,R/S,Begging,54,5
2023-10-09 10:44:00,10,0,10,19.22317265020786,72.94777764018676,F/S,Child Labour,88,4
2023-04-05 12:03:00,12,2,4,19.255522848237888,72.81679945651778,F/N,Child Labour,74,4
2023-07-18 12:47:00,12,1,7,18.97220325232397,72.83205416350144,S,Trafficking,59,1
2023-07-14 06:31:00,6,4,7,19.107040304073294,72.80982149748412,N,Trafficking,84,2
2023-03-08 09:38:00,9,2,3,18.972129941882326,72.8979730852405,F/N,Begging,67,5
2023-03-31 21:04:00,21,4,3,19.275294766995135,72.96256941984015,A,Abuse,47,1
2023-11-19 00:27:00,0,6,11,18.989289012534737,72.8252629585475,F/N,Abuse,95,5
2023-09-09 06:45:00,6,5,9,19.169562459635564,72.93898728159843,R/S,Abuse,73,1
2023-03-11 07:16:00,7,5,3,19.22979626175919,72.88413745495858,L,Begging,79,3
2023-10-16 11:04:00,11,0,10,19.097741404086022,72.97722823074992,R/S,Lost Child,92,3
2023-03-30 13:18:00,13,3,3,19.0194688631255,72.82061844898718,M/E,Abuse,73,1
2023-11-20 02:23:00,2,0,11,18.99964553598559,72.86543013988384,C,Lost Child,52,5
2023-03-22 15:48:00,15,2,3,19.060407658788296,72.94027107193807,M/W,Child Labour,69,4
2023-10-13 15:09:00,15,4,10,18.9793987592421,72.86330223866268,K/W,Child Labour,35,4
2023-03-21 15:34:00,15,1,3,19.19368924043629,72.83151460936425,A,Child Labour,93,2
2023-08-27 02:59:00,2,6,8,18.931142756049567,72.97281907016576,M/W,Child Labour,93,2
2023-05-23 06:15:00,6,1,5,19.123986008669696,72.98047760581551,S,Child Labour,30,4
2023-03-26 12:41:00,12,6,3,19.227002172427063,72.93002567060553,L,Runaway,89,4
2023-06-04 21:44:00,21,6,6,19.12386956730495,72.93806449394094,K/W,Abuse,82,2
2023-03-19 16:01:00,16,6,3,19.212317798103058,72.8065966535913,N,Lost Child,89,3
2023-12-05 03:50:00,3,1,12,19.237789521160064,72.82042288494792,M/E,Trafficking,39,1
2023-08-21 10:53:00,10,0,8,19.25461314065797,72.87589640215913,P/S,Trafficking,54,1
2023-11-14 15:28:00,15,1,11,18.940860790453602,72.91319910048452,P/N,Begging,33,3
2023-09-10 15:58:00,15,6,9,19.17459235343805,72.81196391846689,N,Trafficking,79,1
2023-11-02 03:40:00,3,3,11,18.95676548473759,72.94494221306483,A,Abuse,98,2
2023-12-10 12:31:00,12,6,12,19.00664646035115,72.98881349408927,S,Child Labour,69,2
2023-09-23 10:03:00,10,5,9,19.18120002188593,72.93193306617836,L,Abuse,84,1
2023-12-06 17:51:00,17,2,12,18.936337348766255,72.80827745276541,K/E,Begging,98,5
2023-03-09 06:20:00,6,3,3,19.030033956431367,72.92309646595456,R/N,Lost Child,93,5
2023-12-06 12:18:00,12,2,12,19.021172833496973,72.8303091831423,R/N,Abuse,67,2
2023-08-01 19:04:00,19,1,8,19.263300758615916,72.90232906607973,G/N,Child Labour,97,2
2023-07-14 09:58:00,9,4,7,19.2206297560057,72.80088074615782,R/N,Lost Child,54,5
2024-01-01 20:34:00,20,0,1,19.102953395346407,72.834778549381,H/W,Begging,58,5
2023-09-18 19:35:00,19,0,9,19.075230092009285,72.99357945195489,P/S,Lost Child,64,3
2023-10-05 12:44:00,12,3,10,19.0326398698449,72.95896999012264,A,Child Labour,76,4
2023-10-04 01:09:00,1,2,10,19.150241137685136,72.8295897416978,A,Trafficking,51,2
2023-02-11 16:35:00,16,5,2,19.061661555766655,72.96955637210348,G/N,Runaway,50,5
2023-07-29 19:03:00,19,5,7,19.219524607648285,72.92087967432136,R/N,Abuse,81,1
2023-09-18 12:11:00,12,0,9,19.20851408081987,72.900613757589,N,Child Labour,79,3
2023-05-04 07:58:00,7,3,5,19.29632306822226,72.96680975309509,K/W,Trafficking,36,2
2023-05-17 15:51:00,15,2,5,18.972790142106696,72.92645853785652,D,Trafficking,48,1
2023-02-27 01:01:00,1,0,2,19.01956809438703,72.86145167739816,E,Abuse,63,1
2023-05-14 08:43:00,8,6,5,18.945985995032377,72.96290083184955,H/W,Lost Child,65,5
2023-08-31 09:35:00,9,3,8,19.122619979544993,72.91164527013741,N,Trafficking,70,1
2023-07-23 09:31:00,9,6,7,19.13310417620995,72.92947991863427,R/N,Child Labour,54,2
2023-03-06 20:51:00,20,0,3,19.003413728352733,72.95713082659248,P/S,Child Labour,95,4
2023-03-22 15:43:00,15,2,3,19.008417438737055,72.95925200727157,A,Runaway,75,3
2023-09-25 20:03:00,20,0,9,19.07608997133117,72.90700550893744,R/S,Begging,81,4
2023-03-23 03:16:00,3,3,3,18.96586256642397,72.89564831517605,T,Trafficking,40,2
2023-05-30 18:16:00,18,1,5,19.056306801084176,72.83704236548951,B,Trafficking,69,2
2023-09-15 17:42:00,17,4,9,19.296219544593516,72.81126852552778,N,Abuse,65,2
2023-07-16 20:27:00,20,6,7,19.271894740663292,72.84639266930662,H/W,Child Labour,90,2
2023-11-26 10:16:00,10,6,11,19.00508561166236,72.9967337366832,C,Abuse,59,1
2023-12-03 17:38:00,17,6,12,19.1737538706209,72.93621742510386,F/N,Lost Child,34,4
2023-06-29 13:17:00,13,3,6,19.226048342869966,72.90738967403453,D,Runaway,62,4
2023-05-02 19:45:00,19,1,5,19.074598381902376,72.9742518868722,R/C,Runaway,73,5
2023-06-22 04:12:00,4,3,6,19.001541261175802,72.88548773215193,C,Begging,48,5
2023-03-02 23:04:00,23,3,3,19.191661924444915,72.97681574623755,A,Trafficking,77,1
2023-05-25 19:17:00,19,3,5,18.95171088913883,72.90043664647857,R/N,Child Labour,32,2
2023-03-15 21:34:00,21,2,3,19.083631512195808,72.88710878809151,H/W,Trafficking,70,2
2023-10-15 17:59:00,17,6,10,19.244030238054346,72.90177956517921,F/N,Abuse,74,1
2023-01-13 01:01:00,1,4,1,19.063254518883866,72.80969109707696,R/N,Trafficking,70,1
2023-01-17 17:29:00,17,1,1,18.979826475692576,72.99520325933031,H/E,Abuse,83,1
2023-10-21 17:10:00,17,5,10,19.244791743127386,72.88082047665105,R/C,Begging,49,4
2023-11-12 15:25:00,15,6,11,19.008040775009878,72.92854101491709,G/S,Runaway,79,5
2023-09-15 13:11:00,13,4,9,19.184574277641136,72.90472759656058,D,Runaway,61,3
2023-02-25 16:13:00,16,5,2,19.156848328535514,72.98628597063616,D,Child Labour,57,2
2023-03-16 12:06:00,12,3,3,19.171641854306372,72.84713670086421,R/S,Runaway,75,4
2023-12-30 18:00:00,18,5,12,18.983545411843306,72.91675442237107,F/N,Trafficking,43,2
2023-09-15 01:01:00,1,4,9,18.91844134381921,72.81057917391176,S,Abuse,43,2
2023-09-22 13:14:00,13,4,9,19.173422493482164,72.96945102163588,B,Child Labour,50,2
2023-10-13 22:11:00,22,4,10,19.22246943589089,72.87144840724575,L,Lost Child,78,4
2023-01-23 22:12:00,22,0,1,19.031836369624457,72.98726732591663,M/W,Child Labour,58,2
2023-08-17 18:43:00,18,3,8,19.276916867281365,72.91466283409359,G/N,Runaway,41,5
2023-01-01 10:28:00,10,6,1,19.068336145974,72.8196643200843,R/S,Runaway,67,4
2023-11-29 02:21:00,2,2,11,19.194813170050967,72.8668641533061,R/C,Runaway,42,5
2023-01-16 19:40:00,19,0,1,18.9282756231791,72.96040031398302,M/E,Runaway,97,4
2023-11-18 23:34:00,23,5,11,19.098755910010258,72.8329769832048,L,Runaway,87,3
2023-10-16 22:25:00,22,0,10,19.192853735446217,72.87479566080228,N,Runaway,65,4
2023-04-14 02:36:00,2,4,4,19.17172550810026,72.85549711334639,T,Trafficking,61,2
2023-08-27 10:09:00,10,6,8,18.990262562203537,72.8438484598497,G/S,Trafficking,97,1
2023-07-01 15:27:00,15,5,7,19.164396923371843,72.92061991947644,R/N,Child Labour,95,2
2023-10-17 00:02:00,0,1,10,19.156329194568755,72.86230232171904,L,Child Labour,38,3
2023-09-28 05:09:00,5,3,9,18.921767713225243,72.92551326046836,F/N,Lost Child,52,4
2023-11-09 15:07:00,15,3,11,18.94300991917191,72.91740836278987,M/E,Child Labour,83,2
2023-04-06 03:24:00,3,3,4,19.264397442738453,72.98754360030851,H/W,Lost Child,94,3
2023-10-28 17:10:00,17,5,10,19.123107219720318,72.83997340691245,M/E,Trafficking,62,1
2023-03-04 12:01:00,12,5,3,18.93172226439388,72.97625706237449,R/C,Trafficking,51,2
2023-10-24 20:34:00,20,1,10,19.007965248591287,72.89177484696586,G/N,Lost Child,87,3
2023-06-10 05:25:00,5,5,6,19.009286756410425,72.82334763084214,E,Abuse,46,1
2023-06-24 20:58:00,20,5,6,19.11117033115795,72.96417573506862,P/S,Trafficking,74,1
2023-10-27 07:29:00,7,4,10,18.980586358197602,72.86741092510687,P/N,Begging,92,5
2023-06-23 21:50:00,21,4,6,19.129598435734888,72.93928257442798,N,Runaway,53,2
2023-10-23 18:48:00,18,0,10,19.290728536213653,72.95028420480004,K/W,Lost Child,99,3
2023-02-03 11:23:00,11,4,2,18.93008571053495,72.84328086720413,R/S,Abuse,52,1
2023-12-18 00:56:00,0,0,12,19.000112884244498,72.84792859797088,G/N,Trafficking,45,1
2023-09-19 22:10:00,22,1,9,18.96167653073252,72.87511501542697,G/S,Abuse,88,1
2023-11-02 04:11:00,4,3,11,19.221906296749633,72.99697825787041,H/W,Runaway,50,4
2023-10-26 17:02:00,17,3,10,18.91251330866105,72.98664234941853,M/E,Abuse,59,1
2023-01-19 15:28:00,15,3,1,19.25245299167799,72.8085308144899,H/E,Begging,77,4
2023-08-11 13:13:00,13,4,8,19.102904322252684,72.92398902077353,R/C,Trafficking,50,2
2023-04-27 06:08:00,6,3,4,19.263213864271155,72.91760068599667,R/N,Begging,50,5
2023-10-04 01:40:00,1,2,10,18.971366938220996,72.97638378029923,S,Runaway,40,4
2023-12-21 04:25:00,4,3,12,19.045789266872372,72.88979954982558,R/C,Lost Child,67,5
2023-12-26 21:50:00,21,1,12,19.075473362509317,72.92156444294697,B,Runaway,78,3
2023-09-09 14:55:00,14,5,9,18.943749500800756,72.82947395085299,K/E,Lost Child,60,3
2023-04-24 17:49:00,17,0,4,19.060095801971045,72.99476594970615,P/N,Abuse,50,1
2023-02-01 00:12:00,0,2,2,19.02405327906282,72.98512719129866,B,Lost Child,48,4
2023-10-03 16:56:00,16,1,10,19.218637665703472,72.94629321223785,H/E,Lost Child,63,5
2023-04-29 06:48:00,6,5,4,18.961297819389916,72.98547657244248,P/N,Child Labour,48,2
2023-07-01 21:31:00,21,5,7,19.05590457933615,72.83995347806973,R/C,Begging,42,4
2023-07-11 16:59:00,16,1,7,18.911096429294407,72.8464981645023,L,Begging,41,4
2023-05-12 22:32:00,22,4,5,19.16475784137377,72.82954417313059,L,Runaway,63,3
2023-04-30 16:14:00,16,6,4,19.22014878046239,72.81922496956699,F/S,Abuse,72,2
2023-07-11 22:34:00,22,1,7,19.029734419475503,72.83917365537444,N,Abuse,73,1
2023-02-01 14:21:00,14,2,2,19.282210438506503,72.84995928728921,R/N,Child Labour,34,4
2023-05-08 20:34:00,20,0,5,19.14298605072412,72.89383012864293,K/W,Child Labour,30,4
2023-09-10 13:16:00,13,6,9,19.25148413156811,72.96807443757183,G/N,Child Labour,32,2
2023-04-27 13:52:00,13,3,4,19.012723382755002,72.8583321161219,B,Lost Child,70,5
2023-01-14 02:52:00,2,5,1,19.170829542612744,72.91061653074372,H/E,Lost Child,85,3
2023-08-15 12:11:00,12,1,8,18.99791916192488,72.88161169912105,K/W,Lost Child,63,4
2023-09-08 20:59:00,20,4,9,18.974830617396478,72.89126408557235,L,Child Labour,38,4
2023-01-31 20:09:00,20,1,1,19.02581394955763,72.85690613113512,F/N,Abuse,65,1
2023-10-17 23:49:00,23,1,10,19.047551129114982,72.86789198295432,F/N,Trafficking,67,2
2023-12-24 01:03:00,1,6,12,19.12938415848774,72.8564437175267,C,Child Labour,73,3
2023-07-04 22:33:00,22,1,7,19.03190379141389,72.9247598508576,P/N,Child Labour,49,3
2023-05-22 07:02:00,7,0,5,19.168741475956924,72.87788989841964,H/E,Abuse,80,2
2023-07-08 04:26:00,4,5,7,19.16098933546201,72.92207393915483,C,Lost Child,97,5
2023-10-04 03:35:00,3,2,10,19.071798824698487,72.84171890659924,P/S,Runaway,95,4
2023-04-21 19:47:00,19,4,4,19.178338641767017,72.88812378095872,R/C,Lost Child,53,4
2023-01-08 20:38:00,20,6,1,18.91295898064485,72.94174706060078,A,Trafficking,35,2
2023-01-30 12:53:00,12,0,1,18.987543498316736,72.80668058311655,R/S,Begging,33,3
2023-09-19 18:55:00,18,1,9,19.15617847644883,72.85509356405237,M/W,Abuse,70,1
2023-03-24 00:10:00,0,4,3,19.16321344565531,72.87586151320293,F/S,Lost Child,58,4
2023-05-30 09:53:00,9,1,5,19.105025387203575,72.93049981150929,M/W,Begging,45,5
2023-05-03 06:32:00,6,2,5,18.916038309681348,72.96891075538524,G/S,Begging,86,3
2023-09-14 10:20:00,10,3,9,18.969411358041516,72.98984444976566,F/N,Begging,72,4
2023-08-15 03:52:00,3,1,8,18.9907391220446,72.89214580215338,F/N,Lost Child,92,3
2023-10-05 10:17:00,10,3,10,19.299913288096505,72.98222487710362,F/S,Begging,79,3
2023-05-30 09:20:00,9,1,5,19.208389747986747,72.93184696047021,C,Child Labour,31,3
2023-01-31 07:00:00,7,1,1,18.963031374097824,72.99034418964527,S,Runaway,54,2
2023-06-23 21:04:00,21,4,6,19.090544575809183,72.98848335983084,L,Trafficking,43,1
2023-09-09 13:44:00,13,5,9,18.928466352442403,72.8348955069614,N,Child Labour,52,2
2023-12-28 22:23:00,22,3,12,19.276059747780707,72.91925793277136,L,Trafficking,38,2
2023-09-23 11:54:00,11,5,9,19.073066165914376,72.94764667927083,B,Lost Child,48,4
2023-10-09 12:29:00,12,0,10,19.003316693047204,72.92520587248444,H/W,Trafficking,48,2
2023-10-04 10:44:00,10,2,10,19.163495722816972,72.8790512144834,R/S,Lost Child,35,4
2023-06-05 22:10:00,22,0,6,19.22453248041828,72.86529905241676,S,Trafficking,54,2
2023-05-16 12:13:00,12,1,5,19.084971158621695,72.86218338836589,T,Trafficking,87,2
2023-11-21 03:36:00,3,1,11,19.17644144845565,72.93410764320659,K/E,Lost Child,96,5
2023-11-13 10:50:00,10,0,11,19.18425105749698,72.85636430742863,D,Abuse,76,2
2023-12-20 14:54:00,14,2,12,19.121585340635953,72.98049562366313,R/C,Abuse,36,5
2023-05-12 09:31:00,9,4,5,19.287866348100764,72.90137649614061,R/N,Begging,94,4
2023-02-24 02:39:00,2,4,2,19.233290929189554,72.98554799938118,P/S,Begging,69,4
2023-05-25 06:18:00,6,3,5,19.129916103542804,72.85877804918938,G/N,Trafficking,67,2
2023-01-03 10:57:00,10,1,1,19.001327484753652,72.92180540174708,F/N,Trafficking,46,1
2023-05-19 12:00:00,12,4,5,19.163228948062233,72.92861614789022,L,Begging,35,1
2023-11-28 03:00:00,3,1,11,19.22484972472792,72.91374972913782,A,Begging,82,3
2023-07-08 09:36:00,9,5,7,19.253386378822714,72.91838003520652,T,Trafficking,94,1
2023-10-01 23:54:00,23,6,10,19.299764605332115,72.90614303125868,D,Begging,37,1
2023-05-03 19:06:00,19,2,5,19.067863678839064,72.991782548115,M/W,Trafficking,43,1
2023-03-10 12:03:00,12,4,3,19.16600858963333,72.92191021875456,G/S,Child Labour,98,2
2023-09-13 10:40:00,10,2,9,19.275425673455775,72.92903969947187,E,Runaway,53,4
2023-06-06 19:36:00,19,1,6,19.20994672530543,72.90123986619939,M/W,Abuse,93,2
2023-06-18 11:26:00,11,6,6,18.98506823879475,72.87128474699159,M/W,Runaway,98,5
2023-09-23 19:30:00,19,5,9,19.21170756779042,72.80365509883961,G/S,Abuse,59,2
2023-07-19 21:58:00,21,2,7,19.134454905233245,72.81616961677614,G/N,Child Labour,33,4
2023-09-02 07:07:00,7,5,9,19.154443365900676,72.93229621973563,A,Runaway,40,5
2023-05-16 07:03:00,7,1,5,18.901018142012965,72.84554852809367,R/C,Child Labour,81,2
2023-10-25 21:39:00,21,2,10,19.047673787990107,72.87736805761494,A,Trafficking,63,1
2023-01-03 11:50:00,11,1,1,19.20746206062623,72.80615458240904,C,Abuse,60,2
2023-05-19 23:17:00,23,4,5,19.28762500746493,72.85105529868194,F/S,Begging,99,4
2023-07-22 00:51:00,0,5,7,19.163574799130778,72.83812068737932,K/E,Runaway,31,4
2023-05-07 04:34:00,4,6,5,19.210498371027114,72.865240037141,H/W,Lost Child,67,4
2023-06-24 12:20:00,12,5,6,19.26927645455874,72.81304633127591,G/N,Begging,71,5
2023-09-24 17:44:00,17,6,9,19.255162080769757,72.91608542706618,E,Begging,65,5
2023-06-05 23:22:00,23,0,6,18.93771048778361,72.94861341973507,H/E,Abuse,98,1
2023-08-19 20:12:00,20,5,8,19.29602386306272,72.9310023736299,T,Abuse,43,2
2023-07-16 20:30:00,20,6,7,18.928384567531367,72.98196595019813,H/E,Trafficking,91,1
2023-06-25 00:47:00,0,6,6,19.1446794013826,72.85930044949582,L,Runaway,50,3
2023-09-07 00:59:00,0,3,9,18.980158554875093,72.87158737154688,R/S,Child Labour,39,4
2023-06-24 01:46:00,1,5,6,19.1639128565739,72.88192461700253,F/N,Begging,62,4
2023-01-24 07:37:00,7,1,1,19.058010313583466,72.96225238981282,S,Lost Child,51,5
2023-11-23 07:05:00,7,3,11,19.230770849004287,72.94397786742972,E,Trafficking,99,2
2023-01-24 03:46:00,3,1,1,19.010673840937752,72.91121460498479,B,Abuse,74,2
2023-05-20 21:10:00,21,5,5,19.09281959225763,72.92186011573507,R/N,Abuse,57,2
2023-10-26 03:43:00,3,3,10,19.121283774190825,72.98847143574885,H/W,Runaway,76,4
2023-06-05 21:30:00,21,0,6,19.034207427988363,72.96577968600035,D,Child Labour,44,2
2023-04-18 11:13:00,11,1,4,19.213799983328833,72.81239862805225,F/N,Runaway,61,4
2023-06-12 21:10:00,21,0,6,19.146503130987156,72.94764403881946,M/E,Lost Child,41,4
2023-05-18 23:05:00,23,3,5,19.16186326295282,72.9367607670819,H/W,Begging,81,4
2023-01-30 08:41:00,8,0,1,19.291097956677003,72.98533674888601,R/S,Child Labour,66,2
2023-06-02 16:05:00,16,4,6,19.21436352255715,72.97084630534292,K/W,Trafficking,38,1
2023-10-08 10:24:00,10,6,10,19.05438207883531,72.88649773697125,P/N,Abuse,41,1
2023-10-05 16:00:00,16,3,10,19.04950394193165,72.9823908834063,S,Runaway,35,3
2023-08-18 00:34:00,0,4,8,19.22006138313739,72.80880577901029,G/S,Abuse,51,2
2023-08-13 05:02:00,5,6,8,18.954468887451796,72.82906537411768,F/S,Runaway,34,4
2023-07-07 05:34:00,5,4,7,19.08537751890156,72.85478955187972,F/N,Lost Child,62,3
2023-05-15 03:35:00,3,0,5,19.189924397985344,72.81865638303034,M/W,Trafficking,84,1
2023-09-18 23:14:00,23,0,9,19.213553635937583,72.93648178245135,P/S,Abuse,31,2
2023-10-02 03:47:00,3,0,10,19.259971594550272,72.80696929178275,L,Trafficking,95,1
2023-07-27 00:14:00,0,3,7,19.043202557100315,72.80589650308269,F/S,Trafficking,32,1
2023-11-22 20:06:00,20,2,11,19.001047696524907,72.85015935465826,B,Begging,99,5
2023-03-03 23:28:00,23,4,3,19.060719205741265,72.87289014656598,G/S,Trafficking,81,1
2023-12-17 17:15:00,17,6,12,19.12286768011341,72.97473449308816,E,Runaway,47,5
2023-12-13 15:33:00,15,2,12,19.007580136700703,72.98298334053426,T,Child Labour,92,2
2023-07-17 06:14:00,6,0,7,19.211196486369204,72.89835361784819,L,Child Labour,33,3
2023-10-28 08:20:00,8,5,10,19.082234545746992,72.9327506043138,P/S,Runaway,99,1
2023-08-18 23:10:00,23,4,8,19.139619857288576,72.89905792395797,M/W,Trafficking,31,2
2023-06-07 17:21:00,17,2,6,19.20798395238603,72.86638167707142,S,Begging,53,5
2023-06-08 12:08:00,12,3,6,19.037881045391124,72.97591450955058,K/E,Abuse,62,1
2023-10-30 08:05:00,8,0,10,19.0767505876481,72.99369654055963,T,Begging,43,3
2023-04-06 19:04:00,19,3,4,19.054804991791595,72.99881199181573,H/W,Runaway,49,5
2023-10-05 04:14:00,4,3,10,19.149558367665467,72.93998769924264,C,Lost Child,52,4
2023-02-07 19:03:00,19,1,2,19.155154848683857,72.82084169399612,E,Begging,72,3
2023-04-30 12:06:00,12,6,4,19.20517175043646,72.82168839403515,P/S,Lost Child,37,4
2023-01-30 18:43:00,18,0,1,18.9500438133927,72.83181021078039,N,Begging,60,4
2023-04-17 01:58:00,1,0,4,18.905239164885508,72.80862824370055,L,Begging,36,4
2023-10-15 13:31:00,13,6,10,18.98437400235119,72.8942477265693,S,Runaway,66,3
2023-10-26 10:45:00,10,3,10,19.14450397212112,72.82878269124498,P/S,Abuse,91,1
2023-11-29 21:05:00,21,2,11,19.24130014182304,72.92835172785763,H/W,Child Labour,30,3
2023-01-14 11:27:00,11,5,1,18.92665879384167,72.9786022259853,G/S,Runaway,96,3
2023-06-18 09:56:00,9,6,6,19.278265030725848,72.8073374935997,R/N,Begging,48,5
2023-06-06 10:57:00,10,1,6,19.104392479272057,72.97846798246114,G/S,Trafficking,30,3
2023-02-22 12:06:00,12,2,2,19.011625587775534,72.95766390336391,R/N,Begging,43,3
2023-04-21 12:28:00,12,4,4,19.19089995384031,72.84026178820339,P/N,Begging,59,3
2023-09-19 08:48:00,8,1,9,18.92738850310522,72.88009502642298,E,Abuse,67,1
2023-02-07 12:40:00,12,1,2,19.20254166701246,72.88052051101405,C,Begging,60,5
2023-09-30 21:16:00,21,5,9,19.159517573062555,72.8511566973663,P/N,Abuse,81,2
2023-04-06 06:09:00,6,3,4,19.17995650321553,72.98475924772671,P/S,Child Labour,77,4
2023-02-08 22:53:00,22,2,2,19.252253509750325,72.84542171604141,M/W,Lost Child,67,3
2023-06-16 08:25:00,8,4,6,19.226269445630095,72.82683672200604,M/W,Child Labour,93,2
2023-05-12 21:32:00,21,4,5,19.191199777150334,72.94603658217949,S,Abuse,78,2
2023-07-03 09:19:00,9,0,7,19.177271508741644,72.89123130735817,F/N,Trafficking,95,2
2023-08-14 13:04:00,13,0,8,19.00582654916862,72.96109337204423,G/S,Lost Child,90,4
2023-02-08 11:36:00,11,2,2,19.123391104643485,72.8318910355039,M/W,Trafficking,57,2
2023-01-13 12:09:00,12,4,1,18.965822947274994,72.97484019221312,G/S,Begging,83,5
2023-01-24 18:38:00,18,1,1,19.05962825486147,72.96681118789631,A,Trafficking,44,1
2023-07-18 10:14:00,10,1,7,19.227234332754207,72.95434979815639,F/S,Child Labour,84,4
2023-02-24 01:53:00,1,4,2,19.090446093741935,72.89471899517318,N,Runaway,60,5
2023-07-31 18:01:00,18,0,7,19.014660334791895,72.9870561486794,A,Child Labour,81,2
2023-02-11 21:11:00,21,5,2,19.053501147150214,72.94421367025453,M/W,Runaway,73,5
2023-03-30 21:12:00,21,3,3,19.019107164646357,72.89738173557463,G/S,Runaway,90,3
2023-06-11 11:52:00,11,6,6,19.210744886543296,72.89963579841636,S,Begging,61,4
2023-06-08 12:12:00,12,3,6,19.28535620688156,72.89220229696662,R/C,Abuse,69,2
2023-03-31 00:30:00,0,4,3,19.132040299718234,72.84833754173108,H/E,Begging,71,3
2023-10-23 03:29:00,3,0,10,19.136683394238933,72.89933713388781,P/S,Begging,49,5
2023-07-27 09:34:00,9,3,7,19.2833307175435,72.97467098868542,E,Trafficking,69,2
2023-09-11 17:25:00,17,0,9,18.903587379751034,72.96956844200116,G/N,Abuse,71,1
2023-02-10 09:18:00,9,4,2,19.113465715518785,72.93649268704087,M/W,Lost Child,57,5
2023-03-05 20:29:00,20,6,3,19.14357918521234,72.96845021203885,H/W,Begging,92,5
2023-01-17 08:15:00,8,1,1,19.127404955560706,72.92316100818064,H/W,Lost Child,59,3
2023-06-19 10:45:00,10,0,6,19.18761240121373,72.83930399645537,C,Trafficking,55,4
2023-09-25 18:48:00,18,0,9,18.938885693231537,72.91113615522896,F/S,Trafficking,91,1
2023-02-28 16:27:00,16,1,2,18.999781626116942,72.81826216598321,M/W,Begging,56,3
2024-01-01 10:16:00,10,0,1,18.90237346567871,72.90155560326743,K/W,Trafficking,48,1
2023-01-04 16:40:00,16,2,1,19.081924340801645,72.8134063295059,L,Abuse,61,2
2023-03-27 20:56:00,20,0,3,19.273929060187047,72.85994149445247,G/S,Lost Child,34,3
2023-10-18 19:46:00,19,2,10,19.153720071796965,72.96417515441179,C,Child Labour,97,3
2023-01-19 01:18:00,1,3,1,19.105819398524176,72.89321541438234,M/E,Runaway,35,5
2023-12-13 16:58:00,16,2,12,19.016226565895817,72.9211522387431,K/W,Trafficking,68,2
2023-11-24 21:33:00,21,4,11,19.12392664884171,72.91275416560829,K/E,Child Labour,87,3
2023-10-12 06:00:00,6,3,10,19.141841598633082,72.8920317589807,E,Abuse,59,2
2023-11-30 06:28:00,6,3,11,19.195153104319886,72.83786943609867,K/E,Begging,92,3
2023-03-20 20:50:00,20,0,3,18.966706906062196,72.9644059470644,K/W,Child Labour,37,2
2023-11-08 15:39:00,15,2,11,19.03282080774817,72.96139090133039,C,Runaway,57,3
2023-12-29 13:22:00,13,4,12,19.051244760244998,72.95624869085886,S,Lost Child,84,5
2023-07-23 19:34:00,19,6,7,19.03240836026114,72.96646951675767,D,Lost Child,96,4
2023-03-20 04:16:00,4,0,3,19.230606001996623,72.96751998891008,D,Begging,85,5
2023-12-29 08:45:00,8,4,12,19.159910591303955,72.95508095367889,N,Trafficking,46,2
2023-06-02 21:13:00,21,4,6,18.97951601035916,72.90459536140742,F/N,Abuse,83,1
2023-12-21 13:10:00,13,3,12,18.964392706731648,72.81317676076536,S,Child Labour,90,4
2023-09-18 08:41:00,8,0,9,18.98473425118241,72.88286646782358,H/E,Begging,84,5
2023-10-19 01:25:00,1,3,10,18.944947264298076,72.85626041973858,F/N,Lost Child,49,2
2023-10-19 05:53:00,5,3,10,19.124190714830405,72.94207304628917,M/W,Lost Child,51,5
2023-06-23 08:50:00,8,4,6,19.2520543881961,72.98899851665942,R/N,Child Labour,52,3
2023-07-09 16:33:00,16,6,7,19.042468307201645,72.87565107915061,P/N,Lost Child,41,3
2023-03-12 23:05:00,23,6,3,19.249201590520002,72.98732532322886,R/S,Lost Child,85,4
2023-11-17 19:42:00,19,4,11,18.92609286337165,72.80483641298862,R/S,Child Labour,30,4
2023-10-24 05:29:00,5,1,10,19.207563373086337,72.89558728470337,P/N,Child Labour,59,4
2023-04-16 16:40:00,16,6,4,18.99860804765838,72.93678034930635,H/W,Runaway,68,4
2023-09-18 04:15:00,4,0,9,18.955053855468865,72.85871243127424,R/S,Abuse,40,2
2023-03-03 12:57:00,12,4,3,19.15740887984949,72.97673753477689,B,Child Labour,88,4
2023-05-11 13:56:00,13,3,5,18.976105159450704,72.80953304055603,B,Runaway,76,4
2023-03-03 14:48:00,14,4,3,19.103474306970774,72.92504210768607,H/W,Abuse,45,1
2023-01-01 07:01:00,7,6,1,19.214696876567746,72.83459264730224,D,Runaway,78,3
2023-10-03 04:20:00,4,1,10,18.988940065471006,72.8857928677343,C,Abuse,68,2
2023-07-11 07:11:00,7,1,7,19.206516641817124,72.95123745017169,F/N,Begging,61,5
2023-12-29 02:03:00,2,4,12,18.993006989146874,72.83959418751175,H/W,Runaway,54,3
2023-03-21 11:51:00,11,1,3,19.23024984064971,72.8982595908199,G/N,Lost Child,63,3
2023-09-09 15:49:00,15,5,9,18.946015391948478,72.84963565181317,R/S,Trafficking,39,2
2023-07-10 20:56:00,20,0,7,19.264671791372326,72.88690519545341,M/E,Begging,62,4
2023-05-29 19:54:00,19,0,5,18.967235684182167,72.85346365042562,R/S,Runaway,69,4
2023-07-22 23:28:00,23,5,7,18.90666973405934,72.8480856373458,K/E,Trafficking,74,2
2023-04-24 20:27:00,20,0,4,19.158932269212713,72.95374663378945,A,Runaway,51,3
2023-04-27 01:30:00,1,3,4,19.226767497848076,72.8440487749788,R/C,Child Labour,64,1
2023-06-04 22:55:00,22,6,6,19.20264673477147,72.93357640698724,M/E,Child Labour,96,2
2023-05-10 11:46:00,11,2,5,19.12543997846785,72.80131149316156,D,Lost Child,52,5
2023-06-16 13:10:00,13,4,6,19.007921438314693,72.90110136654776,C,Trafficking,92,1
2023-10-26 15:44:00,15,3,10,19.20521208402246,72.92329079521897,R/C,Trafficking,70,1
2023-09-03 00:00:00,0,6,9,19.116814198572133,72.8800280469581,L,Trafficking,73,2
2023-07-17 04:41:00,4,0,7,18.97449971951923,72.8806358810367,T,Lost Child,38,5
2023-01-06 14:08:00,14,4,1,18.996945028916954,72.8579813353699,B,Runaway,70,4
2023-04-06 20:34:00,20,3,4,19.02265382831215,72.86187468709754,H/E,Begging,92,3
2023-01-26 01:32:00,1,3,1,18.938627828229027,72.81842751735297,S,Lost Child,46,4
2023-07-24 08:32:00,8,0,7,19.001431498213865,72.99126609181914,K/E,Lost Child,81,4
2023-11-30 14:26:00,14,3,11,18.91611899917993,72.8533800686892,H/W,Abuse,91,1
2023-03-03 13:35:00,13,4,3,18.979213532469036,72.85503232072028,R/N,Trafficking,66,1
2023-04-18 17:14:00,17,1,4,19.235554032910446,72.83733821927169,A,Trafficking,67,2
2023-12-12 17:19:00,17,1,12,19.15269289705646,72.9292250118509,P/S,Abuse,45,1
2023-09-21 13:28:00,13,3,9,18.934729407874737,72.83450917438012,M/W,Trafficking,63,1
2023-06-28 04:09:00,4,2,6,19.15931509753805,72.8659551339358,P/N,Trafficking,37,4
2023-01-17 15:47:00,15,1,1,19.296004933319534,72.96197231667553,E,Begging,68,3
2023-10-01 03:40:00,3,6,10,19.135947686408265,72.93066570856828,L,Abuse,95,2
2023-06-02 12:42:00,12,4,6,19.036697338589025,72.82007757499059,R/S,Lost Child,41,5
2023-12-14 21:40:00,21,3,12,19.06303649938508,72.82505458362083,R/N,Lost Child,70,5
2023-04-18 22:44:00,22,1,4,19.02858796346838,72.9861114557762,H/E,Runaway,81,4
2023-11-25 11:09:00,11,5,11,19.163459349920757,72.96237683170555,K/W,Child Labour,81,1
2023-12-07 00:29:00,0,3,12,19.27345071337308,72.88408391324285,H/E,Abuse,65,2
2023-10-09 18:27:00,18,0,10,19.272371105162325,72.84055865864944,M/E,Child Labour,51,2
2023-07-16 16:33:00,16,6,7,18.90219862873187,72.84239143466544,G/N,Runaway,57,3
2023-06-03 08:07:00,8,5,6,19.27597890911006,72.80602539169298,T,Begging,84,3
2023-07-28 05:44:00,5,4,7,19.064047322531124,72.82272369714244,K/W,Abuse,33,1
2023-12-19 02:24:00,2,1,12,19.213246252451196,72.90780281915121,K/E,Trafficking,66,2
2023-03-06 21:30:00,21,0,3,18.9779289661883,72.84258354157566,R/C,Begging,68,3
2023-10-19 23:21:00,23,3,10,18.916838964935405,72.8417491050785,E,Trafficking,94,2
2023-10-01 01:31:00,1,6,10,19.231762635972807,72.90405079624954,N,Runaway,79,3
2023-03-17 19:03:00,19,4,3,19.296890752744073,72.91988810668103,H/W,Lost Child,66,5
2023-04-11 06:46:00,6,1,4,18.932063388133077,72.81813516029021,R/C,Lost Child,60,5
2023-08-05 02:59:00,2,5,8,19.133091885334103,72.93397264954919,H/E,Begging,61,5
2023-01-23 05:26:00,5,0,1,19.03781215074826,72.81654122398487,F/N,Lost Child,59,4
2023-01-25 14:50:00,14,2,1,19.150881479499272,72.93693132992269,R/C,Trafficking,88,2
2023-07-31 11:01:00,11,0,7,18.934149945019765,72.87242008103803,B,Runaway,44,3
2023-10-27 15:57:00,15,4,10,19.073317596689925,72.85810504207902,M/W,Trafficking,87,1
2023-11-19 20:18:00,20,6,11,19.081930747302625,72.9870736905974,A,Begging,57,3
2023-03-15 20:59:00,20,2,3,19.010823546088883,72.80259055331518,L,Lost Child,31,5
2023-05-31 12:51:00,12,2,5,19.10497673024052,72.92011866297001,M/E,Runaway,96,3
2023-06-10 21:02:00,21,5,6,19.26113897936006,72.9234659909195,T,Abuse,60,2
2023-02-20 00:11:00,0,0,2,19.06507680899138,72.91287353732078,G/S,Child Labour,46,5
2023-08-05 23:13:00,23,5,8,18.96876851468775,72.85402684945204,K/E,Lost Child,91,4
2023-05-03 10:34:00,10,2,5,18.963405895082374,72.92832575623915,H/E,Lost Child,57,4
2023-12-31 07:56:00,7,6,12,19.129685729317227,72.85194457530284,T,Child Labour,85,3
2023-10-01 04:34:00,4,6,10,19.075922470941503,72.86769587412097,R/S,Runaway,90,5
2023-04-18 18:14:00,18,1,4,18.943193380930726,72.8040090826495,N,Begging,51,3
2023-03-23 20:53:00,20,3,3,18.998522302200048,72.82243643763002,F/S,Begging,72,5
2023-11-04 18:19:00,18,5,11,19.07221154595249,72.94087204427169,F/S,Child Labour,80,4
2023-02-16 03:17:00,3,3,2,19.06559354294592,72.89793631300411,B,Lost Child,42,4
2023-09-28 16:37:00,16,3,9,18.91993025839836,72.89554937962582,G/N,Child Labour,42,5
2023-09-01 16:01:00,16,4,9,18.97321624886671,72.99160097928284,N,Lost Child,55,3
2023-03-23 20:49:00,20,3,3,18.91803085620353,72.87842001289431,M/W,Runaway,48,3
2023-02-27 10:03:00,10,0,2,19.115084886695154,72.91637007464048,G/N,Abuse,42,2
2023-06-09 21:59:00,21,4,6,19.16486389925757,72.90634401714489,A,Runaway,88,3
2023-10-01 02:17:00,2,6,10,19.088053935167633,72.95416576788804,H/E,Runaway,56,5
2023-05-25 21:29:00,21,3,5,19.11530466347765,72.85368239350397,C,Lost Child,47,5
2023-12-28 09:25:00,9,3,12,18.99515604932676,72.83303446691181,F/S,Begging,61,3
2023-09-21 01:51:00,1,3,9,19.179160753479255,72.84170905012388,G/S,Abuse,63,2
2023-06-05 18:34:00,18,0,6,19.148814258943936,72.88877134290708,M/W,Abuse,39,2
2023-08-31 06:45:00,6,3,8,19.249335290077166,72.95823934380368,H/E,Begging,64,5
2023-04-15 01:10:00,1,5,4,18.980163637040953,72.99365966426427,C,Runaway,30,4
2023-03-18 00:20:00,0,5,3,19.068495142433754,72.95644161918852,R/N,Begging,88,5
2023-07-26 20:27:00,20,2,7,19.244924990892894,72.98527922992189,P/S,Begging,98,3
2023-01-29 22:08:00,22,6,1,19.157349293011798,72.84331963760238,H/E,Trafficking,32,2
2023-10-01 18:51:00,18,6,10,19.198170360172487,72.92740593688772,M/E,Trafficking,68,2
2023-05-07 09:51:00,9,6,5,19.145254462381516,72.9349006071309,R/S,Child Labour,75,2
2023-12-14 02:50:00,2,3,12,18.96232366333723,72.88273320333325,R/C,Abuse,64,2
2023-01-06 14:27:00,14,4,1,19.1388254627942,72.99002201665391,M/E,Trafficking,41,1
2023-12-29 08:34:00,8,4,12,19.23547846672833,72.8089755434615,L,Trafficking,59,2
2023-05-19 11:24:00,11,4,5,19.282743020516005,72.99449885945164,S,Trafficking,85,1
2023-05-06 15:16:00,15,5,5,19.052218642170107,72.92376492348015,P/N,Trafficking,87,1
2023-01-13 12:04:00,12,4,1,19.16356239052911,72.8601601923538,E,Runaway,91,5
2023-04-07 02:36:00,2,4,4,19.230394686908667,72.94548308760515,P/N,Abuse,49,2
2023-06-07 18:27:00,18,2,6,19.243289558865488,72.93994006556672,H/E,Lost Child,81,3
2023-04-23 01:21:00,1,6,4,19.07253397008098,72.81364865806891,R/C,Begging,70,4
2023-11-19 19:13:00,19,6,11,19.00631902459387,72.82953271192673,R/N,Child Labour,99,4
2023-08-09 08:41:00,8,2,8,19.18610397051183,72.91430637457573,M/W,Trafficking,35,1
2023-05-30 20:31:00,20,1,5,18.92039914897063,72.91544653432209,B,Lost Child,62,4
2023-10-25 21:29:00,21,2,10,19.171947618899306,72.91049709868271,M/W,Abuse,81,2
2023-03-29 19:36:00,19,2,3,18.976002252344767,72.81087994789169,C,Abuse,58,1
2023-01-16 23:40:00,23,0,1,19.237141034983168,72.95051093000367,S,Begging,77,4
2023-12-15 13:35:00,13,4,12,18.935862323084603,72.809596390965,P/N,Trafficking,90,1
2023-11-25 12:56:00,12,5,11,19.275731817490048,72.83845022769835,H/E,Abuse,41,2
2023-08-07 15:01:00,15,0,8,18.969457355664286,72.88002133548486,K/E,Begging,66,4
2023-04-28 17:37:00,17,4,4,19.236358263649198,72.84232398896529,P/N,Trafficking,49,1
2023-03-08 18:54:00,18,2,3,19.279506778542938,72.91446475711388,F/N,Begging,93,3
2023-10-07 03:11:00,3,5,10,19.058938390462664,72.98432547524352,R/S,Child Labour,97,4
2023-06-30 09:19:00,9,4,6,19.06283072503228,72.94651259669496,H/W,Child Labour,45,3
2023-05-17 18:39:00,18,2,5,19.115972440712024,72.87074922288028,H/W,Begging,86,4
2023-06-06 19:53:00,19,1,6,19.28644672703132,72.83478130441733,H/W,Trafficking,67,2
2023-10-14 10:59:00,10,5,10,19.012124121599836,72.88421660134092,E,Abuse,81,1
2023-03-24 13:06:00,13,4,3,18.958701674258073,72.98920749968487,N,Runaway,91,3
2023-05-09 20:07:00,20,1,5,18.97568197677512,72.86192555487783,N,Begging,32,3
2023-03-18 18:31:00,18,5,3,18.946506045445933,72.81465575194669,F/S,Begging,32,4
2023-12-23 02:58:00,2,5,12,19.24725956514391,72.83172557215173,L,Runaway,86,4
2023-01-08 14:35:00,14,6,1,19.069731237678635,72.94257873217659,G/N,Child Labour,43,5
2023-12-06 13:29:00,13,2,12,19.228081305361968,72.95786559790814,E,Abuse,52,2
2023-08-21 07:37:00,7,0,8,19.06793708713202,72.93056722211368,L,Abuse,98,2
2023-07-03 00:46:00,0,0,7,19.062970092640217,72.87505666946782,R/C,Lost Child,81,5
2023-08-06 21:29:00,21,6,8,19.029324751741957,72.9079518749625,A,Lost Child,78,3
2023-09-12 14:48:00,14,1,9,18.935058783218974,72.81554062620826,N,Trafficking,54,1
2023-03-29 10:57:00,10,2,3,19.239029088656146,72.86363035310157,K/W,Trafficking,45,2
2023-05-01 17:11:00,17,0,5,19.230961913026313,72.8762162860539,G/S,Child Labour,70,4
2023-06-13 23:11:00,23,1,6,19.255704292232465,72.93203511849566,R/N,Runaway,71,5
2023-04-15 09:34:00,9,5,4,19.07631756601469,72.85625569612458,C,Lost Child,92,3
2023-10-01 06:30:00,6,6,10,19.25572034690925,72.99043907781132,P/S,Lost Child,55,3
2023-08-09 10:53:00,10,2,8,18.95145247514729,72.97218611922389,R/N,Begging,84,3
2023-03-21 03:04:00,3,1,3,18.956384524286545,72.8417846023837,H/W,Trafficking,69,2
2023-04-08 07:41:00,7,5,4,19.09355240987566,72.8748728424639,M/E,Lost Child,43,3
2023-01-21 05:00:00,5,5,1,19.265764195557804,72.88801665556272,C,Runaway,49,3
2023-10-14 06:21:00,6,5,10,18.995165607062372,72.82679863157601,F/N,Begging,54,4
2023-12-25 09:15:00,9,0,12,19.009596135090238,72.85071132674668,B,Trafficking,68,2
2023-04-10 18:33:00,18,0,4,19.098472596381427,72.96184763457339,M/E,Child Labour,67,4
2023-05-16 10:45:00,10,1,5,18.946770400736707,72.96994087760474,N,Child Labour,40,3
2023-09-21 21:38:00,21,3,9,18.962887854258593,72.90682566557311,B,Trafficking,61,2
2023-06-19 12:48:00,12,0,6,19.232771036897752,72.91141193668605,G/N,Begging,86,4
2023-04-03 08:19:00,8,0,4,19.225799834214097,72.88384839348082,D,Child Labour,39,4
2023-12-12 05:36:00,5,1,12,19.27461758230554,72.95324246909678,G/N,Begging,63,5
2023-09-23 04:48:00,4,5,9,19.216384916497862,72.90567088505972,L,Child Labour,32,4
2023-05-25 14:42:00,14,3,5,19.042891629767748,72.82851487705838,M/E,Lost Child,36,5
2023-07-15 03:03:00,3,5,7,19.113206701869363,72.94959065181968,R/N,Begging,79,5
2023-01-13 01:53:00,1,4,1,19.060297297538206,72.9990386022464,M/W,Child Labour,86,3
2023-12-29 06:22:00,6,4,12,19.248667579398635,72.90779488813219,F/N,Lost Child,93,4
2023-03-29 20:53:00,20,2,3,19.02956786828435,72.81206953268247,B,Child Labour,62,4
2023-02-26 06:00:00,6,6,2,19.228284250238016,72.93680095437625,R/N,Begging,58,3
2023-11-17 02:04:00,2,4,11,19.00807303947297,72.9019596685267,M/E,Lost Child,78,5
2023-10-18 08:48:00,8,2,10,19.184711466533578,72.89803366440596,G/N,Begging,54,4
2023-08-05 16:34:00,16,5,8,19.204327518089176,72.84634559479068,G/N,Abuse,31,1
2023-12-14 12:34:00,12,3,12,19.028832284424894,72.96170578914789,K/E,Trafficking,96,1
2023-08-16 16:54:00,16,2,8,19.219520290789106,72.84189733199383,K/E,Runaway,30,3
2023-06-07 15:17:00,15,2,6,19.01375032859064,72.89610121450634,H/W,Begging,53,4
2023-08-26 16:41:00,16,5,8,19.211892682811158,72.81613591880703,A,Lost Child,80,3
2023-02-09 02:19:00,2,3,2,19.00000904862581,72.88826338860963,N,Child Labour,49,3
2023-06-20 21:21:00,21,1,6,19.040691984270147,72.85506368479649,C,Abuse,51,1
2023-11-08 02:23:00,2,2,11,19.14337920825064,72.95992278941448,K/W,Trafficking,96,4
2023-11-17 21:15:00,21,4,11,19.137501562071172,72.98516570918162,P/N,Lost Child,52,3
2023-06-11 18:18:00,18,6,6,19.04462881659758,72.97884008566768,H/W,Runaway,97,5
2023-07-16 10:02:00,10,6,7,18.966355293315804,72.87796068575383,K/W,Begging,49,2
2023-02-01 08:31:00,8,2,2,19.159480221058224,72.94614807462726,M/W,Begging,58,3
2023-07-13 12:45:00,12,3,7,19.14411492457177,72.94267052618129,R/N,Trafficking,94,2
2023-03-08 11:38:00,11,2,3,19.186458923517677,72.92264215655442,G/S,Abuse,60,1
2023-12-29 01:45:00,1,4,12,19.06444631615177,72.91416883838266,E,Lost Child,81,4
2023-03-03 00:48:00,0,4,3,19.064237237326967,72.94005513794556,R/N,Child Labour,56,3
2023-07-12 09:57:00,9,2,7,19.272983731398025,72.82963111281323,P/S,Begging,67,5
2023-08-26 08:02:00,8,5,8,19.225746398930347,72.836862027297,C,Runaway,64,3
2023-02-06 02:34:00,2,0,2,19.011735739816054,72.82249536904364,D,Child Labour,68,3
2023-08-27 05:09:00,5,6,8,18.902277497172832,72.83088263357838,K/E,Abuse,78,1
2023-12-22 16:26:00,16,4,12,19.171868904098258,72.81368607156996,D,Runaway,59,5
2023-11-04 11:50:00,11,5,11,19.08665076114288,72.8204433576267,H/E,Abuse,64,1
2023-01-01 06:59:00,6,6,1,19.25187417734208,72.97878233049342,S,Lost Child,41,4
2023-11-19 02:32:00,2,6,11,19.29476498841309,72.89643002960602,D,Trafficking,73,2
2023-03-16 15:45:00,15,3,3,19.213690951026344,72.89184943167727,R/N,Trafficking,44,1
2023-07-10 21:59:00,21,0,7,19.09225865148305,72.80415272055562,S,Trafficking,91,2
2023-01-07 17:02:00,17,5,1,18.923075335812907,72.93002441006367,H/E,Lost Child,93,4
2023-07-22 01:58:00,1,5,7,19.288511066989408,72.930676013012,C,Lost Child,48,3
2023-09-23 10:22:00,10,5,9,19.299684852386086,72.86322749624838,H/W,Abuse,38,1
2023-02-09 16:50:00,16,3,2,18.941034343367924,72.89306661057996,N,Begging,77,4
2023-05-30 04:32:00,4,1,5,19.00176819754213,72.83658189903245,K/E,Child Labour,88,3
2023-01-28 01:40:00,1,5,1,19.02001175628015,72.9047379793178,C,Runaway,90,5
2023-06-30 04:47:00,4,4,6,19.027005382746466,72.91541698832813,N,Lost Child,64,3
2023-02-15 19:47:00,19,2,2,19.065532206958157,72.90458782381198,L,Abuse,47,1
2023-11-16 00:23:00,0,3,11,18.95302623107817,72.90090726052931,M/E,Child Labour,83,3
2023-11-27 16:35:00,16,0,11,19.08058832699871,72.80686452711852,L,Child Labour,62,3
2023-08-04 15:45:00,15,4,8,19.25541701554399,72.81308847903819,G/S,Runaway,43,2
2023-03-17 14:17:00,14,4,3,18.920904834771868,72.83432160002579,H/W,Runaway,79,5
2023-05-23 03:13:00,3,1,5,19.248503029741887,72.97013796309515,R/S,Runaway,36,3
2023-06-28 23:35:00,23,2,6,19.213979862769754,72.92154994921621,K/W,Abuse,61,2
2023-05-02 04:06:00,4,1,5,19.032184154731414,72.84048106567013,M/W,Trafficking,39,2
2023-04-06 07:19:00,7,3,4,19.25149238294753,72.99437196411313,P/S,Abuse,32,1
2023-09-01 10:39:00,10,4,9,19.108623152115015,72.97967689497324,K/E,Abuse,57,2
2023-05-25 12:06:00,12,3,5,19.010065801791782,72.9938608436287,H/E,Trafficking,59,2
2023-01-14 00:02:00,0,5,1,19.27763428770697,72.94853215699382,F/S,Abuse,88,1
2023-12-01 04:39:00,4,4,12,18.90301040524711,72.87269657109222,E,Lost Child,73,5
2023-06-01 03:04:00,3,3,6,19.219438184487654,72.93992895500486,P/S,Child Labour,37,3
2023-10-03 09:06:00,9,1,10,18.914470843459227,72.86120017389432,M/W,Lost Child,46,4
2023-01-11 17:31:00,17,2,1,19.10862889659885,72.85660095302116,P/S,Child Labour,68,3
2023-03-18 06:44:00,6,5,3,19.123034489030378,72.88812939492237,C,Lost Child,60,4
2023-12-24 11:34:00,11,6,12,19.025775358136485,72.84422498451866,H/W,Abuse,36,2
2023-10-20 22:26:00,22,4,10,19.130665658995564,72.89710927628788,F/S,Child Labour,68,2
2023-05-18 05:16:00,5,3,5,19.014456926029354,72.82959607465003,R/N,Runaway,43,5
2023-03-26 03:44:00,3,6,3,19.296484210290572,72.90529133501803,D,Begging,40,5
2023-07-05 20:19:00,20,2,7,19.202394307266356,72.94286957174442,B,Child Labour,31,3
2023-01-25 17:44:00,17,2,1,19.08738555583459,72.92801165364168,P/N,Lost Child,57,5
2023-02-18 06:01:00,6,5,2,19.167171707963302,72.96671769073558,G/S,Begging,78,4
2023-01-28 08:44:00,8,5,1,19.139426602429687,72.95560800380866,F/S,Begging,56,4
2024-01-01 23:08:00,23,0,1,19.08808334381404,72.86845870772267,M/E,Child Labour,60,3
2023-10-02 17:08:00,17,0,10,19.286034570757497,72.89552600701616,S,Lost Child,62,5
2023-01-20 08:44:00,8,4,1,19.171968259427665,72.8863743901827,P/S,Runaway,52,3
2023-09-21 16:45:00,16,3,9,19.171931674327794,72.89262627697323,A,Begging,37,3
2023-11-11 04:45:00,4,5,11,19.053922871620397,72.98488280288308,P/S,Begging,45,5
2023-07-01 07:06:00,7,5,7,19.212482498001318,72.88434216829592,P/N,Begging,81,5
2023-09-07 23:27:00,23,3,9,19.155638691421665,72.94028267452987,N,Begging,58,3
2023-02-03 09:47:00,9,4,2,19.12722957729544,72.99889877562696,G/N,Abuse,51,2
2023-08-01 03:34:00,3,1,8,19.106495700204153,72.92809707821955,H/W,Child Labour,36,3
2023-06-16 22:06:00,22,4,6,19.217950812587162,72.8072188857219,S,Child Labour,43,2
2023-12-29 23:49:00,23,4,12,19.115573384011025,72.9090727985585,L,Runaway,55,3
2023-09-19 10:06:00,10,1,9,19.181020999484176,72.80425934624492,R/C,Child Labour,50,4
2023-06-18 13:27:00,13,6,6,18.90248524925262,72.86147247115622,C,Trafficking,67,1
2023-08-09 15:49:00,15,2,8,19.128902233185702,72.90701513872921,D,Trafficking,80,1
2023-03-28 13:47:00,13,1,3,19.100199602271193,72.82057563663992,B,Begging,64,4
2023-10-25 08:44:00,8,2,10,18.92470837164894,72.87072419875693,N,Trafficking,92,1
2023-05-23 04:38:00,4,1,5,18.995950122212662,72.93024546290765,M/W,Child Labour,32,4
2023-10-07 19:35:00,19,5,10,19.201470027845847,72.97314717852068,T,Lost Child,76,3
2023-06-30 09:16:00,9,4,6,18.994119015741106,72.86515164921488,M/E,Begging,96,3
2023-11-24 16:45:00,16,4,11,19.197170882788157,72.83241979299237,G/N,Lost Child,32,5
2023-11-05 01:14:00,1,6,11,19.19836461584987,72.90963444696185,R/S,Abuse,72,2
2023-09-08 04:34:00,4,4,9,18.920231969241907,72.87403449844264,A,Begging,77,4
2023-09-24 06:21:00,6,6,9,19.171006369840097,72.80015953971402,S,Runaway,53,2
2023-04-21 12:28:00,12,4,4,19.277264039392072,72.8352608686911,B,Abuse,93,2
2023-12-11 04:40:00,4,0,12,18.90154624554397,72.98590802943028,H/W,Begging,52,3
2023-10-05 03:00:00,3,3,10,18.929442435068694,72.85393805391774,R/N,Lost Child,83,1
2023-06-07 13:13:00,13,2,6,19.177916975241097,72.84620308282516,C,Begging,33,4
2023-05-05 09:05:00,9,4,5,18.98443630378169,72.83764005126277,S,Abuse,94,2
2023-04-20 14:34:00,14,3,4,19.052748649285892,72.91773976648098,R/C,Runaway,86,4
2023-06-17 23:46:00,23,5,6,19.096085997851404,72.85193691741122,R/N,Lost Child,61,3
2023-08-27 11:17:00,11,6,8,18.988040132885814,72.89019266832746,T,Child Labour,55,4
2023-07-10 01:52:00,1,0,7,19.20839599560186,72.84673817183031,G/S,Runaway,54,3
2023-09-11 17:58:00,17,0,9,19.039422807575505,72.9921437985858,A,Lost Child,51,5
2023-02-26 05:10:00,5,6,2,19.2765070954162,72.83344738496427,G/S,Begging,73,4
2023-03-18 07:26:00,7,5,3,18.973353163584683,72.83390747517149,H/E,Trafficking,51,2
2023-09-01 12:50:00,12,4,9,18.99239522970344,72.97420130522289,R/C,Lost Child,52,5
2023-12-03 16:04:00,16,6,12,19.228749459454377,72.985233609821,H/W,Runaway,39,3
2023-09-21 11:16:00,11,3,9,19.21365138553124,72.8556964388522,M/E,Abuse,65,2
2023-08-01 20:19:00,20,1,8,19.108976148438856,72.99877766164816,C,Abuse,49,2
2023-10-13 11:17:00,11,4,10,18.917387691666285,72.81345916477234,H/W,Abuse,74,1
2023-06-27 06:16:00,6,1,6,19.05624614717603,72.9205546492383,R/N,Lost Child,77,3
2023-04-14 02:49:00,2,4,4,19.260555055474597,72.98831220843556,R/N,Abuse,34,1
2023-10-01 02:44:00,2,6,10,19.09657262300862,72.98363763780824,D,Child Labour,33,3
2023-01-29 18:10:00,18,6,1,18.928514475989164,72.87216270798443,G/S,Child Labour,42,3
2023-09-25 20:52:00,20,0,9,19.294887926717298,72.9975999651985,D,Runaway,50,4
2023-04-09 11:55:00,11,6,4,19.062143966151627,72.81478231462695,R/S,Lost Child,54,5
2023-08-04 03:47:00,3,4,8,19.04706902785876,72.96227482617945,R/S,Runaway,52,4
2023-12-26 13:32:00,13,1,12,19.217873496407215,72.9202102333291,N,Trafficking,68,1
2023-06-20 19:11:00,19,1,6,19.00887313683518,72.8707561466229,M/W,Begging,84,4
2023-03-24 06:15:00,6,4,3,19.125642648647602,72.82877750204565,R/C,Child Labour,95,3
2023-11-08 22:04:00,22,2,11,19.21528215404028,72.95947890644685,K/W,Trafficking,84,2
2023-12-16 10:24:00,10,5,12,19.165733812111124,72.82830723628759,P/S,Begging,51,3
2023-10-16 21:06:00,21,0,10,19.16888930910073,72.99768953033136,C,Trafficking,55,2
2023-03-19 22:41:00,22,6,3,19.17320978446802,72.88842776575255,H/W,Begging,40,4
2023-08-22 03:29:00,3,1,8,18.94147030696516,72.84565370928863,R/N,Lost Child,72,4
2023-08-31 13:01:00,13,3,8,19.073816818471943,72.96740095705117,P/S,Trafficking,30,2
2023-05-24 04:58:00,4,2,5,19.13416770796819,72.98594087154346,S,Runaway,54,3
2023-11-06 19:16:00,19,0,11,19.256701901423043,72.84671049477791,P/S,Child Labour,33,4
2023-12-04 11:00:00,11,0,12,19.123498441721548,72.99897577736665,H/E,Child Labour,87,3
2023-10-01 11:00:00,11,6,10,18.978454340462562,72.8993177115074,K/W,Abuse,36,1
2023-10-05 21:06:00,21,3,10,19.133187457695968,72.9457559678405,P/S,Child Labour,59,2
2023-04-29 20:09:00,20,5,4,19.121668555392834,72.97855543767605,N,Trafficking,42,2
2023-10-19 10:52:00,10,3,10,19.278252881413568,72.96873087192307,D,Child Labour,75,5
2023-07-09 09:13:00,9,6,7,19.13281048944699,72.97565700627004,K/W,Child Labour,43,3
2023-11-17 12:16:00,12,4,11,19.066458174158313,72.9490960072177,S,Begging,74,4
2023-02-16 23:50:00,23,3,2,19.231055061958767,72.81980685475904,H/W,Abuse,95,1
2023-05-07 09:30:00,9,6,5,18.911314800418886,72.97690838880246,L,Trafficking,54,2
2023-10-28 09:00:00,9,5,10,18.954336077950185,72.85620767550513,R/S,Abuse,85,2
2023-08-22 13:39:00,13,1,8,19.074879618381317,72.8504961579013,F/N,Begging,34,3
2023-05-13 09:23:00,9,5,5,18.969641668107556,72.80582609294659,F/S,Runaway,40,3
2023-01-03 03:09:00,3,1,1,19.10722491707487,72.90724102882027,M/E,Lost Child,88,3
2023-12-05 09:47:00,9,1,12,19.062619795046498,72.95780797775414,C,Trafficking,97,1
2023-10-28 13:58:00,13,5,10,19.098078129239966,72.93296867065534,R/C,Lost Child,53,4
2023-11-17 12:04:00,12,4,11,18.954050227157204,72.9913639648117,G/S,Lost Child,58,3
2023-11-30 18:15:00,18,3,11,18.99176997697794,72.83948708679101,M/E,Begging,83,4
2023-03-21 14:44:00,14,1,3,19.050679387617425,72.93623819790365,R/C,Child Labour,74,4
2023-05-15 15:00:00,15,0,5,19.048164935083477,72.86568311094835,L,Begging,69,5
2023-09-28 03:59:00,3,3,9,19.003696081892087,72.8483152797608,K/W,Lost Child,42,4
2023-04-12 12:45:00,12,2,4,19.096329693587972,72.92020832970273,H/W,Begging,94,3
2023-07-08 06:10:00,6,5,7,18.919037461768703,72.95889542694543,R/C,Trafficking,99,2
2024-01-01 03:02:00,3,0,1,19.047980407759844,72.8521422815573,K/E,Lost Child,93,5
2023-04-15 20:24:00,20,5,4,19.04998267335904,72.81788494646369,K/E,Abuse,42,2
2023-12-10 19:08:00,19,6,12,18.92754401602188,72.89263674658362,H/W,Trafficking,33,1
2023-12-21 08:00:00,8,3,12,19.138183027265807,72.92435513959447,F/N,Abuse,36,1
2023-12-09 14:57:00,14,5,12,19.11059688677793,72.80980933466829,H/W,Abuse,91,2
2023-08-27 07:32:00,7,6,8,18.983682796665743,72.83907889523992,K/E,Runaway,65,4
2023-08-21 22:31:00,22,0,8,19.2352425717085,72.80068264555044,R/S,Runaway,38,3
2023-08-16 07:34:00,7,2,8,19.11249765821431,72.80639373525437,P/S,Begging,93,3
2023-03-12 07:40:00,7,6,3,19.258988399650516,72.94313053524195,A,Child Labour,57,3
2023-01-25 10:09:00,10,2,1,19.067764514761077,72.96276378869521,K/W,Child Labour,95,4
2023-06-24 11:56:00,11,5,6,19.053326676758108,72.89037427120913,C,Child Labour,73,3
2023-06-15 08:38:00,8,3,6,18.94865746139288,72.91320036409482,D,Runaway,49,5
2023-07-20 11:47:00,11,3,7,19.076181169156126,72.90843611688862,M/E,Lost Child,65,4
2023-10-17 04:59:00,4,1,10,19.13768505085149,72.99451991472641,C,Begging,72,3
2023-02-11 15:47:00,15,5,2,18.963480200276475,72.91378780761457,N,Lost Child,72,5
2023-09-28 16:28:00,16,3,9,19.17872927584644,72.9975191098558,R/N,Abuse,81,2
2023-01-14 12:02:00,12,5,1,19.24951653159313,72.95429143829372,E,Trafficking,77,2
2023-02-23 00:40:00,0,3,2,19.164033824925767,72.97001129739262,C,Child Labour,92,2
2023-01-09 19:05:00,19,0,1,19.09673839166656,72.84897256323698,D,Lost Child,94,5
2023-10-04 02:49:00,2,2,10,19.059066861601767,72.88218317639183,M/W,Lost Child,92,4
2023-09-11 09:56:00,9,0,9,19.171795304877765,72.87220498051815,S,Runaway,65,5
2023-05-29 04:26:00,4,0,5,19.1547432767542,72.8645536083823,P/N,Trafficking,42,2
2023-11-22 13:28:00,13,2,11,19.228572308946184,72.96560835854764,K/W,Abuse,47,3
2023-12-12 05:45:00,5,1,12,19.067694264982418,72.90985120685136,R/N,Abuse,51,1
2023-07-12 23:07:00,23,2,7,19.111987538543723,72.86421717411541,A,Child Labour,82,3
2023-05-05 16:23:00,16,4,5,18.904818462066647,72.87547156673072,P/S,Trafficking,55,1
2023-11-07 14:02:00,14,1,11,19.071915283701877,72.95031632721607,K/W,Runaway,56,5
2023-06-19 20:00:00,20,0,6,19.13374397633027,72.90188833117297,M/E,Lost Child,79,5
2023-12-07 14:23:00,14,3,12,18.90290622502723,72.89454899302292,M/W,Begging,79,3
2023-08-24 05:15:00,5,3,8,18.90076782122874,72.91051875342733,C,Begging,44,3
2023-05-22 03:09:00,3,0,5,19.122331047348503,72.99451944655745,R/C,Child Labour,98,2
2023-07-10 19:06:00,19,0,7,19.286402827310027,72.85572692680351,N,Lost Child,41,5
2023-10-04 12:31:00,12,2,10,18.946357353916632,72.84543573395159,R/C,Trafficking,92,2
2023-10-18 02:13:00,2,2,10,19.05763793484566,72.80327514874617,F/N,Child Labour,99,2
2023-10-11 19:00:00,19,2,10,19.06442937078275,72.97553762448182,N,Abuse,85,1
2023-08-23 05:26:00,5,2,8,18.977883086668108,72.81041857126405,A,Begging,56,3
2023-07-11 19:54:00,19,1,7,19.280927865920695,72.88060028306158,B,Abuse,39,2
2023-08-05 23:57:00,23,5,8,19.02999287588253,72.99393662204925,L,Lost Child,87,5
2023-06-15 15:24:00,15,3,6,19.199333779242078,72.83757797437703,H/E,Trafficking,96,1
2023-02-01 17:56:00,17,2,2,18.97043433208605,72.91335533621647,H/E,Child Labour,31,3
2023-10-08 20:12:00,20,6,10,19.011654085048377,72.96446569796373,G/S,Abuse,58,1
2023-07-16 18:02:00,18,6,7,18.95284443275702,72.96086238184817,D,Runaway,87,4
2023-11-12 08:55:00,8,6,11,19.072478445508647,72.99746853951646,G/S,Child Labour,39,4
2023-10-05 17:40:00,17,3,10,19.22168522527475,72.9502861481572,F/N,Runaway,42,4
2023-06-30 09:34:00,9,4,6,19.044062728978698,72.99933373823654,M/W,Begging,84,3
2023-01-13 06:05:00,6,4,1,19.087621123382387,72.9546016790225,F/S,Runaway,55,5
2023-08-27 11:09:00,11,6,8,19.00363009691595,72.96245369838324,R/S,Child Labour,99,2
2023-05-11 21:27:00,21,3,5,19.164830148710184,72.895966122247,L,Runaway,43,5
2023-06-25 21:55:00,21,6,6,19.008223799533873,72.84205265096814,K/W,Child Labour,79,2
2023-01-02 19:39:00,19,0,1,19.01433842518081,72.98551717599072,R/N,Child Labour,61,2
2023-05-25 12:25:00,12,3,5,18.926030903345673,72.90115248807943,R/N,Abuse,51,2
2023-11-07 21:02:00,21,1,11,18.92846799706837,72.87324248032887,K/E,Abuse,71,1
2023-01-06 20:26:00,20,4,1,19.289418703052817,72.90649829127014,F/S,Lost Child,99,3
2023-12-10 13:29:00,13,6,12,18.943075783456575,72.80387995189892,B,Runaway,35,5
2023-11-26 19:50:00,19,6,11,19.00058574850709,72.94928088216766,D,Lost Child,83,5
2023-02-05 03:54:00,3,6,2,18.949915751820992,72.98174028187326,T,Begging,58,3
2023-04-29 08:57:00,8,5,4,18.951509248691902,72.88479994102804,K/E,Runaway,70,4
2023-04-12 12:21:00,12,2,4,18.996006076055178,72.93434995233912,H/W,Begging,95,3
2023-01-29 11:08:00,11,6,1,18.97008953189035,72.93442843020402,R/N,Begging,69,4
2023-05-25 07:13:00,7,3,5,18.923384193412975,72.94824258109226,F/N,Lost Child,59,3
2023-05-13 05:23:00,5,5,5,19.143115520373392,72.91777267142513,K/W,Abuse,65,2
2023-09-23 14:53:00,14,5,9,19.15984488470103,72.81421274037075,M/E,Child Labour,31,2
2023-02-20 06:34:00,6,0,2,19.126862314598643,72.88607637135794,K/W,Abuse,61,2
2023-07-08 03:35:00,3,5,7,18.912788354932648,72.90021984877419,P/N,Trafficking,30,2
2023-11-23 21:22:00,21,3,11,19.015270667011887,72.83046946038425,B,Lost Child,90,4
2023-09-12 01:25:00,1,1,9,19.044876086004912,72.81539480048623,K/W,Runaway,82,5
2023-09-28 05:46:00,5,3,9,19.102787556203026,72.84873897599284,M/E,Begging,66,3
2023-08-18 06:42:00,6,4,8,19.08918753659758,72.90037553955341,C,Runaway,54,5
2023-06-17 07:11:00,7,5,6,18.96555282586536,72.98059850421409,D,Trafficking,87,1
2023-10-11 15:42:00,15,2,10,19.157645264411443,72.81689813183368,S,Lost Child,68,3
2023-08-17 18:47:00,18,3,8,19.16410804507155,72.81616186866236,C,Child Labour,52,3
2023-03-30 16:30:00,16,3,3,18.95026073101557,72.92078480854704,B,Begging,71,5
2023-12-02 14:07:00,14,5,12,19.100257346970412,72.96434176223283,F/S,Lost Child,59,4
2023-09-20 07:32:00,7,2,9,19.11769813458775,72.95613587962876,H/E,Child Labour,59,2
2023-07-23 15:31:00,15,6,7,18.957967887798933,72.98481552507621,P/N,Runaway,77,3
2023-05-23 05:52:00,5,1,5,18.978304377925124,72.96421348607095,R/C,Runaway,53,4
2023-02-08 02:36:00,2,2,2,19.056550542348944,72.95879436523128,P/N,Trafficking,46,1
2023-10-06 10:00:00,10,4,10,19.291057874745785,72.81914091460294,F/S,Lost Child,80,3
2023-08-06 19:15:00,19,6,8,19.167965689002152,72.82704030524118,L,Abuse,71,1
2023-04-21 14:21:00,14,4,4,18.999585121888746,72.89301418955186,G/N,Runaway,35,3
2023-04-18 00:53:00,0,1,4,19.040926135685893,72.98588410211768,T,Begging,95,4
2023-02-10 14:21:00,14,4,2,19.096764167755826,72.85817720984453,G/S,Lost Child,81,5
2023-08-16 02:59:00,2,2,8,19.123620890635543,72.85122161208946,P/N,Begging,30,4
2023-07-15 03:58:00,3,5,7,18.908499578033258,72.95255925554773,E,Begging,81,5
2023-03-30 03:34:00,3,3,3,19.07994490310651,72.93259102997865,D,Abuse,50,2
2023-11-26 10:14:00,10,6,11,19.033628656157507,72.93376522069427,F/S,Child Labour,51,2
2023-08-04 16:47:00,16,4,8,19.02376791199755,72.99099143087042,F/N,Runaway,60,4
2023-07-26 10:20:00,10,2,7,18.93389731277304,72.95776823609978,G/S,Trafficking,78,2
2023-12-18 11:33:00,11,0,12,19.12258381817864,72.96453079030663,H/W,Runaway,61,5
2023-05-11 21:23:00,21,3,5,19.04680343512547,72.82009002166716,M/E,Child Labour,58,3
2023-05-16 13:24:00,13,1,5,19.202576791899002,72.81210867485308,F/N,Runaway,77,4
2023-06-21 14:53:00,14,2,6,18.96575430951476,72.95470284272062,R/S,Child Labour,59,3
2023-08-28 07:52:00,7,0,8,19.204577362564464,72.85440101888179,F/N,Child Labour,69,2
2023-03-31 07:14:00,7,4,3,19.198938480252977,72.96561666910229,H/E,Lost Child,58,3
2023-04-02 11:34:00,11,6,4,19.00470724765817,72.86007421693444,H/W,Runaway,84,4
2023-07-12 19:09:00,19,2,7,19.135348243076436,72.86075237985646,B,Lost Child,50,2
2023-06-15 06:01:00,6,3,6,19.036624880288656,72.8990991503843,E,Runaway,97,5
2023-08-02 16:56:00,16,2,8,18.973164718429512,72.85025227809518,R/N,Child Labour,75,3
2023-09-27 14:27:00,14,2,9,19.18816360601272,72.89528978889875,E,Runaway,81,3
2023-12-19 19:30:00,19,1,12,18.930198857236974,72.94803032279637,B,Runaway,45,4
2023-04-28 23:22:00,23,4,4,19.053716904307727,72.93913316349649,B,Begging,66,4
2023-06-29 11:41:00,11,3,6,19.169706109325116,72.83282224106335,R/N,Begging,80,4
2023-08-27 00:40:00,0,6,8,19.28260287489692,72.86732916182729,K/W,Trafficking,85,2
2023-05-11 22:16:00,22,3,5,18.95448091738374,72.9498850037669,S,Lost Child,38,3
2023-02-09 02:08:00,2,3,2,18.95535954617203,72.90661459438674,D,Trafficking,33,2
2023-11-16 04:55:00,4,3,11,19.296232185256965,72.81944464799261,P/N,Abuse,95,2
2023-06-07 03:19:00,3,2,6,18.916878723159684,72.92343671736916,P/N,Lost Child,94,5
2023-05-13 04:47:00,4,5,5,19.293413044584195,72.9080877432547,B,Lost Child,54,3
2023-04-14 14:54:00,14,4,4,19.16994471022233,72.9358313516994,M/E,Trafficking,64,1
2023-07-27 07:19:00,7,3,7,18.920749349625584,72.87436375484239,K/W,Abuse,30,2
2023-11-03 16:00:00,16,4,11,19.236094064219298,72.97948294752379,H/E,Trafficking,96,1
2023-01-28 09:58:00,9,5,1,19.11163159475002,72.89021000545614,N,Child Labour,68,3
2023-05-27 10:54:00,10,5,5,18.937890173275523,72.9054386335989,G/S,Trafficking,63,2
2023-06-29 05:42:00,5,3,6,18.909714105181713,72.9987913394014,F/N,Begging,86,3
2023-11-30 19:39:00,19,3,11,19.10414359690919,72.8972980312271,H/E,Lost Child,52,3
2023-09-16 22:44:00,22,5,9,19.219068254178385,72.82569903200991,E,Child Labour,92,3
2023-03-07 00:47:00,0,1,3,19.22895585710187,72.87152147335279,R/C,Abuse,85,2
2023-01-30 14:55:00,14,0,1,18.993474060423104,72.95399690912097,G/S,Begging,82,5
2023-02-01 15:59:00,15,2,2,19.10020783260975,72.95512042597134,D,Lost Child,81,5
2023-02-27 00:43:00,0,0,2,19.141068637502478,72.89036822944973,R/N,Runaway,46,3
2023-04-08 06:35:00,6,5,4,19.190782542048005,72.99971660910212,F/S,Runaway,49,5
2023-04-19 13:46:00,13,2,4,19.06921626344437,72.82456117007412,G/N,Trafficking,78,1
2023-07-28 05:28:00,5,4,7,19.183854750643277,72.80173696925812,R/S,Child Labour,90,3
2023-09-12 13:07:00,13,1,9,19.27470407083434,72.84342860921195,H/E,Trafficking,30,1
2023-10-17 01:18:00,1,1,10,18.95064176647061,72.87519189972708,T,Begging,97,3
2023-05-20 19:03:00,19,5,5,19.18035445095612,72.93321949407516,E,Begging,93,4
2023-09-22 13:03:00,13,4,9,19.08215626338185,72.94576328393613,K/E,Lost Child,65,3
2023-03-04 09:43:00,9,5,3,19.04317035294681,72.89524674057246,B,Child Labour,31,2
2023-02-27 00:25:00,0,0,2,18.987366954813275,72.86121455657671,T,Runaway,37,3
2023-01-27 11:40:00,11,4,1,19.013847660906826,72.88308295270788,K/W,Lost Child,58,4
2023-07-24 12:03:00,12,0,7,19.217705944655425,72.86829953145464,E,Abuse,64,1
2023-05-31 05:03:00,5,2,5,19.114327821417998,72.86526714535337,F/N,Abuse,52,1
2023-02-24 16:59:00,16,4,2,19.267173710051914,72.80025751801132,K/E,Abuse,80,1
2023-01-04 02:03:00,2,2,1,18.9444124039349,72.86119971354596,H/W,Begging,82,5
2023-01-08 13:31:00,13,6,1,19.047777557458694,72.91898253873508,P/N,Runaway,30,5
2023-01-06 10:04:00,10,4,1,19.159057253315353,72.85307185900312,G/N,Abuse,30,2
2023-07-25 09:48:00,9,1,7,19.29465481951032,72.81936539229946,S,Runaway,54,5
2023-09-07 01:41:00,1,3,9,19.242732014021787,72.84095620655167,N,Trafficking,51,1
2023-06-25 21:36:00,21,6,6,19.24646356838123,72.89597421395148,R/C,Begging,45,3
2023-07-29 07:57:00,7,5,7,19.204328014058664,72.85794151957404,P/S,Trafficking,51,1
2023-10-25 01:37:00,1,2,10,19.28558641765413,72.96256984911177,S,Begging,85,4
2023-02-03 05:52:00,5,4,2,19.244551059234354,72.84804346356013,B,Trafficking,53,4
2023-09-03 03:40:00,3,6,9,18.994569971265154,72.97142509604677,P/S,Abuse,97,2
2023-09-12 04:58:00,4,1,9,19.263979156429645,72.92165166972373,A,Lost Child,41,3
2023-07-26 17:14:00,17,2,7,18.91764316555361,72.86401497435003,N,Trafficking,99,2
2023-08-28 08:53:00,8,0,8,19.030574230594983,72.98459927051884,E,Child Labour,49,4
2023-06-13 19:43:00,19,1,6,19.23405308970915,72.87740650599174,M/E,Lost Child,41,4
2023-11-30 23:16:00,23,3,11,18.985031621043586,72.88720236084468,H/W,Trafficking,31,1
2023-09-19 09:59:00,9,1,9,19.07460689647129,72.80945351516034,D,Runaway,34,3
2023-10-29 08:56:00,8,6,10,19.165732540293487,72.97212874969125,F/N,Begging,41,3
2023-04-30 01:48:00,1,6,4,19.038603539697995,72.94542666135378,M/W,Trafficking,67,1
2023-06-21 03:06:00,3,2,6,19.27360547256314,72.86435124571341,B,Abuse,78,1
2023-05-06 15:24:00,15,5,5,19.22797605631445,72.87298622648595,R/C,Child Labour,35,4
2023-05-20 05:39:00,5,5,5,19.10697580797895,72.80020129147353,H/W,Abuse,58,1
2023-02-28 07:21:00,7,1,2,18.914298522068137,72.84266642184134,F/N,Lost Child,57,5
2023-11-04 09:04:00,9,5,11,19.283131317747106,72.81199958314691,E,Child Labour,70,2
2023-08-17 02:32:00,2,3,8,19.13814297160111,72.99680573393756,M/E,Abuse,85,1
2023-03-04 14:34:00,14,5,3,19.120533799049444,72.91555066305274,G/N,Begging,99,5
2023-06-08 18:11:00,18,3,6,18.97657707395096,72.85015607940747,E,Abuse,69,2
2023-06-09 23:18:00,23,4,6,19.108287851080306,72.93321685522132,G/N,Lost Child,48,4
2023-04-16 04:15:00,4,6,4,19.225143288727526,72.91136732712229,D,Runaway,44,5
2023-10-26 15:37:00,15,3,10,19.21767649255546,72.93248428452893,D,Lost Child,59,4
2023-12-27 19:13:00,19,2,12,19.115632657151036,72.88582097135617,S,Runaway,69,5
2023-03-14 21:56:00,21,1,3,19.094269132261804,72.85485201901277,S,Abuse,47,2
2023-09-21 21:43:00,21,3,9,19.090705346508955,72.90603555635994,R/S,Lost Child,72,5
2023-10-28 01:55:00,1,5,10,19.246640894468275,72.92686699738104,M/W,Trafficking,47,1
2023-06-24 09:03:00,9,5,6,19.09907394186446,72.80424210628237,M/W,Abuse,91,2
2023-11-12 05:40:00,5,6,11,18.909933442907352,72.84669471387734,T,Runaway,60,1
2023-09-17 15:15:00,15,6,9,19.194890309422018,72.82797654878658,C,Abuse,70,1
2023-02-01 03:52:00,3,2,2,19.264200189676536,72.87883865490987,P/N,Lost Child,96,3
2023-08-04 00:38:00,0,4,8,19.009321456201736,72.87164974419731,H/W,Begging,47,3
2023-03-08 16:43:00,16,2,3,19.077985478013808,72.93050314024106,P/S,Child Labour,55,4
2023-09-16 06:28:00,6,5,9,19.124917303199428,72.91312600186127,S,Runaway,80,5
2023-07-30 00:27:00,0,6,7,18.908325096929254,72.87701132312695,A,Child Labour,51,4
2024-01-01 21:09:00,21,0,1,19.11974462722042,72.9867897187893,C,Child Labour,90,2
2023-01-14 07:18:00,7,5,1,19.269886546904957,72.88603812085255,F/S,Runaway,68,4
2023-08-27 07:40:00,7,6,8,19.066004826883397,72.87427117073906,G/S,Lost Child,62,4
2023-05-23 01:41:00,1,1,5,19.143426050389323,72.86878918822724,L,Abuse,42,2
2023-11-05 13:29:00,13,6,11,19.12701227497992,72.99470690447436,D,Abuse,87,1
2023-08-16 21:51:00,21,2,8,19.170363924026766,72.94129748641487,H/E,Runaway,96,5
2023-04-05 12:50:00,12,2,4,19.079373918834385,72.92304338940203,S,Begging,60,5
2023-08-02 16:49:00,16,2,8,18.927264304640737,72.98516660017972,E,Abuse,97,2
2023-07-29 13:05:00,13,5,7,19.076334847255872,72.93425579395328,D,Abuse,54,2
2023-10-04 23:51:00,23,2,10,19.060005679682128,72.9497431136615,L,Child Labour,83,4
2023-05-05 03:08:00,3,4,5,19.077921900696403,72.92727939583935,F/S,Abuse,87,1
2023-11-03 11:31:00,11,4,11,19.218599151173745,72.80557256776572,B,Runaway,32,1
2023-08-10 10:17:00,10,3,8,19.07583851214421,72.83810994033195,L,Lost Child,65,5
2023-02-21 18:31:00,18,1,2,19.267913531889405,72.90171927883402,R/C,Child Labour,72,2
2023-01-17 23:01:00,23,1,1,19.19221376904757,72.87509486365892,K/W,Lost Child,72,3
2023-08-06 20:51:00,20,6,8,19.046556758821595,72.96410159138719,M/W,Abuse,36,1
2023-10-01 13:04:00,13,6,10,19.07761294828869,72.91461461606369,G/N,Lost Child,69,5
2023-10-14 02:54:00,2,5,10,19.06292980640638,72.95747149332657,T,Child Labour,75,4
2023-06-21 06:03:00,6,2,6,19.13712214919769,72.91830572319856,S,Abuse,48,3
2023-10-04 02:59:00,2,2,10,18.950287757363093,72.93777857285173,C,Child Labour,55,4
2023-10-27 18:18:00,18,4,10,19.11043010553815,72.97170666693958,G/N,Abuse,39,1
2023-03-05 02:23:00,2,6,3,18.951763991648725,72.97724528561571,S,Runaway,39,3
2023-04-26 12:12:00,12,2,4,19.09165460972417,72.9298524078381,L,Abuse,39,2
2023-02-13 16:11:00,16,0,2,18.978392275656727,72.96352496812595,B,Child Labour,50,2
2023-02-04 02:34:00,2,5,2,19.271327975893342,72.98452641241933,P/N,Abuse,84,2
2023-12-14 16:46:00,16,3,12,19.125115221508693,72.95037251949621,M/W,Runaway,51,5
2023-01-23 06:38:00,6,0,1,19.260292068134248,72.82695325793016,R/S,Abuse,59,2
2023-06-03 10:44:00,10,5,6,19.264555042506625,72.85214561083389,B,Lost Child,73,4
2023-11-18 07:14:00,7,5,11,19.266067084321925,72.9084343217281,H/W,Abuse,52,1
2023-01-03 06:22:00,6,1,1,19.138396104375566,72.98495479484033,R/N,Trafficking,60,1
2023-08-14 10:55:00,10,0,8,18.921589003291487,72.9544635420713,F/N,Lost Child,57,5
2023-02-23 04:10:00,4,3,2,19.156027136512577,72.80370694761345,K/W,Abuse,83,1
2023-11-05 22:22:00,22,6,11,19.281972109637405,72.88189862881052,R/N,Begging,81,4
2023-06-13 19:51:00,19,1,6,19.092883153243196,72.96096263843417,N,Trafficking,42,1
2023-09-26 22:15:00,22,1,9,19.19053965719023,72.94620791448386,H/E,Abuse,47,1
2023-11-29 09:14:00,9,2,11,19.280824423594353,72.87947648856107,R/S,Trafficking,39,2
2023-10-05 16:45:00,16,3,10,18.989247132785433,72.99616791484178,T,Lost Child,52,4
2023-06-09 16:03:00,16,4,6,18.908607724816022,72.98699505239472,P/S,Abuse,37,1
2023-05-14 19:18:00,19,6,5,19.219413467861127,72.81798232209243,F/S,Trafficking,62,2
2023-11-14 23:21:00,23,1,11,19.080266105459224,72.98065844199485,E,Lost Child,85,4
2023-04-21 00:52:00,0,4,4,19.24322127590647,72.95752805053128,R/S,Lost Child,79,5
2023-06-18 18:21:00,18,6,6,19.07154092314514,72.86755597853468,R/S,Runaway,46,3
2023-11-08 12:47:00,12,2,11,18.97431459180319,72.86567995526605,L,Begging,67,4
2023-01-18 04:51:00,4,2,1,19.029865406782466,72.80018270929183,G/N,Begging,99,4
2023-07-20 14:07:00,14,3,7,19.15732907762953,72.9603227465809,H/E,Runaway,69,4
2023-08-28 20:51:00,20,0,8,18.95417435235107,72.87797770787428,L,Trafficking,54,1
2023-06-24 06:29:00,6,5,6,19.119101471976492,72.92018580652862,N,Trafficking,70,2
2023-01-31 22:00:00,22,1,1,19.24867775385657,72.97299739943229,C,Trafficking,79,3
2023-12-02 16:37:00,16,5,12,19.06537129585309,72.81525818842576,P/N,Begging,30,4
2023-11-06 09:13:00,9,0,11,19.13414657804926,72.95202896169054,H/W,Begging,31,5
2023-09-05 02:33:00,2,1,9,19.118354315307958,72.98228953810558,P/N,Trafficking,33,2
2023-02-01 23:31:00,23,2,2,19.15988021723253,72.82161618603521,P/N,Trafficking,68,2
2023-09-02 12:19:00,12,5,9,19.238887589000488,72.85110765907636,D,Runaway,52,4
2023-02-02 15:21:00,15,3,2,18.91704875040474,72.81865164013293,M/E,Begging,42,4
2023-06-28 10:44:00,10,2,6,19.207123988662044,72.85891613379327,E,Runaway,90,5
2023-11-24 01:53:00,1,4,11,19.069314022898546,72.90362159783577,G/S,Runaway,77,5
2023-03-23 10:12:00,10,3,3,19.051865913306948,72.92562566987368,S,Lost Child,71,4
2023-06-02 08:12:00,8,4,6,19.20384953289279,72.92933670099673,M/E,Trafficking,73,1
2023-08-18 08:33:00,8,4,8,18.951673206991032,72.80564861274719,D,Child Labour,92,2
2023-06-13 02:10:00,2,1,6,19.148887952299724,72.80907977663294,K/E,Trafficking,85,2
2023-03-11 18:49:00,18,5,3,19.068637833128015,72.99368861525377,F/N,Runaway,68,3
2023-11-15 17:52:00,17,2,11,19.135250956501068,72.84698929424026,M/E,Trafficking,58,1
2023-12-11 06:57:00,6,0,12,18.991033187593466,72.92956850294132,C,Child Labour,72,2
2023-08-14 04:06:00,4,0,8,19.22237835415512,72.95271901155859,H/W,Begging,74,3
2023-02-08 07:07:00,7,2,2,19.185230508765894,72.98165122353541,H/W,Child Labour,44,2
2023-06-29 16:16:00,16,3,6,19.27607052979931,72.84806616695371,G/S,Abuse,38,1
2023-07-10 14:51:00,14,0,7,19.07865364338071,72.95952408389017,L,Begging,95,5
2023-03-16 13:15:00,13,3,3,19.13834168932907,72.8911752460361,M/E,Runaway,83,3
2023-06-15 09:24:00,9,3,6,19.187043651360515,72.90445142552707,H/W,Begging,69,5
2023-03-06 13:00:00,13,0,3,18.94610985322122,72.96638176486502,P/S,Trafficking,95,2
2023-03-14 12:09:00,12,1,3,18.926170235028323,72.96739503256289,H/E,Runaway,93,3
2023-10-13 01:43:00,1,4,10,18.956904342299627,72.876129846164,D,Trafficking,46,2
2023-02-22 02:21:00,2,2,2,18.975121527666428,72.83574782148959,L,Runaway,44,3
2023-02-02 12:35:00,12,3,2,19.00316391938133,72.847905493133,C,Abuse,66,1
2023-05-18 23:51:00,23,3,5,19.15391629264639,72.88398061339292,K/E,Trafficking,85,1
2023-08-26 18:34:00,18,5,8,19.11024830034023,72.86036297214552,M/W,Child Labour,63,4
2023-12-08 08:43:00,8,4,12,19.29180236478294,72.89751626724096,P/N,Lost Child,66,4
2023-04-08 16:16:00,16,5,4,19.143747672234923,72.8264083588278,G/N,Lost Child,93,3
2023-04-29 03:20:00,3,5,4,19.21481298471861,72.90117322877127,F/S,Begging,90,3
2023-09-02 14:57:00,14,5,9,18.991598157284198,72.85253989410555,K/W,Lost Child,98,5
2023-08-17 20:34:00,20,3,8,19.17101318941028,72.95074656598322,K/W,Child Labour,92,2
2023-01-22 20:51:00,20,6,1,18.96377300672664,72.81771098363373,G/N,Child Labour,55,3
2023-11-06 09:54:00,9,0,11,19.098599301511218,72.95082887711361,B,Child Labour,38,2
2023-10-25 23:57:00,23,2,10,18.946765174117676,72.91199350881003,H/W,Trafficking,72,1
2023-11-06 11:32:00,11,0,11,19.011085466005994,72.97415869552262,C,Trafficking,49,2
2023-08-26 02:27:00,2,5,8,19.240899452186596,72.88602750794114,R/C,Trafficking,82,1
2023-03-12 07:40:00,7,6,3,18.938453138172427,72.87886548857745,H/E,Child Labour,90,2
2023-04-04 18:01:00,18,1,4,19.119760934800787,72.85284538754892,H/E,Lost Child,68,1
2023-09-13 07:04:00,7,2,9,19.298099328555836,72.94847101451072,S,Abuse,36,2
2023-02-05 13:26:00,13,6,2,19.006575854193056,72.97309098199926,A,Runaway,41,4
2023-03-19 15:31:00,15,6,3,18.986522974537287,72.87645418165232,N,Trafficking,52,2
2023-09-25 11:40:00,11,0,9,19.190858985757473,72.84607436028678,N,Trafficking,31,1
2023-10-21 14:46:00,14,5,10,19.24983546882502,72.98884320016182,G/S,Trafficking,95,1
2023-07-20 20:34:00,20,3,7,19.2789642144672,72.93494730660308,F/N,Trafficking,78,2
2023-12-12 17:09:00,17,1,12,18.935421906202695,72.86947340031219,F/N,Begging,49,4
2023-08-12 08:04:00,8,5,8,18.933268922595385,72.8784086285832,R/N,Trafficking,94,1
2023-02-13 14:41:00,14,0,2,19.101847248037405,72.83744244692417,D,Lost Child,77,4
2023-05-17 08:13:00,8,2,5,19.016390482672954,72.99677542905606,H/W,Abuse,64,2
2023-02-10 02:31:00,2,4,2,19.21090228242301,72.87250717782253,K/E,Abuse,53,1
2023-07-07 09:34:00,9,4,7,19.14036964575353,72.89965494630205,C,Begging,83,2
2023-12-20 02:52:00,2,2,12,19.124288028447022,72.90453254804301,M/E,Trafficking,35,1
2023-07-23 13:59:00,13,6,7,19.067791194679863,72.94281222001669,B,Lost Child,89,3
2023-10-18 01:04:00,1,2,10,18.972328228772927,72.8809541341441,K/E,Abuse,60,1
2023-10-10 03:15:00,3,1,10,19.164170609051347,72.98755310287959,S,Begging,64,5
2023-12-25 12:21:00,12,0,12,19.070297411807108,72.90457876113453,R/N,Trafficking,44,1
2023-03-30 12:58:00,12,3,3,18.92501983087164,72.92491357899512,E,Trafficking,99,1
2023-01-14 00:13:00,0,5,1,19.040365033904067,72.92300236244257,D,Child Labour,67,2
2023-04-09 04:44:00,4,6,4,19.148864427816942,72.83766169435356,A,Trafficking,65,2
2023-11-22 22:24:00,22,2,11,18.917494597028085,72.83443461465649,D,Child Labour,61,3
2023-07-12 03:13:00,3,2,7,18.935624676572793,72.88431981336126,H/W,Begging,47,5
2023-06-05 04:14:00,4,0,6,18.93157135053936,72.98549277932358,G/N,Abuse,87,1
2023-06-10 15:09:00,15,5,6,19.153938314668512,72.84174461868938,G/S,Runaway,67,3
2023-04-21 17:43:00,17,4,4,19.081244436692092,72.84876294606683,C,Child Labour,58,2
2023-05-05 13:33:00,13,4,5,19.144931832820912,72.8874373752667,C,Child Labour,60,2
2023-01-20 20:23:00,20,4,1,18.98991888446209,72.96369130709998,L,Abuse,47,5
2023-02-05 22:49:00,22,6,2,19.244552676866196,72.9201265623922,H/E,Lost Child,90,4
2023-06-23 05:26:00,5,4,6,19.278042392690235,72.8611829546156,G/N,Trafficking,90,1
2023-10-13 08:24:00,8,4,10,19.161845271103854,72.90757608274436,K/W,Abuse,52,2
2023-11-18 16:05:00,16,5,11,19.268102474065703,72.81378744732037,R/N,Begging,70,1
2023-07-27 05:08:00,5,3,7,19.299542002107238,72.87513610124392,P/S,Child Labour,63,4
2023-10-25 20:19:00,20,2,10,19.05901605952012,72.88159099854961,P/S,Trafficking,56,1
2023-06-25 09:56:00,9,6,6,19.291224442255533,72.8110022361197,H/W,Trafficking,70,1
2023-11-27 00:27:00,0,0,11,18.934184799707864,72.87574613831588,D,Lost Child,54,3
2023-06-23 21:15:00,21,4,6,18.98309895536213,72.90503119530864,G/N,Trafficking,52,1
2023-12-25 01:41:00,1,0,12,19.06284624165137,72.90785737752576,M/E,Trafficking,75,1
2023-12-19 16:45:00,16,1,12,19.278638281989373,72.98928915743811,T,Runaway,37,3
2023-09-22 03:27:00,3,4,9,19.20898676042488,72.83471621659348,D,Trafficking,30,2
2023-12-21 18:16:00,18,3,12,18.977968986588834,72.96730051970326,P/N,Lost Child,37,4
2023-04-03 12:19:00,12,0,4,19.142624547351584,72.86428684240352,D,Trafficking,50,1
2023-04-18 08:07:00,8,1,4,19.19170072497923,72.80730677346291,M/W,Runaway,39,5
2023-02-25 21:08:00,21,5,2,19.090261716421846,72.88387931030293,D,Child Labour,45,2
2023-12-06 00:39:00,0,2,12,19.26218761405187,72.85937835331661,P/S,Lost Child,76,4
2023-10-30 15:29:00,15,0,10,19.03123719227181,72.83465127046321,R/C,Child Labour,86,2
2023-03-02 14:56:00,14,3,3,19.248094704962647,72.9787298894786,K/W,Lost Child,97,5
2023-07-27 16:58:00,16,3,7,19.269688103526715,72.88608620572064,A,Lost Child,76,4
2023-11-27 09:54:00,9,0,11,18.90386677536036,72.86854003349812,E,Trafficking,45,2
2023-07-18 21:23:00,21,1,7,19.074857304429415,72.93348066939843,S,Begging,57,3
2023-05-24 16:27:00,16,2,5,18.960065794553163,72.8298623781934,M/W,Trafficking,98,2
2023-03-26 02:05:00,2,6,3,18.938570050350595,72.92527145863691,F/S,Begging,74,2
2023-12-03 10:59:00,10,6,12,19.003103157975268,72.85366590433416,F/S,Trafficking,40,1
2023-03-13 19:23:00,19,0,3,18.97736752399338,72.86861617597886,G/N,Begging,41,3
2023-07-20 21:33:00,21,3,7,19.02122026092436,72.91978873137954,G/N,Trafficking,67,1
2023-10-13 10:25:00,10,4,10,18.99161286410982,72.89083778733632,T,Child Labour,42,3
2023-01-11 13:30:00,13,2,1,19.190703609432088,72.86009203955044,K/E,Runaway,74,3
2023-03-08 10:14:00,10,2,3,19.26737171307027,72.84386134985797,P/S,Child Labour,40,3
2023-07-23 17:51:00,17,6,7,18.950592139351812,72.9237983717235,H/W,Trafficking,31,2
2023-10-16 18:16:00,18,0,10,18.936838944782835,72.91613524374262,L,Runaway,39,4
2023-08-20 14:35:00,14,6,8,18.944064114878593,72.94802085452972,G/N,Begging,45,5
2023-02-17 00:11:00,0,4,2,19.154499045542373,72.84465399933272,G/S,Trafficking,92,1
2023-03-30 12:48:00,12,3,3,19.04464018302151,72.8307979060259,M/W,Begging,58,3
2023-09-03 21:04:00,21,6,9,19.098123401879207,72.82543556259824,C,Begging,62,4
2023-05-25 01:34:00,1,3,5,18.990304388809115,72.80070895716155,R/C,Runaway,67,1
2023-04-04 23:14:00,23,1,4,19.274372489275148,72.82423171184895,P/S,Abuse,71,1
2023-03-16 20:47:00,20,3,3,19.123453289716675,72.9126182419654,C,Child Labour,78,3
2023-11-01 16:29:00,16,2,11,19.21189458309585,72.98433428038504,F/S,Trafficking,35,2
2023-08-26 03:38:00,3,5,8,19.242335179485654,72.80813086817925,D,Abuse,30,2
2023-08-12 07:53:00,7,5,8,19.09217092324161,72.86529627286853,C,Abuse,83,1
2023-12-18 18:10:00,18,0,12,19.03144258808122,72.91771008331703,P/S,Lost Child,40,2
2023-06-29 11:13:00,11,3,6,19.05041251907122,72.88656963675635,L,Child Labour,75,4
2023-09-01 00:05:00,0,4,9,19.15588271697631,72.82400564952142,L,Child Labour,82,3
2023-08-13 02:24:00,2,6,8,19.28378696061011,72.85504676840378,N,Lost Child,79,4
2023-12-20 13:06:00,13,2,12,18.946202794009896,72.99648316090507,K/E,Child Labour,96,2
2023-04-19 22:30:00,22,2,4,19.257652680175106,72.81308643143507,H/E,Abuse,76,2
2023-10-10 03:23:00,3,1,10,19.078410217863293,72.88591939340287,K/W,Runaway,49,4
2023-03-12 11:44:00,11,6,3,18.93354653038027,72.83682305158257,T,Abuse,52,2
2023-01-14 21:08:00,21,5,1,19.266545852202277,72.87232490477041,P/S,Trafficking,77,2
2023-05-06 01:34:00,1,5,5,19.036633261506463,72.99557240362358,F/N,Child Labour,33,4
2023-01-11 19:46:00,19,2,1,19.228857967934967,72.84924050131636,F/N,Abuse,85,1
2023-10-07 13:16:00,13,5,10,19.236923606660305,72.99918629918218,G/S,Child Labour,33,3
2023-05-23 21:13:00,21,1,5,18.9083754241965,72.94172603827984,M/E,Trafficking,93,2
2023-08-31 04:24:00,4,3,8,19.22668368174547,72.90378908502116,P/N,Trafficking,68,2
2023-06-27 20:17:00,20,1,6,19.236012028028473,72.87905855366013,B,Begging,41,4
2023-11-15 05:59:00,5,2,11,19.05851027934299,72.87900323077314,H/W,Child Labour,59,3
2023-09-02 00:00:00,0,5,9,19.258826152913045,72.90311901704423,G/S,Abuse,33,1
2023-12-30 21:55:00,21,5,12,18.976075482849925,72.97467917891346,A,Runaway,77,4
2023-09-15 15:16:00,15,4,9,19.089457998155083,72.97458580847665,G/S,Runaway,92,3
2023-07-03 01:34:00,1,0,7,19.220137280944186,72.82663891144622,E,Lost Child,73,4
2023-07-26 15:23:00,15,2,7,19.259267162967397,72.9411121147496,D,Child Labour,73,4
2023-03-08 19:45:00,19,2,3,19.12237938895904,72.86878663654268,B,Child Labour,40,3
2023-08-05 12:17:00,12,5,8,19.157767306793886,72.9092446224277,F/S,Child Labour,80,3
2023-04-21 14:14:00,14,4,4,18.90021281318321,72.9323736998255,P/S,Trafficking,43,1
2023-11-04 20:26:00,20,5,11,19.05452341956102,72.91878878908572,B,Begging,62,5
2023-04-29 00:53:00,0,5,4,19.172183574366496,72.89077549895352,R/N,Lost Child,72,5
2023-02-09 08:19:00,8,3,2,19.258893902741633,72.92270318815217,F/N,Begging,37,3
2023-01-18 16:40:00,16,2,1,18.959535462952093,72.99268325623707,A,Trafficking,41,1
2023-06-09 17:53:00,17,4,6,19.03882250883126,72.85158295427067,K/W,Lost Child,99,5
2023-10-02 01:11:00,1,0,10,19.018061287256156,72.93961944023043,F/S,Lost Child,59,4
2023-05-09 23:33:00,23,1,5,18.97494729027979,72.90862014519729,R/C,Trafficking,90,2
2023-11-10 23:48:00,23,4,11,19.292253758121706,72.97769175402824,N,Abuse,53,2
2023-03-08 18:33:00,18,2,3,18.92977585812639,72.85824136949724,F/N,Abuse,57,1
2023-04-22 15:03:00,15,5,4,18.90196681196591,72.90105023020223,M/E,Begging,42,3
2023-01-04 04:22:00,4,2,1,19.011168750510944,72.94492933924887,R/S,Lost Child,78,3
2023-08-10 02:27:00,2,3,8,19.08725239728952,72.98291529884962,D,Runaway,39,1
2023-12-06 08:28:00,8,2,12,18.930707221022068,72.96091925964522,G/S,Lost Child,98,4
2023-09-05 22:23:00,22,1,9,19.234877034626134,72.90536447854932,P/N,Lost Child,34,3
2023-04-08 15:53:00,15,5,4,19.226430759990375,72.96805379503688,R/S,Lost Child,39,3
2023-04-25 03:50:00,3,1,4,18.99624601729432,72.83872283032345,T,Lost Child,99,3
2023-05-10 19:38:00,19,2,5,19.261471053742312,72.97281917335467,C,Lost Child,49,5
2023-02-19 23:17:00,23,6,2,19.198159547177816,72.96783158577345,B,Lost Child,71,5
2023-10-24 05:36:00,5,1,10,19.172917794585643,72.81737267686859,S,Trafficking,51,1
2023-12-19 18:23:00,18,1,12,19.04977174335778,72.92143540282069,P/S,Child Labour,81,2
2023-05-27 19:56:00,19,5,5,18.965668577026698,72.83338167696321,F/N,Trafficking,33,2
2023-01-19 21:33:00,21,3,1,19.135770874248,72.94551205873472,R/N,Begging,53,3
2023-06-26 22:29:00,22,0,6,19.24427458714585,72.8840878525435,K/E,Begging,68,3
2023-06-14 21:14:00,21,2,6,19.128126919129087,72.99447561923819,S,Begging,82,3
2023-10-30 12:22:00,12,0,10,18.924704213889207,72.9123932757582,H/E,Lost Child,83,5
2023-05-11 09:49:00,9,3,5,19.192392686866935,72.82739825457867,A,Begging,48,5
2023-11-19 08:47:00,8,6,11,18.9334767939038,72.98790788705259,H/W,Lost Child,62,5
2023-06-20 18:47:00,18,1,6,19.023772409340182,72.9027115192916,H/W,Begging,30,4
2023-11-12 20:31:00,20,6,11,19.282802759958653,72.8165881184304,G/S,Abuse,95,2
2023-06-04 01:26:00,1,6,6,18.916518412204617,72.87663083877118,R/S,Child Labour,69,2
2023-10-03 14:53:00,14,1,10,19.29624006436165,72.89072615932217,A,Lost Child,73,4
2023-09-06 16:23:00,16,2,9,19.246207144599982,72.92563025963386,T,Begging,68,3
2023-11-03 05:33:00,5,4,11,19.07703996174926,72.9952016645368,R/S,Child Labour,53,2
2023-06-07 20:30:00,20,2,6,19.0635577340579,72.87192149596663,N,Trafficking,33,2
2023-05-16 18:41:00,18,1,5,19.099594181423605,72.83190103974616,B,Abuse,68,2
2023-08-14 09:17:00,9,0,8,19.24270695856855,72.83023616613869,N,Abuse,35,4
2023-08-28 11:04:00,11,0,8,19.045459123137285,72.99930693784901,F/S,Child Labour,79,3
2023-11-26 07:10:00,7,6,11,19.279768398457374,72.89797125987438,K/W,Abuse,73,2
2023-05-24 10:51:00,10,2,5,19.17518314389736,72.89394836206867,K/W,Abuse,34,2
2023-05-23 18:38:00,18,1,5,18.9413849532709,72.8495134645688,P/S,Abuse,88,1
2023-10-19 20:48:00,20,3,10,18.93303714215744,72.84180872422334,K/E,Trafficking,88,2
2023-12-02 23:09:00,23,5,12,18.92019807064632,72.80942355908934,H/E,Child Labour,63,2
2023-11-15 23:20:00,23,2,11,18.93787818137829,72.81697559840366,F/N,Begging,59,4
2023-10-06 20:17:00,20,4,10,19.211545954402208,72.84451066544881,P/N,Abuse,40,2
2023-02-22 09:37:00,9,2,2,19.226525016965194,72.9090677536787,H/W,Lost Child,73,4
2023-04-01 19:44:00,19,5,4,19.08600937360077,72.97117470227624,R/S,Begging,83,4
2023-04-24 02:07:00,2,0,4,18.904844616425173,72.97957719614429,P/S,Trafficking,77,1
2023-06-13 03:13:00,3,1,6,19.24746159551371,72.85402405079886,N,Child Labour,65,2
2023-03-18 15:24:00,15,5,3,19.01975282256613,72.89192547995204,F/S,Child Labour,99,3
2023-10-08 15:02:00,15,6,10,19.27125288854523,72.86409356793754,M/W,Begging,83,5
2023-05-27 06:39:00,6,5,5,18.961569163372452,72.98952242479804,K/E,Trafficking,87,2
2023-10-21 08:41:00,8,5,10,19.077251812247948,72.88571897243969,L,Abuse,54,1
2023-09-19 12:46:00,12,1,9,19.18379379770953,72.85144104977381,G/S,Abuse,98,2
2023-12-16 16:10:00,16,5,12,18.99847253688195,72.81227200274286,G/S,Child Labour,68,4
2023-01-12 09:47:00,9,3,1,19.276943816399616,72.86293819832358,T,Lost Child,40,4
2023-06-12 14:23:00,14,0,6,19.023087028759456,72.96859696651047,K/W,Trafficking,48,2
2023-07-16 02:14:00,2,6,7,19.297705269267723,72.88825330521001,K/W,Lost Child,46,4
2023-06-14 18:32:00,18,2,6,19.12531994463888,72.85218743523708,R/C,Runaway,48,4
2023-09-08 16:55:00,16,4,9,18.948847850280004,72.9047987796315,R/C,Trafficking,89,2
2023-10-11 04:56:00,4,2,10,19.281121826487425,72.8169445043164,G/N,Abuse,82,2
2023-01-28 14:32:00,14,5,1,18.92813565848832,72.91181577007305,R/C,Abuse,38,1
2023-12-06 17:49:00,17,2,12,18.97185792433982,72.8688617785575,P/S,Abuse,53,2
2023-01-12 11:58:00,11,3,1,19.25062480783608,72.94724627813663,E,Abuse,42,1
2023-02-06 14:21:00,14,0,2,19.292600281587227,72.91595447274203,S,Begging,89,4
2023-11-18 05:46:00,5,5,11,18.99937371649984,72.81991933717906,F/N,Trafficking,42,2
2023-04-21 08:45:00,8,4,4,19.077882364909218,72.96091145100714,M/E,Begging,95,3
2023-07-13 17:37:00,17,3,7,19.068505891802737,72.83605887192358,M/E,Lost Child,32,5
2023-02-13 18:20:00,18,0,2,18.959953826458563,72.91509820877488,K/W,Abuse,38,2
2023-01-18 19:16:00,19,2,1,18.9391162462809,72.82451171774346,P/S,Trafficking,74,2
2023-04-30 17:59:00,17,6,4,19.20525279139799,72.8208461286865,R/C,Lost Child,81,4
2023-03-25 06:31:00,6,5,3,19.212109228437335,72.91470283097328,A,Lost Child,59,2
2023-03-20 13:05:00,13,0,3,19.079083220261808,72.99748959698782,D,Begging,33,5
2023-11-07 01:56:00,1,1,11,19.163526276228968,72.87621145677531,T,Child Labour,32,4
2023-09-17 10:31:00,10,6,9,18.985197243036545,72.91778802921837,E,Trafficking,96,5
2023-02-28 14:06:00,14,1,2,19.053196610333256,72.97465804659304,P/N,Trafficking,89,2
2023-04-23 23:07:00,23,6,4,19.08117100452073,72.96030748966977,E,Begging,31,3
2023-07-21 05:10:00,5,4,7,19.299684578350284,72.93615244098999,H/W,Runaway,89,5
2023-03-15 02:06:00,2,2,3,18.998806609474133,72.95220680400742,H/E,Runaway,52,3
2023-07-07 00:49:00,0,4,7,19.106933768093825,72.85876277725556,H/E,Begging,95,4
2023-05-08 03:04:00,3,0,5,19.12898723049669,72.8634634317555,B,Trafficking,63,2
2023-01-01 09:29:00,9,6,1,19.06848306437824,72.8492595992364,B,Child Labour,36,4
2023-03-09 02:05:00,2,3,3,19.283414452104335,72.91874676100268,E,Begging,64,4
2023-08-25 05:46:00,5,4,8,18.968475824119313,72.92754796021137,M/E,Lost Child,67,5
2023-08-19 00:15:00,0,5,8,19.159425346349558,72.9102235366098,G/N,Trafficking,99,1
2023-11-10 02:44:00,2,4,11,19.245476657929704,72.88782623180124,D,Runaway,57,3
2023-12-28 02:24:00,2,3,12,19.057989263003797,72.91118541487845,R/S,Trafficking,31,2
2023-05-19 09:44:00,9,4,5,19.09619318659347,72.80766211164588,G/N,Child Labour,76,2
2023-05-12 00:58:00,0,4,5,19.147632350446127,72.89279949635345,R/C,Child Labour,84,2
2023-12-20 11:41:00,11,2,12,18.93383926746119,72.95374408993199,B,Child Labour,39,3
2023-06-23 20:16:00,20,4,6,19.122765823153678,72.83946852220272,M/E,Trafficking,97,2
2023-05-11 10:20:00,10,3,5,19.18778123251867,72.96342181012642,L,Trafficking,66,4
2023-08-14 23:56:00,23,0,8,18.951048110557096,72.85400501167626,L,Trafficking,46,2
2023-10-31 20:11:00,20,1,10,19.203554361671923,72.8161872333902,M/W,Runaway,66,5
2023-10-01 15:01:00,15,6,10,19.233504718400532,72.82409132244008,B,Begging,49,3
2023-02-02 13:02:00,13,3,2,19.23597959131044,72.88158939595766,P/N,Child Labour,92,3
2024-01-01 08:22:00,8,0,1,19.056099938102722,72.9476073209036,H/W,Lost Child,84,5
2023-04-19 12:31:00,12,2,4,19.08952957727787,72.96635138766285,F/S,Child Labour,89,4
2023-08-05 10:30:00,10,5,8,19.27156978261322,72.97572573869952,R/N,Runaway,49,3
2023-05-02 19:03:00,19,1,5,19.074423168734633,72.93860971177577,P/S,Trafficking,32,2
2023-12-22 17:39:00,17,4,12,18.962932747007123,72.82371721012895,T,Child Labour,35,3
2023-06-15 04:54:00,4,3,6,19.1505870042894,72.83806588834665,T,Abuse,87,1
2023-07-20 14:03:00,14,3,7,19.11549003756094,72.90535330215141,A,Lost Child,33,4
2023-01-23 15:43:00,15,0,1,19.080101035762556,72.86026528785472,P/N,Begging,40,5
2023-05-06 09:47:00,9,5,5,19.07639507678145,72.90750093774794,R/N,Trafficking,64,1
2023-02-24 15:18:00,15,4,2,19.165660674556765,72.97719024495834,N,Lost Child,97,3
2023-08-02 19:46:00,19,2,8,19.15638025449458,72.93492451387614,K/E,Trafficking,93,2
2023-02-16 19:15:00,19,3,2,18.94478770173658,72.91738792047387,E,Trafficking,86,1
2023-03-02 19:04:00,19,3,3,19.116643896040678,72.86447038663447,G/S,Abuse,31,1
2023-06-14 08:10:00,8,2,6,19.112138791496253,72.98643241769864,B,Begging,56,4
2023-05-29 00:22:00,0,0,5,18.968124188104188,72.98973587352619,H/E,Begging,79,2
2023-11-08 01:49:00,1,2,11,19.283740169705197,72.8828251029139,T,Begging,73,4
2023-10-28 08:53:00,8,5,10,19.208818193526263,72.8047137604735,P/S,Trafficking,36,2
2023-03-06 11:10:00,11,0,3,18.974324070049352,72.83441083615922,P/N,Trafficking,54,1
2023-04-11 02:09:00,2,1,4,18.912286171261925,72.80259877542338,P/S,Trafficking,32,1
2023-05-24 09:03:00,9,2,5,19.172381680614883,72.83148702164007,G/N,Begging,51,2
2023-07-12 20:35:00,20,2,7,19.243323086100936,72.96448316982793,E,Child Labour,32,4
2023-01-11 06:33:00,6,2,1,19.02240111574874,72.98274196802838,H/E,Runaway,49,5
2023-02-28 20:07:00,20,1,2,19.024990270599645,72.85522828233943,K/E,Abuse,79,2
2023-01-21 16:28:00,16,5,1,19.213162515922733,72.85300938752559,M/E,Child Labour,51,4
2023-11-22 08:59:00,8,2,11,19.101246890655222,72.90213113299538,S,Runaway,71,5
2023-09-11 17:13:00,17,0,9,18.956189132465166,72.91483717123256,K/W,Child Labour,66,2
2023-06-26 07:33:00,7,0,6,19.276763033606116,72.81746638236903,P/S,Trafficking,55,2
2023-09-09 21:59:00,21,5,9,18.95960526319165,72.89738047169223,K/E,Begging,48,3
2023-01-18 11:25:00,11,2,1,19.051704843670638,72.80119777735615,F/S,Abuse,81,1
2023-05-18 15:22:00,15,3,5,19.06122841064283,72.99183700286925,E,Lost Child,98,5
2023-08-09 01:41:00,1,2,8,18.926573941232316,72.81471533960875,A,Abuse,46,1
2023-03-10 18:54:00,18,4,3,18.959305931631622,72.86571916773767,K/W,Begging,66,4
2023-01-12 17:42:00,17,3,1,19.20594516524663,72.96339543270537,R/N,Begging,49,4
2023-11-25 12:33:00,12,5,11,18.950645218190488,72.97281873266132,B,Trafficking,54,2
2023-11-11 23:58:00,23,5,11,18.911185096626348,72.96080164169747,A,Trafficking,97,2
2023-01-09 13:55:00,13,0,1,19.274370572421525,72.92264369089544,E,Abuse,69,2
2023-06-09 04:57:00,4,4,6,19.0289952999898,72.97766063339427,R/S,Begging,97,4
2023-02-06 18:13:00,18,0,2,18.992002464286955,72.8682989366002,T,Trafficking,30,2
2023-10-06 09:21:00,9,4,10,18.90487484442121,72.96493470745185,P/S,Abuse,78,1
2023-06-21 18:41:00,18,2,6,18.925952787857888,72.94880888054188,M/W,Child Labour,42,2
2023-08-16 00:26:00,0,2,8,19.20203668996981,72.86317718794278,E,Trafficking,63,2
2023-11-01 13:55:00,13,2,11,18.909987316941233,72.95396340288308,M/E,Abuse,69,1
2023-10-22 05:48:00,5,6,10,18.955401676128005,72.8395147722467,P/N,Runaway,75,3
2023-03-05 09:41:00,9,6,3,19.240033819728993,72.91980942980283,E,Lost Child,87,5
2023-09-03 12:16:00,12,6,9,19.211948360965792,72.97191937844458,D,Runaway,88,4
2023-02-01 19:51:00,19,2,2,19.199643676419562,72.8423557400112,H/E,Runaway,67,4
2023-01-19 09:31:00,9,3,1,19.224221836395788,72.87972194896908,M/W,Child Labour,79,3
2023-03-28 21:44:00,21,1,3,19.117833363865273,72.9493905130311,F/S,Runaway,59,5
2023-09-14 10:33:00,10,3,9,19.232932386159483,72.85169031884331,G/N,Trafficking,59,1
2023-02-14 01:45:00,1,1,2,19.083000155765784,72.98016804370474,G/S,Begging,90,4
2023-05-02 19:21:00,19,1,5,19.12598768309271,72.83051816521302,B,Begging,70,4
2023-06-20 13:37:00,13,1,6,19.20521771502719,72.95820570383458,E,Child Labour,54,4
2023-04-26 23:41:00,23,2,4,19.10881237996336,72.81675437394026,H/W,Trafficking,51,1
2023-09-23 05:18:00,5,5,9,19.213955280694556,72.9978645231009,R/C,Abuse,30,2
2023-12-30 03:41:00,3,5,12,18.94331381108453,72.83455838210347,R/S,Trafficking,81,2
2023-04-09 09:04:00,9,6,4,19.266074470954216,72.83782837873173,R/C,Trafficking,37,1
2023-12-15 00:24:00,0,4,12,18.966456469540553,72.94461495782049,S,Begging,41,5
2023-03-30 12:38:00,12,3,3,19.150933120389798,72.83049809408234,M/E,Child Labour,80,3
2023-09-18 04:42:00,4,0,9,18.96124744884712,72.97569028846195,R/N,Runaway,81,3
2023-07-15 16:30:00,16,5,7,19.029163106938416,72.92318767049869,A,Abuse,38,1
2023-05-13 23:23:00,23,5,5,19.26351395765621,72.87776541743584,R/N,Abuse,82,2
2023-04-22 19:16:00,19,5,4,19.234482200374238,72.99648421287691,T,Begging,91,4
2023-08-14 23:50:00,23,0,8,18.986260316693212,72.95482417202146,G/N,Lost Child,59,5
2023-07-17 05:16:00,5,0,7,18.993476561339495,72.96313476046956,M/W,Abuse,81,1
2023-02-24 22:15:00,22,4,2,18.926829145896548,72.83136227268281,A,Runaway,61,4
2023-04-23 19:04:00,19,6,4,18.990780282586122,72.9586273129622,B,Begging,48,3
2023-01-09 14:38:00,14,0,1,18.990650747003233,72.99373484458455,G/N,Child Labour,65,3
2023-12-17 19:32:00,19,6,12,19.104959508998668,72.81222881387761,P/N,Child Labour,31,2
2023-10-19 20:54:00,20,3,10,19.191741094324804,72.97396663297403,P/N,Trafficking,54,2
2023-06-17 02:36:00,2,5,6,19.18938216898598,72.86145693483519,H/E,Abuse,98,1
2023-10-26 02:52:00,2,3,10,19.104451117949715,72.99496151361974,G/S,Child Labour,79,2
2023-09-06 23:24:00,23,2,9,19.06737612423624,72.93431758076146,R/C,Child Labour,55,4
2023-07-02 22:36:00,22,6,7,19.040314421288663,72.94371307396771,P/N,Trafficking,61,5
2023-10-19 23:05:00,23,3,10,19.183144997012853,72.89443345016454,L,Begging,52,4
2023-12-28 19:33:00,19,3,12,19.18084132573881,72.8486524748497,P/N,Trafficking,48,2
2023-05-18 18:18:00,18,3,5,19.24323629972081,72.86278894164957,G/N,Runaway,37,4
2023-04-19 13:58:00,13,2,4,19.03422606684974,72.88898279671622,P/S,Child Labour,94,4
2023-10-24 22:11:00,22,1,10,19.117362741364502,72.95001973501404,H/W,Runaway,96,3
2023-04-16 00:00:00,0,6,4,19.27522145904318,72.98891597725071,L,Lost Child,51,3
2023-11-30 02:11:00,2,3,11,18.982799255512916,72.96091378424994,G/N,Begging,30,4
2023-12-05 01:44:00,1,1,12,19.102611254603683,72.94088782058047,M/E,Runaway,93,4
2023-09-19 13:01:00,13,1,9,19.037883914590548,72.95733225641871,R/N,Lost Child,52,2
2023-11-12 12:02:00,12,6,11,18.967439723384185,72.84298375968864,M/W,Lost Child,42,5
2023-09-20 17:26:00,17,2,9,19.257248339255085,72.89236993797424,F/S,Lost Child,92,4
2023-01-23 03:57:00,3,0,1,19.181093454714883,72.85496913696363,S,Trafficking,65,2
2023-09-24 12:11:00,12,6,9,18.918372562725562,72.84132171480425,R/N,Runaway,34,5
2023-07-13 04:50:00,4,3,7,19.262958794133326,72.88463707641533,A,Trafficking,33,1
2023-12-12 04:36:00,4,1,12,19.245139212661023,72.87249319677723,B,Abuse,99,2
2023-07-04 16:26:00,16,1,7,19.054588991826545,72.9623429275629,L,Trafficking,59,1
2023-04-22 13:22:00,13,5,4,19.085621723082422,72.93024297642253,N,Runaway,56,4
2023-12-28 07:36:00,7,3,12,19.135125403052502,72.94601572673841,R/C,Lost Child,97,5
2023-04-06 09:07:00,9,3,4,19.13885981031721,72.93536382901402,A,Lost Child,41,4
2023-04-10 00:18:00,0,0,4,18.930804124795994,72.93470970138155,K/E,Begging,83,3
2023-09-08 09:25:00,9,4,9,19.10160007879964,72.99009305543187,R/C,Begging,32,3
2023-02-27 06:52:00,6,0,2,19.173617289086,72.94802465690373,H/E,Runaway,41,4
2023-10-05 00:49:00,0,3,10,19.089803359028682,72.82562740821734,D,Abuse,98,2
2023-11-16 22:03:00,22,3,11,19.285940516850882,72.92513429420778,L,Abuse,82,2
2023-06-18 07:37:00,7,6,6,19.189370390625133,72.84408097570343,C,Child Labour,36,4
2023-10-27 09:54:00,9,4,10,19.194817540247904,72.96700133306145,R/S,Runaway,50,3
2023-06-14 02:53:00,2,2,6,18.938907114208426,72.82278528470164,C,Child Labour,47,3
2023-07-05 21:33:00,21,2,7,18.92452701805497,72.85672365294337,K/W,Lost Child,77,4
2023-02-12 10:02:00,10,6,2,19.250532867434885,72.94450487844774,G/S,Abuse,56,2
2023-02-11 10:42:00,10,5,2,18.96945670346794,72.9837369274498,P/S,Trafficking,48,3
2023-05-03 23:43:00,23,2,5,19.288683898990993,72.98004835229217,P/N,Begging,54,5
2023-05-28 05:55:00,5,6,5,18.908921688251393,72.88740756122158,P/N,Lost Child,69,4
2023-07-26 01:28:00,1,2,7,19.28944148219909,72.97094695388189,D,Lost Child,31,3
2023-06-22 11:44:00,11,3,6,18.974935074877923,72.94476590448464,M/E,Child Labour,61,2
2023-06-26 10:55:00,10,0,6,19.097635345270785,72.97837695211761,M/W,Trafficking,83,1
2023-03-19 00:16:00,0,6,3,19.200358445294704,72.92269166455628,L,Begging,35,4
2023-10-13 09:34:00,9,4,10,19.26345095577372,72.81445469126692,M/E,Lost Child,55,5
2023-07-18 15:40:00,15,1,7,19.182562577573563,72.87725468692672,M/E,Child Labour,89,2
2023-01-12 21:15:00,21,3,1,19.18187593675003,72.95886198344903,L,Trafficking,41,1
2023-01-28 21:07:00,21,5,1,19.248406390693507,72.94108540280749,S,Abuse,87,1
2023-07-10 10:48:00,10,0,7,19.010520421258157,72.92677431922581,R/N,Child Labour,86,2
2023-08-31 13:02:00,13,3,8,19.16737040148538,72.81804760405714,R/C,Child Labour,67,2
2023-08-29 00:09:00,0,1,8,19.100644440715488,72.85622078956298,R/C,Begging,90,5
2023-10-10 13:23:00,13,1,10,19.118032328516083,72.93576943924272,N,Abuse,67,2
2023-12-25 15:59:00,15,0,12,19.284800197566526,72.87737106730394,H/W,Trafficking,50,2
2023-01-19 20:16:00,20,3,1,18.942878467453,72.84120012518687,P/S,Child Labour,72,4
2023-09-24 21:29:00,21,6,9,18.938382447745653,72.91762378516732,S,Child Labour,78,2
2023-04-16 18:18:00,18,6,4,19.050429724497157,72.96505049671961,R/S,Trafficking,63,1
2023-12-30 09:03:00,9,5,12,19.116947354850545,72.89172029749142,R/S,Child Labour,94,4
2023-05-03 13:35:00,13,2,5,18.995379322369157,72.99032649886054,F/S,Begging,52,5
2023-01-05 22:11:00,22,3,1,19.11196440772816,72.87528062392914,L,Begging,39,5
2023-08-09 21:51:00,21,2,8,19.141237270020188,72.89608069483151,K/E,Runaway,66,5
2023-12-11 14:24:00,14,0,12,19.03568297247334,72.85293444326047,R/N,Runaway,82,5
2023-11-08 13:48:00,13,2,11,19.273387528692403,72.99242244778127,P/S,Runaway,60,3
2023-11-23 03:51:00,3,3,11,19.210591567034104,72.88736385486176,D,Child Labour,84,3
2023-09-15 06:50:00,6,4,9,19.299568735744785,72.87500898331129,D,Runaway,44,3
2023-04-24 06:00:00,6,0,4,18.913094535015222,72.86598761101435,P/N,Trafficking,44,1
2023-02-26 05:55:00,5,6,2,19.167993558993267,72.93709245173314,S,Abuse,41,1
2023-10-24 23:29:00,23,1,10,19.111459599717413,72.86103471861522,H/W,Runaway,65,5
2023-11-30 08:45:00,8,3,11,18.912534158894882,72.92075708970819,G/N,Begging,90,5
2023-07-04 05:44:00,5,1,7,18.947732524919513,72.96699085311685,R/N,Begging,46,2
2023-08-24 01:39:00,1,3,8,19.199397305136145,72.9447274510876,B,Child Labour,50,3
2023-06-12 17:07:00,17,0,6,18.954456901529586,72.82083849308437,K/W,Abuse,39,1
2023-04-15 14:42:00,14,5,4,18.990035066521617,72.92109881586937,K/E,Abuse,30,1
2023-09-28 06:21:00,6,3,9,19.19254954207886,72.94459904895777,T,Begging,64,4
2023-04-18 20:37:00,20,1,4,19.18791309238874,72.83433689818708,M/W,Abuse,77,5
2023-04-20 15:41:00,15,3,4,19.035630699201587,72.88080937889116,H/E,Lost Child,38,4
2023-09-27 07:23:00,7,2,9,19.247672937884253,72.96163656527044,B,Lost Child,72,3
2023-09-01 06:30:00,6,4,9,19.243129707664593,72.91379147918299,F/N,Trafficking,89,1
2023-08-07 19:07:00,19,0,8,19.292983538970734,72.95196867529746,F/S,Abuse,47,1
2023-10-01 16:57:00,16,6,10,19.156542578642156,72.81884179426987,K/W,Trafficking,75,2
2023-11-06 12:14:00,12,0,11,18.9971511529125,72.9253610304093,N,Lost Child,86,3
2023-06-30 10:59:00,10,4,6,19.2882792150425,72.90651152445662,D,Trafficking,85,1
2023-02-05 09:40:00,9,6,2,19.157506799679986,72.90636121170658,G/S,Child Labour,83,3
2023-09-06 17:43:00,17,2,9,19.20291137467607,72.8151988682293,T,Begging,88,4
2023-07-10 14:40:00,14,0,7,19.27899652896127,72.80596664049892,K/W,Begging,90,3
2023-02-15 09:31:00,9,2,2,19.280536239317833,72.83887077370395,N,Trafficking,45,2
2023-03-31 00:01:00,0,4,3,19.18689279622401,72.99246102298666,R/S,Trafficking,62,2
2023-07-07 21:55:00,21,4,7,19.28102974733509,72.91240334904653,H/W,Runaway,43,5
2023-02-06 20:48:00,20,0,2,19.161758203808606,72.97562216005667,P/N,Begging,74,4
2023-07-27 03:55:00,3,3,7,18.922528791877024,72.96960912977754,D,Trafficking,44,2
2023-08-14 17:44:00,17,0,8,18.9437719764017,72.89134220823719,R/N,Abuse,34,2
2023-03-16 16:10:00,16,3,3,18.970687721595926,72.80844571765223,A,Trafficking,66,2
2023-11-09 22:37:00,22,3,11,19.217289778729707,72.95127807644866,H/E,Runaway,91,4
2023-08-23 22:49:00,22,2,8,19.294558442917477,72.80807558985217,N,Runaway,77,5
2023-03-05 11:58:00,11,6,3,19.02806360021527,72.82951028518019,K/W,Child Labour,60,4
2023-10-08 02:55:00,2,6,10,19.271285687775503,72.84952232467491,G/S,Trafficking,58,2
2023-05-09 13:50:00,13,1,5,19.231507150615403,72.8672185143383,B,Lost Child,97,5
2023-07-29 04:10:00,4,5,7,19.17630102984744,72.88989906053307,A,Abuse,63,1
2023-12-20 16:00:00,16,2,12,18.921796551652566,72.87113873375985,G/N,Child Labour,41,4
2023-06-17 15:57:00,15,5,6,19.185029577684713,72.81743273706527,R/N,Runaway,87,5
2023-01-13 15:00:00,15,4,1,19.187048097144558,72.9262570370624,C,Lost Child,87,4
2023-10-24 02:29:00,2,1,10,19.089235171734245,72.8805572481642,G/N,Child Labour,69,3
2023-07-08 12:30:00,12,5,7,19.184249734712512,72.8688483863493,M/W,Child Labour,50,4
2023-10-05 14:33:00,14,3,10,18.93667981339166,72.92072112129078,M/W,Begging,39,5
2023-07-23 18:05:00,18,6,7,18.9808358329434,72.93207173075602,C,Trafficking,32,1
2023-11-20 21:41:00,21,0,11,18.972819476742245,72.96395010453485,C,Begging,81,5
2023-06-10 20:13:00,20,5,6,19.109505806975573,72.88082355199799,H/E,Trafficking,49,1
2023-01-14 01:33:00,1,5,1,19.187327375860324,72.90231849581397,F/S,Begging,36,4
2023-10-07 14:26:00,14,5,10,19.12128543127698,72.97715143329958,T,Runaway,36,3
2023-06-11 05:57:00,5,6,6,19.177853606729492,72.87624755978105,L,Begging,99,5
2023-01-03 23:27:00,23,1,1,19.09139162032616,72.8174174014608,F/N,Child Labour,79,4
2023-04-07 17:33:00,17,4,4,19.0051431380204,72.88433090576994,H/W,Lost Child,97,4
2023-01-01 12:35:00,12,6,1,19.263044363918528,72.85639541004441,A,Lost Child,42,3
2023-12-16 20:44:00,20,5,12,18.921269219756873,72.94682638044334,D,Trafficking,48,2
2023-10-05 01:27:00,1,3,10,19.16770575368889,72.93002908186027,L,Runaway,48,5
2023-07-14 06:23:00,6,4,7,18.997100824799155,72.8439545083338,K/E,Runaway,95,3
2023-07-22 17:27:00,17,5,7,19.00786846504736,72.80471379942557,H/E,Abuse,65,2
2023-09-17 11:40:00,11,6,9,19.238537510795684,72.96895834729415,P/N,Trafficking,81,4
2023-08-17 16:54:00,16,3,8,18.958122253254434,72.96669294858168,B,Child Labour,50,2
2023-09-09 11:05:00,11,5,9,19.260643625327624,72.9179767745311,M/W,Trafficking,49,2
2023-08-02 08:05:00,8,2,8,19.204092353529774,72.9452687524132,P/N,Runaway,41,4
2023-11-13 17:09:00,17,0,11,19.29127292448269,72.80258568490811,M/W,Abuse,41,4
2023-11-24 12:57:00,12,4,11,18.97868230943796,72.83064345626381,E,Lost Child,94,5
2023-06-04 12:54:00,12,6,6,18.949653551403564,72.92580563237011,F/N,Begging,50,5
2023-08-04 04:55:00,4,4,8,19.132722972195058,72.96237632553031,H/E,Abuse,78,1
2023-09-27 13:12:00,13,2,9,18.912810504170473,72.9865903318848,S,Begging,74,5
2023-09-01 08:53:00,8,4,9,19.058982231438566,72.9611711368086,D,Child Labour,80,4
2023-10-02 10:09:00,10,0,10,19.264153104873742,72.80820632330283,F/S,Runaway,75,4
2023-11-26 01:57:00,1,6,11,19.24214612295275,72.87771432940416,M/E,Begging,94,4
2024-01-01 12:58:00,12,0,1,19.203737742599873,72.96637618504106,G/S,Begging,43,4
2023-10-08 15:19:00,15,6,10,18.988275669702006,72.83293623491333,G/N,Runaway,93,4
2023-12-18 06:14:00,6,0,12,19.12815530159792,72.83425924316971,M/E,Trafficking,64,4
2023-02-20 07:38:00,7,0,2,19.076674423029523,72.97114239204306,R/C,Trafficking,54,2
2023-02-07 15:21:00,15,1,2,19.24139026358584,72.95135040069061,D,Lost Child,66,4
2023-03-25 16:21:00,16,5,3,19.157082890463546,72.81845413468419,L,Trafficking,60,1
2023-06-18 20:39:00,20,6,6,19.079420973362527,72.98944065825407,G/N,Begging,36,5
2023-03-19 10:35:00,10,6,3,18.947507940706934,72.91331847915941,K/E,Lost Child,70,3
2023-03-25 15:18:00,15,5,3,19.238642122906906,72.97729927186906,N,Begging,33,5
2023-08-27 16:01:00,16,6,8,19.204138629625692,72.90595535719612,T,Lost Child,74,5
2023-04-10 23:30:00,23,0,4,19.151333226012195,72.904786558382,E,Runaway,58,2
2023-01-31 18:47:00,18,1,1,18.99024458141644,72.97537754901296,A,Trafficking,41,1
2023-10-21 13:10:00,13,5,10,18.91658093858328,72.8905945636057,S,Begging,45,3
2023-10-06 13:16:00,13,4,10,19.153363281201493,72.87292929652166,F/S,Trafficking,79,1
2023-08-07 09:26:00,9,0,8,19.13189996719125,72.87739244136546,T,Trafficking,34,2
2023-12-14 20:02:00,20,3,12,19.174819427131172,72.90159148308912,F/N,Abuse,58,1
2023-08-16 21:14:00,21,2,8,18.90521008649188,72.96946738404878,K/W,Lost Child,68,4
2023-07-27 09:40:00,9,3,7,18.905244783052385,72.9699334680815,G/N,Abuse,93,1
2023-10-19 07:47:00,7,3,10,19.21439460245622,72.86025296213295,F/N,Lost Child,97,5
2023-11-26 17:52:00,17,6,11,19.247094211305118,72.88962795821298,S,Abuse,64,1
2023-05-17 11:05:00,11,2,5,19.21896408518045,72.84252003411518,H/E,Runaway,74,5
2023-01-05 21:35:00,21,3,1,19.121635860152765,72.9543532844415,L,Runaway,49,5
2023-01-20 21:55:00,21,4,1,19.067365124018373,72.81144821541446,H/E,Begging,51,3
2023-12-16 22:37:00,22,5,12,19.016492809640443,72.96176673863536,L,Runaway,55,4
2023-04-14 07:41:00,7,4,4,18.90641753462718,72.82274992608895,R/C,Lost Child,82,5
2023-08-31 19:17:00,19,3,8,18.982620938673286,72.88906697387131,F/S,Lost Child,70,5
2023-10-28 15:22:00,15,5,10,19.277383366265486,72.88948493165388,G/S,Abuse,55,1
2023-02-09 15:59:00,15,3,2,19.206540860330545,72.99962779219979,C,Lost Child,34,3
2023-10-05 05:44:00,5,3,10,18.94283748184425,72.90468808954988,K/W,Runaway,83,4
2023-11-10 15:21:00,15,4,11,19.0135088832751,72.82305724582385,T,Child Labour,91,4
2023-10-05 14:07:00,14,3,10,19.243256073132244,72.85809814374657,M/W,Abuse,71,1
2023-05-18 08:02:00,8,3,5,18.90236560084111,72.9187200905128,R/N,Runaway,31,3
2023-05-05 07:31:00,7,4,5,19.18890893359341,72.82236332351663,H/E,Child Labour,56,3
2023-06-14 13:58:00,13,2,6,18.928143526382936,72.84130933456079,K/E,Lost Child,53,3
2023-05-27 11:56:00,11,5,5,18.990822195436934,72.87187774111764,R/C,Begging,38,3
2023-02-06 14:19:00,14,0,2,19.158872420487427,72.93470546471144,H/E,Runaway,42,4
2023-01-21 10:50:00,10,5,1,19.144013113797396,72.86358397380073,F/S,Child Labour,43,2
2023-10-18 00:18:00,0,2,10,19.229887769692372,72.80132815296207,M/E,Lost Child,63,2
2023-05-28 08:57:00,8,6,5,19.18375553453452,72.96959801542451,A,Child Labour,34,4
2023-06-11 23:41:00,23,6,6,19.273854396150604,72.94994103545024,H/E,Lost Child,64,3
2023-07-18 07:38:00,7,1,7,18.969419496600246,72.95783645390571,P/S,Abuse,69,2
2023-10-16 07:27:00,7,0,10,19.220553776863493,72.93188517693547,G/N,Trafficking,39,1
2023-06-02 12:19:00,12,4,6,18.996611822550978,72.82879720150642,M/W,Runaway,36,4
2023-11-12 13:33:00,13,6,11,19.214812167694987,72.96593164249117,N,Lost Child,41,3
2023-04-22 21:33:00,21,5,4,19.035057662349566,72.93200143370467,L,Child Labour,70,3
2023-11-30 13:05:00,13,3,11,18.91411026430193,72.820486083268,L,Lost Child,63,3
2023-07-18 21:24:00,21,1,7,19.202752995968854,72.81228361565333,R/S,Begging,71,3
2023-11-20 19:33:00,19,0,11,19.013739267654266,72.84132214979304,G/S,Child Labour,67,4
2023-05-07 22:41:00,22,6,5,19.25006743277539,72.90879673771889,K/E,Child Labour,58,2
2023-03-13 15:40:00,15,0,3,19.12827160101023,72.91691353572503,T,Trafficking,90,1
2023-01-25 09:37:00,9,2,1,19.10526487123318,72.95960526510311,R/C,Child Labour,87,4
2023-11-02 10:25:00,10,3,11,18.927482306627205,72.85170810479127,F/N,Lost Child,82,3
2023-08-17 17:39:00,17,3,8,19.080513934007097,72.95153369601678,M/E,Lost Child,76,3
2023-09-20 05:13:00,5,2,9,19.038335496423244,72.84028889592038,N,Abuse,72,1
2023-02-01 08:03:00,8,2,2,19.213108790493727,72.80129633246939,K/E,Begging,73,4
2023-09-02 03:46:00,3,5,9,18.90523223014304,72.85780438140017,H/W,Trafficking,45,1
2023-03-18 15:52:00,15,5,3,19.237267219322916,72.8075450566072,L,Begging,83,4
2023-01-07 15:12:00,15,5,1,19.01844370484193,72.85608874436802,G/S,Child Labour,70,2
2023-02-22 09:59:00,9,2,2,19.19865554886282,72.82497796740208,H/E,Trafficking,31,1
2023-05-27 14:35:00,14,5,5,19.033923165584827,72.82031441272595,P/S,Lost Child,78,5
2023-05-02 12:37:00,12,1,5,19.066322968497815,72.80760610482416,B,Trafficking,31,1
2023-01-18 05:20:00,5,2,1,18.968588433371075,72.95576952917737,P/N,Trafficking,94,3
2023-09-21 20:01:00,20,3,9,19.15452907876052,72.88478606474604,R/S,Begging,30,4
2023-03-02 23:38:00,23,3,3,19.124173442182876,72.95896468470069,F/S,Lost Child,31,5
2023-07-25 15:47:00,15,1,7,19.126907494640864,72.9796578052776,N,Abuse,65,2
2023-03-01 14:19:00,14,2,3,19.27163613665039,72.91123754066555,A,Lost Child,55,3
2023-03-03 04:48:00,4,4,3,19.15319623407117,72.90649881654613,G/S,Abuse,95,1
2023-07-06 21:30:00,21,3,7,19.120535087045255,72.80786983638215,M/E,Runaway,95,4
2023-04-02 22:54:00,22,6,4,19.120640422345016,72.96514258136146,E,Abuse,85,1
2023-04-27 19:35:00,19,3,4,19.175305316870656,72.98346464273357,G/S,Lost Child,31,4
2023-09-10 14:38:00,14,6,9,19.16311681030812,72.98761008059694,K/E,Trafficking,88,2
2023-07-04 16:48:00,16,1,7,19.19081703135384,72.91813303728338,G/S,Child Labour,90,4
2023-05-07 01:20:00,1,6,5,18.903705466293683,72.91074938318376,C,Child Labour,66,4
2023-05-20 14:08:00,14,5,5,19.26644709018535,72.86793576189217,K/W,Lost Child,37,5
2023-11-01 19:32:00,19,2,11,19.256989321147156,72.80697608271704,P/N,Abuse,37,1
2023-05-19 17:36:00,17,4,5,19.13182631273058,72.95543798098517,H/W,Trafficking,31,5
2023-05-02 23:16:00,23,1,5,18.973056854468165,72.93231176016569,E,Begging,36,3
2023-02-28 10:43:00,10,1,2,18.93869967357255,72.87066742801589,M/W,Begging,38,3
2023-06-15 13:28:00,13,3,6,19.1907207282392,72.93312232411542,L,Child Labour,99,4
2023-01-20 19:15:00,19,4,1,19.071529266070158,72.82930232984485,G/S,Abuse,61,2
2023-08-11 00:05:00,0,4,8,18.962335616450225,72.99425796884465,M/W,Child Labour,62,2
2023-08-24 01:12:00,1,3,8,19.206534587141896,72.80103184158529,R/S,Abuse,89,1
2023-06-07 11:19:00,11,2,6,18.998426797385797,72.94205557229061,K/E,Trafficking,96,3
2023-06-20 21:52:00,21,1,6,18.917944692086973,72.98111829994463,F/N,Trafficking,96,2
2023-05-21 02:08:00,2,6,5,18.991785151185148,72.891512035817,H/E,Abuse,33,2
2023-05-13 12:57:00,12,5,5,19.22790681277412,72.97498266201265,H/W,Runaway,30,3
2023-09-24 10:11:00,10,6,9,18.93252704076012,72.95335757935737,E,Child Labour,42,3
2023-02-14 00:24:00,0,1,2,18.921918518054945,72.90558538235165,P/S,Runaway,68,4
2023-11-21 22:52:00,22,1,11,19.063006768719635,72.94677297342474,B,Abuse,75,1
2023-11-24 14:03:00,14,4,11,19.082590410577716,72.82488357674377,R/C,Lost Child,42,5
2023-02-04 12:46:00,12,5,2,18.943360316490143,72.80449776740043,R/S,Child Labour,91,4
2023-09-10 16:19:00,16,6,9,19.181511442719373,72.93842715636767,B,Lost Child,39,3
2023-06-12 15:05:00,15,0,6,19.09251030825859,72.84470731398781,R/N,Trafficking,49,1
2023-12-19 01:01:00,1,1,12,19.2185131519225,72.84404961825976,G/S,Runaway,55,3
2023-05-25 14:31:00,14,3,5,19.04669687944777,72.95911002250415,P/S,Abuse,45,1
2023-01-05 11:08:00,11,3,1,19.087777696046793,72.82281328191858,F/N,Trafficking,54,2
2023-05-09 09:03:00,9,1,5,19.134725891094746,72.8951345297817,F/S,Abuse,95,2
2023-07-08 06:26:00,6,5,7,19.02562121647884,72.82246958362283,D,Begging,96,4
2023-10-13 20:52:00,20,4,10,18.901996219880832,72.89803718556495,R/S,Child Labour,39,4
2023-06-21 22:32:00,22,2,6,18.90108977651396,72.96045462082449,H/E,Begging,62,3
2023-03-04 00:17:00,0,5,3,19.126007971977398,72.86073712179851,G/N,Begging,91,5
2023-12-27 02:11:00,2,2,12,19.01230177518029,72.83918519422242,K/W,Trafficking,61,2
2023-11-16 01:46:00,1,3,11,19.243840991247264,72.85938500706129,D,Lost Child,43,4
2023-01-06 12:09:00,12,4,1,19.172657670305814,72.9218536488084,L,Trafficking,62,5
2023-09-05 08:28:00,8,1,9,19.002908221378174,72.81797599025641,L,Trafficking,42,2
2023-10-03 07:08:00,7,1,10,19.03977508830085,72.8968620527434,T,Begging,86,4
2023-10-03 22:02:00,22,1,10,19.13416048075088,72.95101091525574,A,Lost Child,58,3
2023-11-09 15:07:00,15,3,11,19.24138131340938,72.84751234351168,R/N,Abuse,37,2
2023-02-10 20:41:00,20,4,2,19.161948961413092,72.95410477559365,C,Lost Child,31,3
2023-01-08 16:11:00,16,6,1,18.991724432747947,72.89131650240068,P/N,Lost Child,71,4
2023-07-23 20:41:00,20,6,7,18.987483181657858,72.80431516724286,K/E,Begging,30,5
2023-03-16 22:32:00,22,3,3,19.034093066785434,72.97921456946185,G/N,Begging,55,4
2023-09-02 07:12:00,7,5,9,19.03492278819628,72.9263782085211,P/S,Runaway,87,3
2023-12-03 23:09:00,23,6,12,19.167464218317264,72.98321705334193,P/S,Abuse,61,2
2023-12-31 03:55:00,3,6,12,19.2306482918974,72.87660835985895,R/C,Lost Child,80,5
2023-01-05 12:22:00,12,3,1,19.19189988724214,72.85424074585751,E,Runaway,73,4
2023-09-07 09:59:00,9,3,9,18.915093860187795,72.89961774447953,E,Begging,80,3
2023-10-14 13:12:00,13,5,10,19.23343306825769,72.97600908189068,E,Begging,71,5
2023-11-21 01:54:00,1,1,11,19.132367205294443,72.9814866792946,P/S,Trafficking,96,2
2023-10-05 02:16:00,2,3,10,18.92995187223199,72.94492848187468,E,Begging,52,4
2023-09-01 05:59:00,5,4,9,18.915019764009195,72.86722171898288,R/C,Lost Child,74,3
2023-03-08 16:12:00,16,2,3,19.04936517972685,72.88228227450894,C,Runaway,92,5
2023-09-23 12:08:00,12,5,9,18.985903003023033,72.97894174553095,D,Lost Child,95,5
2023-07-16 08:49:00,8,6,7,19.24587934291121,72.84518430426456,B,Abuse,54,2
2023-11-21 20:50:00,20,1,11,18.93095402052618,72.8983296584371,P/N,Child Labour,36,4
2023-09-02 09:10:00,9,5,9,19.17794250606494,72.87435549489093,R/C,Abuse,57,2
2023-11-09 11:55:00,11,3,11,19.069432353002313,72.86880061359992,L,Abuse,64,2
2023-01-22 04:33:00,4,6,1,19.001447492709378,72.97620164693635,R/N,Trafficking,95,2
2023-06-10 11:53:00,11,5,6,18.973089149000014,72.8836360636268,T,Lost Child,90,5
2023-02-23 12:32:00,12,3,2,18.99729645755949,72.97413405434644,K/E,Child Labour,59,4
2023-03-10 10:03:00,10,4,3,19.119018850539284,72.87111606277996,M/E,Runaway,72,5
2023-10-03 03:30:00,3,1,10,19.035684343747473,72.93137394314132,N,Lost Child,42,3
2023-04-13 23:56:00,23,3,4,18.99146376771433,72.82426140225375,R/S,Child Labour,97,4
2023-05-23 01:19:00,1,1,5,19.016088669256906,72.83088199012809,F/N,Lost Child,49,5
2023-10-15 05:50:00,5,6,10,19.252559519764805,72.95709199905544,B,Begging,96,4
2023-02-09 01:23:00,1,3,2,19.004271187203013,72.95481598094584,N,Abuse,53,4
2023-12-30 05:28:00,5,5,12,19.070514022949318,72.92341878227037,G/S,Runaway,89,5
2023-10-17 17:03:00,17,1,10,19.02833932888647,72.86291622783499,S,Abuse,39,2
2023-12-22 21:26:00,21,4,12,19.096569519863465,72.87224637572993,M/E,Abuse,79,2
2023-03-22 05:35:00,5,2,3,19.272346277785925,72.90157832825466,K/W,Abuse,54,1
2023-04-03 03:07:00,3,0,4,18.980560122983757,72.9725089780574,R/S,Child Labour,66,2
2023-06-14 12:41:00,12,2,6,19.118839354970127,72.87760761664002,D,Trafficking,46,2
2023-09-18 06:53:00,6,0,9,19.02630100814633,72.87299495477086,K/E,Lost Child,99,4
2023-04-20 16:52:00,16,3,4,18.96119600728468,72.92619671034092,G/N,Lost Child,61,4
2023-02-26 07:57:00,7,6,2,19.028508991967637,72.99655104735739,P/N,Begging,30,4
2023-05-14 00:24:00,0,6,5,19.24395803629588,72.95921618772826,P/N,Trafficking,62,1
2023-06-08 17:32:00,17,3,6,18.97976853428256,72.94004457434201,K/E,Trafficking,78,1
2023-10-27 18:33:00,18,4,10,19.23816236926527,72.95450443074361,R/S,Trafficking,43,1
2023-11-29 17:50:00,17,2,11,19.03575164386748,72.96334371574332,T,Runaway,57,4
2023-09-22 20:11:00,20,4,9,19.296165565621347,72.82603233658281,B,Begging,66,5
2023-10-30 23:22:00,23,0,10,19.27108174283335,72.92303330983489,K/W,Child Labour,75,4
2023-01-02 01:33:00,1,0,1,19.006682841559552,72.85691994878682,G/N,Runaway,89,3
2023-05-12 02:46:00,2,4,5,18.962599333274984,72.80695471526926,F/N,Child Labour,68,2
2023-01-30 21:17:00,21,0,1,19.286595790722753,72.822219957342,B,Trafficking,35,1
2023-06-29 23:40:00,23,3,6,19.218943568045695,72.91693182725542,G/S,Lost Child,82,4
2023-07-29 14:17:00,14,5,7,19.029373358005714,72.92454461803642,P/S,Abuse,42,2
2023-06-20 07:26:00,7,1,6,19.050686420009583,72.96800186863503,H/E,Begging,88,4
2023-12-30 22:16:00,22,5,12,19.13460095611716,72.98101429357888,F/N,Child Labour,75,3
2023-01-10 05:41:00,5,1,1,18.960484933830024,72.93142522649295,P/N,Runaway,84,5
2023-12-10 02:03:00,2,6,12,18.948772388008337,72.84332229747893,R/C,Trafficking,43,1
2023-04-14 00:43:00,0,4,4,19.111484572196797,72.92604642310394,N,Child Labour,93,3
2023-12-07 09:33:00,9,3,12,18.977719604155894,72.96092043106906,H/W,Abuse,84,1
2023-04-10 20:36:00,20,0,4,19.247077863280566,72.93886159757155,K/E,Child Labour,47,4
2023-04-01 07:04:00,7,5,4,18.95445943069694,72.83828368511163,F/N,Runaway,31,3
2023-10-19 01:30:00,1,3,10,19.10376871926057,72.97509745338058,E,Lost Child,38,5
2023-02-24 04:24:00,4,4,2,18.925867695996963,72.97092599866797,P/S,Abuse,83,2
2023-05-12 15:34:00,15,4,5,19.07144220806754,72.82404633159612,E,Runaway,42,5
2023-06-14 17:22:00,17,2,6,18.91430460357132,72.91999030290859,B,Trafficking,67,2
2023-05-07 09:04:00,9,6,5,19.141643501935103,72.88915736456497,C,Lost Child,43,5
2023-10-15 22:24:00,22,6,10,19.036766677813084,72.90353663235967,D,Begging,33,5
2023-01-04 13:44:00,13,2,1,19.238529482635776,72.8990460558787,P/S,Begging,59,4
2023-07-29 20:58:00,20,5,7,19.095161409545756,72.86022263279149,B,Runaway,50,4
2023-01-20 21:36:00,21,4,1,18.997615463301262,72.98507360314719,P/N,Runaway,50,4
2023-01-16 19:20:00,19,0,1,18.923383180984143,72.96113675405428,G/N,Abuse,52,2
2023-05-04 04:47:00,4,3,5,18.981516509970792,72.87122186071596,R/N,Runaway,35,3
2023-10-06 07:52:00,7,4,10,19.082926535058583,72.95199114626983,S,Lost Child,54,3
2023-03-04 13:23:00,13,5,3,19.13281180262475,72.92196938527599,K/W,Runaway,33,4
2023-03-19 06:55:00,6,6,3,19.25364045260827,72.97049556061344,P/S,Runaway,55,3
2023-12-01 20:50:00,20,4,12,19.25605857540786,72.96939804885346,K/E,Begging,45,5
2023-07-03 05:49:00,5,0,7,18.927582139687708,72.8037599042201,R/S,Child Labour,42,3
2023-05-23 01:55:00,1,1,5,19.21068307233502,72.99040112303169,G/N,Abuse,95,2
2023-09-15 23:29:00,23,4,9,19.067668440835153,72.90292174839183,H/W,Lost Child,90,5
2023-12-02 06:04:00,6,5,12,19.269046712705556,72.84730472166622,K/W,Child Labour,70,4
2023-07-28 08:21:00,8,4,7,19.07819799745689,72.89680841162888,C,Trafficking,50,2
2023-04-15 06:45:00,6,5,4,19.169423324490005,72.88299782742087,F/S,Child Labour,90,2
2023-08-07 13:22:00,13,0,8,19.173358887847556,72.90742114680732,P/N,Abuse,87,2
2023-06-20 05:26:00,5,1,6,18.924048192470327,72.83157825187031,N,Runaway,45,3
2023-05-26 23:03:00,23,4,5,19.069712058744216,72.83160618008338,M/W,Abuse,89,1
2023-05-23 02:28:00,2,1,5,19.083985481337,72.8809936472725,K/W,Trafficking,30,2
2023-11-02 07:02:00,7,3,11,19.117650833699113,72.88972249667647,D,Child Labour,39,3
2023-01-31 19:56:00,19,1,1,19.248898265859058,72.92234353082756,K/E,Lost Child,49,3
2023-02-15 11:00:00,11,2,2,18.99837623959905,72.94558247689751,H/E,Trafficking,75,1
2023-07-06 12:53:00,12,3,7,19.2753357006328,72.94563880556106,L,Begging,74,4
2023-07-18 12:50:00,12,1,7,19.031382506154387,72.86206015649479,S,Begging,44,3
2023-12-13 22:44:00,22,2,12,19.00932112431948,72.95664007003056,B,Child Labour,48,3
2023-07-06 07:55:00,7,3,7,19.233018849595375,72.94755237265683,G/N,Begging,74,3
2023-05-29 22:41:00,22,0,5,19.22423499553923,72.98702036554938,L,Runaway,50,5
2023-11-27 07:38:00,7,0,11,19.149730375891732,72.86285075800096,G/S,Begging,39,5
2023-01-13 14:32:00,14,4,1,19.262249157416566,72.91125545430492,R/C,Lost Child,40,4
2023-11-15 16:29:00,16,2,11,19.00401765550609,72.82211865345336,P/N,Begging,38,5
2023-02-09 21:14:00,21,3,2,19.264094194135854,72.98485780905959,M/E,Runaway,57,3
2023-05-16 00:34:00,0,1,5,18.963377167795127,72.9880463609289,E,Trafficking,86,1
2023-02-28 06:04:00,6,1,2,19.212741454448704,72.94163240900419,D,Begging,81,3
2023-09-11 03:26:00,3,0,9,18.96975623689381,72.88543108080079,L,Abuse,82,2
2023-05-24 03:18:00,3,2,5,19.160999907078168,72.8043181712361,C,Trafficking,68,1
2023-09-08 12:51:00,12,4,9,18.975661804769327,72.89562370504514,H/E,Abuse,91,2
2023-02-01 19:43:00,19,2,2,19.149729992864298,72.98638309672278,S,Runaway,59,3
2023-12-26 19:30:00,19,1,12,19.090003640515395,72.86187003490029,B,Abuse,58,2
2023-11-21 16:32:00,16,1,11,18.96299541988841,72.9711551511515,H/W,Begging,44,5
2023-11-12 04:48:00,4,6,11,19.02632714195538,72.98483258067546,C,Abuse,68,2
2023-07-14 17:48:00,17,4,7,19.149826730233563,72.93961278241675,L,Runaway,82,3
2023-03-08 14:04:00,14,2,3,19.058775344823243,72.84431029253162,P/S,Trafficking,47,5
2023-04-21 06:47:00,6,4,4,19.26645289990212,72.92204824257264,H/W,Begging,80,3
2023-07-12 10:58:00,10,2,7,18.921712910483894,72.92272081296542,R/C,Abuse,49,3
2023-03-04 10:45:00,10,5,3,18.960549006402065,72.86572376959154,E,Child Labour,43,3
2023-09-08 17:57:00,17,4,9,19.184051773167724,72.9521793601434,H/E,Abuse,36,2
2023-07-06 05:44:00,5,3,7,19.16501322085409,72.92432814411939,P/S,Runaway,49,4
2023-08-09 02:57:00,2,2,8,19.148719774080405,72.95688714065125,D,Begging,32,3
2023-07-08 10:28:00,10,5,7,19.073653748436808,72.81736487769788,F/S,Runaway,98,3
2023-08-14 21:05:00,21,0,8,19.22545033710286,72.92503452192632,K/E,Abuse,37,1
2023-01-03 12:56:00,12,1,1,18.963902518554367,72.91330794367295,E,Abuse,53,2
2023-05-22 07:11:00,7,0,5,19.031081823074008,72.81259700614947,F/S,Begging,70,3
2023-10-06 08:59:00,8,4,10,19.17124650147566,72.93031383814288,F/N,Child Labour,69,3
2023-02-14 17:58:00,17,1,2,19.13773484186911,72.92292092045619,M/W,Abuse,86,2
2023-09-12 05:53:00,5,1,9,18.942185445676838,72.9620079605706,A,Runaway,65,3
2023-04-23 07:43:00,7,6,4,19.07445167655196,72.88997855874015,G/S,Trafficking,93,1
2023-01-21 16:23:00,16,5,1,19.062034907347165,72.87672916911038,R/S,Runaway,49,3
2023-03-17 07:24:00,7,4,3,19.2395095674355,72.91139720168432,S,Child Labour,36,4
2023-02-26 00:59:00,0,6,2,19.050887316910377,72.99860451254919,K/E,Trafficking,87,1
2023-11-18 12:54:00,12,5,11,19.16874028395624,72.84390389936092,T,Runaway,87,1
2023-11-16 13:08:00,13,3,11,18.93276617825881,72.82392583839611,P/S,Lost Child,52,3
2023-09-17 05:21:00,5,6,9,19.09352091622643,72.94090852316306,H/W,Lost Child,30,3
2023-07-17 06:33:00,6,0,7,19.22836721303873,72.84979781334046,S,Lost Child,83,3
2023-12-29 10:07:00,10,4,12,19.18141063324463,72.82349227246407,H/E,Begging,70,5
2023-06-06 10:51:00,10,1,6,19.297079298342044,72.92561768439082,L,Runaway,83,5
2023-09-23 04:49:00,4,5,9,19.07383668927814,72.81196251216817,M/W,Begging,54,2
2023-10-22 06:14:00,6,6,10,19.184012386628524,72.80025456588741,R/N,Runaway,91,3
2023-03-09 16:19:00,16,3,3,19.179190289765643,72.89250632234,S,Runaway,80,3
2023-08-06 12:01:00,12,6,8,19.002935273771595,72.80431900908549,D,Abuse,71,2
2023-11-30 23:16:00,23,3,11,18.93189406285008,72.86019054837435,A,Begging,89,5
2023-01-21 05:30:00,5,5,1,18.999133320760563,72.82159833206724,K/E,Lost Child,84,5
2023-12-25 16:25:00,16,0,12,19.19357999080733,72.89684233318327,H/W,Begging,44,4
2023-09-24 21:03:00,21,6,9,19.079919149362297,72.80174419596335,F/N,Lost Child,91,4
2023-08-16 06:48:00,6,2,8,19.179438567396417,72.90312515108171,T,Child Labour,82,2
2023-10-26 01:59:00,1,3,10,18.93719725612768,72.93434637758375,S,Trafficking,66,2
2023-06-03 04:25:00,4,5,6,19.092162344224217,72.9993398499798,P/N,Runaway,65,3
2023-05-21 17:55:00,17,6,5,19.239002243848603,72.9797281215118,C,Trafficking,40,1
2023-01-09 09:56:00,9,0,1,19.244761562883927,72.99979130080824,P/N,Begging,89,4
2023-05-23 10:28:00,10,1,5,18.976987174417808,72.81313549240627,H/E,Lost Child,36,4
2023-03-09 15:30:00,15,3,3,19.01494300179289,72.87231202710299,L,Lost Child,35,2
2023-02-11 00:47:00,0,5,2,19.121771545496628,72.90360933815403,P/N,Runaway,43,4
2023-09-24 02:42:00,2,6,9,19.215892144157124,72.87303382978763,K/E,Trafficking,81,1
2023-04-04 09:23:00,9,1,4,19.031961782701135,72.8000193927709,P/S,Child Labour,60,3
2023-07-09 08:15:00,8,6,7,19.117649017494244,72.89125966828614,P/S,Begging,42,5
2023-10-11 10:03:00,10,2,10,19.015228727816115,72.98894719186161,K/E,Lost Child,65,4
2023-01-06 06:54:00,6,4,1,18.994462808012816,72.823834893044,F/S,Runaway,69,5
2023-01-04 07:26:00,7,2,1,19.187430980289847,72.97732321785924,M/E,Child Labour,51,4
2023-04-13 07:07:00,7,3,4,19.020306946914484,72.93237288453268,T,Abuse,40,2
2023-07-20 16:12:00,16,3,7,19.138007961024144,72.83161001073542,R/C,Lost Child,30,4
2023-09-11 23:17:00,23,0,9,19.232548512600506,72.86962422155793,G/S,Abuse,97,4
2023-08-06 19:32:00,19,6,8,19.073201767285614,72.85204691062027,C,Lost Child,93,3
2023-04-06 23:43:00,23,3,4,19.00492525207933,72.8301042803904,P/N,Lost Child,48,3
2023-11-12 05:22:00,5,6,11,19.131186890668882,72.8558276623656,F/N,Lost Child,35,5
2023-07-21 17:12:00,17,4,7,19.07303965849293,72.93583287887718,R/N,Abuse,36,2
2023-07-22 00:04:00,0,5,7,19.28174881469095,72.95566248880382,M/E,Child Labour,30,1
2023-07-18 04:53:00,4,1,7,19.07150378898564,72.9751575595723,R/N,Lost Child,73,3
2023-03-03 04:27:00,4,4,3,19.205188102863435,72.86675025503116,M/E,Child Labour,35,4
2023-08-29 23:55:00,23,1,8,19.25294285368363,72.89773116453539,H/E,Trafficking,37,2
2023-04-13 08:16:00,8,3,4,19.256151543923345,72.95462013308706,P/S,Abuse,59,2
2023-10-08 08:06:00,8,6,10,19.28021770028063,72.85537756406497,D,Trafficking,90,1
2023-08-15 02:55:00,2,1,8,19.152059660189074,72.84439223554226,R/S,Trafficking,44,1
2023-05-03 12:57:00,12,2,5,19.272083951721406,72.90590525971824,H/W,Trafficking,72,1
2023-01-06 05:53:00,5,4,1,18.930933615146188,72.80258892815363,P/N,Lost Child,92,4
2023-05-15 04:02:00,4,0,5,18.92406419203411,72.89219168901819,D,Trafficking,63,1
2023-09-18 16:31:00,16,0,9,19.170944051735106,72.89981528772375,D,Runaway,98,5
2023-03-07 15:35:00,15,1,3,18.93460032544844,72.98923794756355,A,Abuse,54,2
2023-03-10 06:09:00,6,4,3,19.007504760250438,72.92441866922915,M/E,Child Labour,99,3
2023-04-16 04:59:00,4,6,4,19.000491691342816,72.89566130002753,S,Trafficking,81,2
2023-07-05 21:06:00,21,2,7,19.25119639776883,72.92430957389497,R/N,Lost Child,71,5
2023-06-16 12:46:00,12,4,6,19.286824801834115,72.94614224221412,C,Runaway,90,5
2023-06-29 12:25:00,12,3,6,19.039914998296215,72.95780884139965,P/N,Begging,44,5
2023-08-15 11:11:00,11,1,8,19.11616040290642,72.93277606879374,N,Trafficking,60,2
2023-06-02 13:21:00,13,4,6,19.058066159229735,72.8880096306731,R/N,Abuse,47,1
2023-02-14 03:00:00,3,1,2,19.099652417275895,72.96973212985228,E,Lost Child,67,4
2023-08-14 07:05:00,7,0,8,19.133479116747804,72.99497075164565,C,Abuse,57,1
2023-10-25 07:00:00,7,2,10,19.216240136741106,72.8615919862824,M/E,Child Labour,91,2
2023-09-15 02:12:00,2,4,9,19.065334369761228,72.96787532314032,H/W,Begging,68,4
2023-09-28 11:21:00,11,3,9,19.13853475741584,72.8665651483371,M/E,Runaway,85,4
2023-05-25 16:27:00,16,3,5,18.949338367787,72.96872314643016,S,Lost Child,79,5
2023-01-03 20:53:00,20,1,1,19.099649983779802,72.88476932681309,T,Begging,61,4
2023-09-29 04:45:00,4,4,9,19.016966949437904,72.96407877347957,M/W,Begging,58,3
2023-04-02 11:30:00,11,6,4,19.166365872517712,72.84722104370493,E,Child Labour,50,3
2023-05-20 06:14:00,6,5,5,18.985607020733994,72.95696794985254,R/S,Trafficking,90,3
2023-10-16 05:51:00,5,0,10,18.910582070849134,72.91962925864522,C,Child Labour,36,3
2023-11-02 07:33:00,7,3,11,19.21408570226423,72.93600302449818,H/E,Trafficking,97,1
2023-11-03 00:24:00,0,4,11,19.045146239194327,72.99315577010775,L,Child Labour,38,3
2023-03-07 22:46:00,22,1,3,18.929020973066336,72.98525543150659,F/N,Lost Child,68,3
2023-11-18 04:37:00,4,5,11,19.265721428444966,72.93459709359914,G/N,Begging,78,5
2023-04-12 23:42:00,23,2,4,19.056343091796094,72.92006388291028,K/E,Trafficking,95,1
2023-12-07 04:19:00,4,3,12,19.187518069951942,72.8529162301983,H/E,Child Labour,36,2
2023-11-11 05:19:00,5,5,11,19.26588439323302,72.96388422561563,S,Abuse,62,1
2023-12-19 14:38:00,14,1,12,19.244785600267424,72.88432542148817,R/S,Trafficking,80,1
2023-05-13 10:01:00,10,5,5,19.223199978858418,72.9597260737468,R/S,Trafficking,74,2
2023-02-12 03:34:00,3,6,2,19.070301150711515,72.83072843909152,G/S,Abuse,61,1
2023-09-06 08:25:00,8,2,9,19.22798926913462,72.84886924941623,N,Abuse,34,2
2023-03-30 01:54:00,1,3,3,18.91603423471773,72.81570193083398,K/E,Child Labour,46,3
2023-09-04 00:39:00,0,0,9,18.97023659726965,72.82908227227632,R/C,Child Labour,79,4
2023-07-18 21:38:00,21,1,7,19.129208405412133,72.93402081105806,L,Child Labour,71,4
2023-08-08 22:27:00,22,1,8,19.0450821497139,72.93008459646921,G/N,Runaway,49,3
2023-08-20 23:08:00,23,6,8,19.296990883042486,72.89742918367281,N,Trafficking,37,2
2023-12-03 16:53:00,16,6,12,19.102075562146727,72.9275857996095,N,Child Labour,42,3
2023-04-12 16:42:00,16,2,4,19.03800029465804,72.94757294370062,B,Lost Child,57,3
2023-07-15 18:12:00,18,5,7,19.033465528372773,72.8719689783378,L,Child Labour,85,2
2023-10-17 07:14:00,7,1,10,19.22535999264096,72.85239748748646,H/W,Child Labour,48,4
2023-07-04 01:44:00,1,1,7,19.297198075139423,72.9671227070533,T,Begging,56,4
2023-02-11 15:08:00,15,5,2,19.076413896425052,72.9869818646864,G/S,Lost Child,40,5
2023-02-06 02:22:00,2,0,2,19.056483608112696,72.94138863991535,F/S,Trafficking,52,4
2023-09-24 06:11:00,6,6,9,19.01078235578921,72.88548788004293,M/W,Child Labour,46,2
2023-12-10 07:46:00,7,6,12,18.99666519319316,72.85821184042504,R/S,Lost Child,43,5
2023-04-02 17:20:00,17,6,4,19.22596328888514,72.88261867156085,G/N,Begging,99,4
2023-11-23 07:39:00,7,3,11,19.12383525961691,72.94173665258481,H/E,Runaway,90,5
2023-11-18 19:10:00,19,5,11,19.15403169391736,72.80515240704848,H/W,Lost Child,31,4
2023-06-15 00:33:00,0,3,6,18.9387361174005,72.85875439168545,E,Begging,83,3
2023-03-30 16:35:00,16,3,3,19.229372781531726,72.9337597788067,P/S,Begging,83,4
2023-12-18 20:21:00,20,0,12,19.290894741333656,72.8019744694714,R/S,Child Labour,75,3
2023-04-06 02:43:00,2,3,4,19.098193761478043,72.81514480905858,P/S,Abuse,42,1
2023-12-28 00:45:00,0,3,12,19.219004047441288,72.81340217075794,N,Trafficking,79,1
2023-12-31 16:30:00,16,6,12,19.05951918316211,72.83281223542188,S,Trafficking,32,2
2023-01-31 23:17:00,23,1,1,19.27663738892193,72.92276994455665,L,Child Labour,45,4
2023-09-11 21:01:00,21,0,9,18.987392645133212,72.89689843416718,D,Lost Child,44,3
2023-06-18 01:28:00,1,6,6,19.110791818625756,72.85575147860989,S,Runaway,99,3
2023-02-11 10:02:00,10,5,2,19.0281687510363,72.94514032675694,G/S,Begging,58,3
2023-01-24 18:34:00,18,1,1,19.03192085143871,72.96984936121869,P/N,Begging,62,5
2023-08-23 12:38:00,12,2,8,18.959569739285286,72.94279820171253,F/S,Begging,57,5
2023-01-11 11:01:00,11,2,1,19.13229882152649,72.84709433326948,N,Child Labour,37,4
2023-08-15 07:25:00,7,1,8,19.004260871460776,72.89845396719166,R/C,Lost Child,35,3
2023-04-25 22:51:00,22,1,4,18.911890749493377,72.951394994128,G/N,Lost Child,73,4
2023-03-15 19:55:00,19,2,3,19.240141131974084,72.90681352824858,M/E,Trafficking,86,1
2023-03-22 22:29:00,22,2,3,19.033092263695618,72.84023085616055,F/S,Trafficking,35,2
2023-11-11 16:20:00,16,5,11,19.278093436677313,72.95787850199521,S,Child Labour,85,3
2023-02-17 07:15:00,7,4,2,19.07355388064295,72.86145478741466,T,Abuse,83,1
2023-02-23 10:07:00,10,3,2,19.107553342609904,72.81063637902238,M/E,Abuse,79,1
2023-08-30 11:56:00,11,2,8,19.2990456655188,72.80809703592033,L,Trafficking,76,1
2023-05-05 22:37:00,22,4,5,19.120171422060817,72.89141777518176,R/C,Trafficking,30,2
2023-05-03 11:59:00,11,2,5,18.902034362842006,72.9380481207159,G/N,Abuse,73,2
2023-09-16 18:23:00,18,5,9,19.253611774324266,72.80455895024257,M/E,Child Labour,94,3
2023-12-24 09:10:00,9,6,12,19.261323259426142,72.89936148790595,C,Child Labour,87,2
2023-08-21 00:45:00,0,0,8,19.06797373918931,72.85825293188473,E,Trafficking,90,2
2023-10-28 15:13:00,15,5,10,19.180508396708657,72.97433130575888,P/N,Runaway,76,5
2023-02-14 17:21:00,17,1,2,19.03912719080567,72.90707902842163,C,Runaway,76,3
2023-09-15 21:01:00,21,4,9,19.177291184032697,72.92482034524978,R/S,Begging,67,4
2023-04-07 21:21:00,21,4,4,19.11135148396686,72.95192502310587,F/S,Abuse,40,2
2023-12-29 06:39:00,6,4,12,19.233151668103627,72.89433975291585,R/S,Runaway,86,5
2023-04-08 22:22:00,22,5,4,19.069539278073098,72.99023183513738,A,Runaway,65,3
2023-12-10 22:10:00,22,6,12,19.23954908561165,72.96700088150803,P/N,Child Labour,80,4
2023-11-06 19:33:00,19,0,11,19.141796672390015,72.87785276576322,F/N,Abuse,52,2
2023-07-13 22:41:00,22,3,7,19.06836989823083,72.82768729768074,S,Lost Child,43,5
2023-12-13 10:00:00,10,2,12,19.192361893495605,72.96550629823044,S,Abuse,66,1
2023-06-21 23:38:00,23,2,6,19.032867851470346,72.96805472543551,K/W,Child Labour,52,2
2023-05-20 04:05:00,4,5,5,19.067357066304996,72.94475612585822,F/S,Lost Child,43,3
2023-06-28 23:07:00,23,2,6,19.293955824210443,72.96469469200883,R/S,Trafficking,44,2
2023-05-10 21:39:00,21,2,5,19.019802448871573,72.99848437184728,L,Lost Child,82,5
2023-01-31 11:20:00,11,1,1,19.28497139368393,72.8527791320334,A,Trafficking,44,2
2023-08-10 00:49:00,0,3,8,19.24835453832754,72.98247477902069,B,Runaway,32,4
2023-04-27 01:25:00,1,3,4,19.064230127244986,72.89994694605443,K/E,Runaway,42,3
2023-10-10 01:46:00,1,1,10,19.221383320914303,72.80933166803516,R/N,Trafficking,90,1
2023-09-17 11:10:00,11,6,9,19.000731153189015,72.94201486970175,G/S,Runaway,83,4
2023-06-19 08:01:00,8,0,6,19.1240973729796,72.99281784597605,R/C,Runaway,39,5
2023-08-19 04:16:00,4,5,8,18.90701805452429,72.81944234418657,R/S,Lost Child,80,5
2023-09-04 01:13:00,1,0,9,19.043368857964253,72.83354703842262,R/N,Abuse,46,2
2023-09-05 05:11:00,5,1,9,18.91732671193476,72.84837443263324,H/E,Lost Child,53,3
2023-05-24 19:54:00,19,2,5,19.23971069398004,72.8755339452088,E,Runaway,75,4
2023-05-15 18:21:00,18,0,5,19.060198651427655,72.94439913534225,T,Lost Child,85,5
2023-11-18 13:57:00,13,5,11,18.974091946148896,72.84147866864838,R/C,Runaway,34,1
2023-09-07 19:46:00,19,3,9,18.933373556378193,72.8381703680692,M/E,Abuse,56,2
2023-03-01 09:04:00,9,2,3,18.91372234893457,72.99972742284695,M/W,Trafficking,76,1
2023-02-03 01:11:00,1,4,2,19.091924431432716,72.898876713178,H/W,Begging,44,5
2023-04-18 05:19:00,5,1,4,19.086086889389733,72.94058703164214,E,Lost Child,54,4
2023-08-16 04:36:00,4,2,8,19.185986686123094,72.80152397624083,R/C,Child Labour,56,4
2023-07-17 12:27:00,12,0,7,19.297462814205204,72.86338602761569,S,Child Labour,42,3
2023-12-15 04:52:00,4,4,12,19.15684099369713,72.96000186836744,F/N,Begging,97,3
2023-03-21 12:00:00,12,1,3,19.078535967296165,72.82424879128315,K/W,Begging,53,5
2023-06-08 06:36:00,6,3,6,19.106073053195587,72.87067498176742,P/S,Abuse,50,1
2023-08-06 05:11:00,5,6,8,19.230096140757645,72.83707176452151,R/C,Begging,30,5
2023-03-03 13:33:00,13,4,3,19.253780230282732,72.96971585544712,H/W,Lost Child,66,5
2023-02-15 02:27:00,2,2,2,19.125297105253797,72.93333259349446,R/N,Begging,63,4
2023-03-13 00:16:00,0,0,3,18.93638141901408,72.97510568291742,R/S,Child Labour,63,4
2023-06-11 13:57:00,13,6,6,19.06875919111025,72.98194079111495,L,Lost Child,35,5
2023-12-12 16:29:00,16,1,12,19.191516184939267,72.8570391238916,N,Lost Child,41,3
2023-08-29 07:13:00,7,1,8,19.2339214730022,72.98093811825382,R/N,Abuse,70,1
2023-08-21 02:44:00,2,0,8,19.220193726153738,72.80489981713673,K/W,Child Labour,44,2
2023-05-08 03:03:00,3,0,5,18.95445113582035,72.90557070219675,M/E,Abuse,64,2
2023-11-26 23:08:00,23,6,11,18.937476061323437,72.85498747908541,H/W,Lost Child,60,5
2023-11-13 16:53:00,16,0,11,19.1908709391784,72.83839131048194,G/N,Runaway,88,5
2023-06-04 06:13:00,6,6,6,19.02739627541039,72.84872574790593,R/S,Runaway,70,5
2023-01-06 17:55:00,17,4,1,18.922191597901175,72.95003347915078,T,Abuse,97,2
2023-01-16 09:54:00,9,0,1,19.058505086443326,72.89689302275593,R/N,Abuse,42,2
2023-05-21 23:47:00,23,6,5,19.082537520676276,72.99003401992115,N,Trafficking,73,1
2023-11-02 06:33:00,6,3,11,19.154908087580093,72.8598990492707,G/N,Begging,65,5
2023-04-14 14:46:00,14,4,4,19.27469025744043,72.9682066363633,A,Lost Child,79,3
2023-09-19 21:50:00,21,1,9,19.268896369151104,72.84204104129998,M/E,Runaway,85,3
2023-06-14 16:09:00,16,2,6,19.10823148555517,72.92313406365159,F/S,Lost Child,62,5
2023-06-17 11:51:00,11,5,6,18.94663655896543,72.90526920078554,G/S,Trafficking,63,1
2023-05-28 03:24:00,3,6,5,19.272914278002542,72.94515518946443,R/N,Lost Child,92,3
2023-12-18 17:17:00,17,0,12,19.059936359280936,72.90327042115658,F/S,Abuse,34,1
2023-04-21 07:44:00,7,4,4,19.07472157312223,72.80676619381155,K/E,Trafficking,92,1
2023-03-12 05:15:00,5,6,3,18.942230319221938,72.98520297148566,R/S,Runaway,82,3
2023-05-23 23:44:00,23,1,5,19.274624491131057,72.83517651127352,F/N,Lost Child,97,5
2023-10-05 19:22:00,19,3,10,18.96488047300218,72.84690527259313,H/E,Lost Child,55,5
2023-06-28 21:49:00,21,2,6,19.115875505887427,72.98830468688993,R/C,Runaway,88,3
2023-05-27 01:33:00,1,5,5,19.02084643805372,72.83842816607952,M/E,Runaway,75,4
2023-12-07 08:59:00,8,3,12,19.27558409210865,72.83538436647798,H/W,Lost Child,39,4
2023-07-28 21:35:00,21,4,7,19.178663961476232,72.95005595753241,F/N,Begging,74,4
2023-02-16 20:53:00,20,3,2,19.1520676612186,72.85383328471589,K/W,Child Labour,49,2
2023-09-30 22:34:00,22,5,9,19.0305966901134,72.90976768371549,M/E,Abuse,85,1
2023-11-02 15:51:00,15,3,11,19.039514926228716,72.8925012600179,E,Child Labour,45,2
2023-08-08 20:10:00,20,1,8,18.944153626600674,72.99554573834105,F/N,Begging,90,5
2023-07-15 21:46:00,21,5,7,19.1369702282291,72.87611522468607,E,Child Labour,33,2
2023-10-18 03:32:00,3,2,10,19.109178455794535,72.97389749350434,H/E,Trafficking,78,1
2023-01-09 05:00:00,5,0,1,19.146706832993086,72.93749688771973,R/S,Lost Child,54,3
2023-03-15 02:59:00,2,2,3,18.953031373011687,72.96718065250835,F/N,Runaway,64,5
2023-10-18 04:12:00,4,2,10,18.9373883273233,72.89427075054773,C,Child Labour,37,4
2023-02-18 06:44:00,6,5,2,19.02379828139838,72.86276687085069,R/S,Lost Child,98,3
2023-01-10 11:27:00,11,1,1,18.977784626805793,72.89336097394002,D,Trafficking,36,2
2023-04-17 18:18:00,18,0,4,18.904396432062594,72.98362389912755,A,Lost Child,82,1
2023-04-06 11:12:00,11,3,4,18.950213860619684,72.90446215441384,E,Child Labour,63,2
2023-02-01 01:41:00,1,2,2,19.033062884909505,72.91260084906072,H/W,Trafficking,48,2
2023-10-05 12:00:00,12,3,10,19.25169697393065,72.90687804182531,R/N,Begging,55,5
2023-04-29 21:17:00,21,5,4,19.28804293330503,72.9083954247684,H/W,Runaway,93,4
2023-01-11 12:25:00,12,2,1,19.09677312829193,72.9730822040874,R/C,Lost Child,61,4
2023-04-08 11:07:00,11,5,4,18.978164530254354,72.9227224420017,T,Abuse,34,2
2023-02-13 16:57:00,16,0,2,19.23210242834357,72.8598223352121,S,Runaway,35,4
2023-02-15 08:27:00,8,2,2,19.230090098187855,72.81606136735195,F/S,Trafficking,51,1
2023-08-14 01:17:00,1,0,8,19.26905360072398,72.9332841097215,G/S,Begging,83,3
2023-11-18 05:55:00,5,5,11,19.221725834279166,72.93306055508246,P/S,Trafficking,63,2
2023-10-02 16:31:00,16,0,10,19.246715602338288,72.86853768481093,M/W,Runaway,44,5
2023-07-27 17:06:00,17,3,7,19.281765596566892,72.8763954223952,K/E,Runaway,34,3
2023-03-26 02:57:00,2,6,3,19.249946205025417,72.96571445997745,T,Trafficking,91,5
2023-10-26 12:52:00,12,3,10,19.068280909546168,72.91742636367574,F/N,Runaway,34,5
2023-07-13 03:22:00,3,3,7,19.054925341778656,72.85998753863606,S,Begging,40,5
2023-09-16 18:28:00,18,5,9,18.925457397328206,72.8240588721477,D,Trafficking,32,2
2023-01-05 13:43:00,13,3,1,19.102189575509115,72.9933459931698,M/E,Trafficking,41,1
2023-02-10 15:18:00,15,4,2,18.925059080490207,72.8805593660976,L,Runaway,87,4
2023-12-05 01:20:00,1,1,12,19.221969672482707,72.97861486526882,R/S,Child Labour,59,3
2023-01-27 14:57:00,14,4,1,19.095069972884495,72.87144329494427,T,Runaway,67,3
2023-08-26 15:50:00,15,5,8,19.136825945939,72.94265971147055,M/W,Runaway,82,4
2023-12-09 02:38:00,2,5,12,18.942511038893542,72.99835522677876,N,Lost Child,67,2
2023-06-16 18:43:00,18,4,6,19.247956743631725,72.99472072634792,G/N,Abuse,93,2
2023-01-28 02:57:00,2,5,1,19.287978138413855,72.9345581221006,F/S,Runaway,89,4
2023-02-20 03:52:00,3,0,2,19.198649097087973,72.81176748472203,N,Trafficking,77,2
2023-07-08 20:37:00,20,5,7,19.10646174656515,72.90590357850422,M/E,Child Labour,63,2
2023-10-27 20:50:00,20,4,10,19.156870152910248,72.82442537155063,C,Child Labour,43,2
2023-10-02 11:53:00,11,0,10,19.12121937305414,72.90837585146106,G/S,Abuse,94,1
2023-12-21 04:14:00,4,3,12,19.185515086596897,72.96776176920405,H/W,Abuse,76,2
2023-01-02 03:37:00,3,0,1,19.059456764955065,72.93293124966725,M/E,Abuse,52,2
2023-02-05 08:30:00,8,6,2,18.98489978136987,72.92918484823883,T,Runaway,40,5
2023-11-14 17:15:00,17,1,11,19.049399799274767,72.8907878631803,F/S,Runaway,74,4
2023-12-18 15:22:00,15,0,12,19.11190101607098,72.96379240979452,C,Abuse,75,2
2023-12-05 10:15:00,10,1,12,18.936571272421975,72.93537056919926,C,Runaway,73,4
2023-10-22 08:04:00,8,6,10,19.20704797319056,72.84459411931567,G/S,Child Labour,65,2
2023-07-27 19:03:00,19,3,7,18.91224218188977,72.83734348947786,G/S,Trafficking,69,2
2023-09-03 10:11:00,10,6,9,19.171902165093034,72.94127035193718,M/W,Abuse,84,1
2023-01-23 11:50:00,11,0,1,19.146493691553292,72.88358862843218,K/E,Trafficking,76,1
2023-09-28 03:15:00,3,3,9,19.077870719240693,72.80879210326593,P/S,Abuse,39,2
2023-02-25 11:13:00,11,5,2,19.042124231172302,72.831014150728,S,Abuse,55,2
2023-06-16 08:44:00,8,4,6,19.024460550508103,72.98448162134528,M/E,Lost Child,52,4
2023-09-27 18:30:00,18,2,9,19.067696662853916,72.98556056153119,C,Child Labour,79,3
2023-09-13 05:17:00,5,2,9,19.297030762236897,72.92592650319376,H/W,Runaway,50,3
2023-11-20 09:33:00,9,0,11,19.026733861975718,72.85462037283553,C,Lost Child,67,3
2023-09-07 12:00:00,12,3,9,18.919165346131333,72.94210604758749,H/E,Begging,97,4
2023-01-07 23:25:00,23,5,1,19.263506352185495,72.81024904254578,G/S,Abuse,69,2
2023-04-07 13:10:00,13,4,4,19.07648223165318,72.86170035900942,N,Runaway,61,3
2023-03-16 22:48:00,22,3,3,18.949407900328854,72.95860922358001,P/N,Lost Child,41,5
2023-10-02 20:06:00,20,0,10,19.11160876567891,72.9948775335769,F/S,Begging,89,5
2023-06-08 03:34:00,3,3,6,19.178207799514087,72.85664129032078,S,Runaway,94,5
2023-02-25 14:14:00,14,5,2,19.11317763407376,72.96725553518365,M/E,Child Labour,53,3
2023-07-23 14:22:00,14,6,7,19.258642378654894,72.98291282439668,M/E,Lost Child,85,3
2023-07-07 14:29:00,14,4,7,19.22389230508076,72.80149191784143,R/N,Runaway,45,4
2023-04-21 10:36:00,10,4,4,18.99589272028985,72.94301813486078,L,Trafficking,50,1
2023-10-01 23:13:00,23,6,10,18.983694427468155,72.90471085998803,R/N,Child Labour,56,4
2023-08-18 13:17:00,13,4,8,19.114947587519428,72.89859640460077,R/S,Trafficking,30,2
2023-05-27 07:49:00,7,5,5,19.072742669771532,72.91849938759901,G/N,Child Labour,83,3
2023-07-11 17:42:00,17,1,7,19.17789222087302,72.8763755654571,G/N,Trafficking,67,1
2023-03-29 13:07:00,13,2,3,19.24347266540321,72.83550540160773,H/W,Runaway,75,5
2023-04-30 10:15:00,10,6,4,18.996237331756127,72.92883297069088,K/W,Child Labour,46,4
2023-04-18 20:04:00,20,1,4,19.0554883290722,72.84627616491645,H/E,Runaway,42,4
2023-08-12 13:26:00,13,5,8,19.257941652142613,72.94273286065342,M/W,Trafficking,49,2
2023-03-29 11:44:00,11,2,3,19.138177378446954,72.83980864396605,R/S,Begging,69,3
2023-03-17 18:02:00,18,4,3,19.18040130693461,72.9631865905214,H/W,Child Labour,92,2
2023-08-12 20:37:00,20,5,8,18.92921544940632,72.98637986398295,P/N,Trafficking,87,2
2023-06-09 19:59:00,19,4,6,18.90732998749457,72.96228620539814,T,Runaway,52,4
2023-05-03 08:27:00,8,2,5,19.289977722095312,72.81050621864549,N,Lost Child,50,4
2023-07-03 09:42:00,9,0,7,19.24122942366834,72.9892185825507,S,Child Labour,61,2
2023-07-29 02:27:00,2,5,7,19.172424466951128,72.95468435642945,N,Runaway,90,4
2023-02-16 22:50:00,22,3,2,19.212133767567064,72.9699666934117,K/W,Child Labour,64,3
2023-02-20 00:06:00,0,0,2,19.163653720456207,72.92868933868287,N,Abuse,89,2
2023-06-03 05:57:00,5,5,6,19.0393793359464,72.90001640333112,G/S,Child Labour,66,2
2023-12-09 04:07:00,4,5,12,19.048355374639744,72.99474566021595,G/S,Child Labour,51,4
2023-04-10 22:03:00,22,0,4,18.946207227675625,72.92039279650284,K/W,Lost Child,42,4
2023-06-06 10:17:00,10,1,6,19.216342376809905,72.88405024707168,S,Begging,99,5
2023-03-26 10:45:00,10,6,3,19.286140327965995,72.9394910592714,F/S,Trafficking,80,1
2023-04-25 17:19:00,17,1,4,18.929966481902063,72.9364080157348,R/N,Begging,67,1
2023-08-26 11:20:00,11,5,8,19.0652922956255,72.94750877708672,C,Trafficking,61,1
2023-12-31 05:06:00,5,6,12,19.007318934617164,72.94308859750414,K/E,Trafficking,55,1
2023-02-19 11:20:00,11,6,2,19.11073922801312,72.85716629848761,H/W,Runaway,88,5
2023-11-16 00:36:00,0,3,11,19.204664336872547,72.87380239056127,F/N,Trafficking,69,1
2023-06-15 12:54:00,12,3,6,18.994074038111208,72.90462707283376,M/W,Begging,82,1
2023-08-24 19:25:00,19,3,8,19.134474307177186,72.9754494221252,M/W,Child Labour,78,3
2023-01-16 14:14:00,14,0,1,18.99464192622729,72.9878906900703,G/S,Trafficking,64,1
2023-03-13 20:22:00,20,0,3,19.276873702671985,72.86872485383213,F/S,Lost Child,74,5
2023-03-26 00:45:00,0,6,3,19.18745212508052,72.88697150260639,F/N,Trafficking,35,2
2023-11-08 07:44:00,7,2,11,18.924182915289535,72.93956277771744,L,Begging,41,5
2023-02-17 05:49:00,5,4,2,18.9429058703483,72.88811965427494,G/N,Lost Child,32,5
2023-02-24 16:08:00,16,4,2,19.1101932639,72.95821813084525,M/W,Trafficking,47,1
2023-12-22 16:49:00,16,4,12,19.0572353852744,72.91725374781495,N,Abuse,39,2
2023-05-19 20:07:00,20,4,5,18.94728232888705,72.88260346646928,B,Trafficking,82,4
2023-06-03 14:29:00,14,5,6,18.90458210629314,72.93452071949152,R/S,Lost Child,99,5
2023-12-18 10:55:00,10,0,12,19.032344720507243,72.90475826067326,M/E,Runaway,90,4
2023-12-14 18:27:00,18,3,12,19.21220518481879,72.8544494873637,H/W,Child Labour,54,2
2023-06-09 13:20:00,13,4,6,19.003128044088314,72.8968049392811,F/S,Runaway,54,3
2023-08-25 22:29:00,22,4,8,19.29522985470721,72.90028479999414,H/W,Lost Child,67,3
2023-04-08 01:25:00,1,5,4,19.194056886278553,72.94681178733062,H/E,Trafficking,51,2
2023-08-07 03:25:00,3,0,8,18.90034209805001,72.98512192630885,R/S,Abuse,78,2
2023-05-05 05:48:00,5,4,5,18.978811470756288,72.92253306863813,H/E,Abuse,89,2
2023-05-08 07:13:00,7,0,5,19.24643504567731,72.81609477011992,K/E,Begging,93,4
2023-07-22 15:22:00,15,5,7,18.90539157742156,72.90878597891545,H/E,Lost Child,58,4
2023-07-24 10:58:00,10,0,7,19.00053481778832,72.85429530798196,F/N,Begging,72,4
2023-04-30 11:12:00,11,6,4,19.112508069734275,72.85863446352367,C,Runaway,53,5
2023-03-29 13:44:00,13,2,3,19.224839916651913,72.89695095778912,P/S,Lost Child,77,4
2023-03-09 19:02:00,19,3,3,19.25550560418685,72.86080857950127,H/W,Trafficking,83,1
2023-10-26 09:10:00,9,3,10,19.15659846479929,72.90538765118026,P/S,Lost Child,35,2
2023-08-23 22:52:00,22,2,8,18.92754989783237,72.97083648957654,D,Trafficking,60,1
2023-07-13 14:06:00,14,3,7,18.925408792978327,72.80055151330887,P/S,Runaway,69,4
2023-10-23 10:02:00,10,0,10,19.20052843299795,72.9441887960693,K/E,Begging,79,3
2023-04-25 03:51:00,3,1,4,19.265715210309498,72.90283724861337,K/E,Lost Child,32,4
2023-07-25 09:19:00,9,1,7,19.079723375061768,72.97459983885106,S,Runaway,65,5
2023-02-15 16:59:00,16,2,2,19.072440767490765,72.89763698599123,C,Child Labour,86,2
2023-05-04 18:43:00,18,3,5,19.274387902848908,72.82139913783553,C,Runaway,81,5
2023-07-27 13:01:00,13,3,7,18.988970684114417,72.9248535817453,S,Abuse,52,1
2023-08-15 02:07:00,2,1,8,18.97082510556555,72.82654361034898,K/W,Begging,98,5
2023-05-20 20:40:00,20,5,5,18.972428462017373,72.82612694202298,R/C,Begging,65,4
2023-08-26 04:37:00,4,5,8,18.970826906806636,72.8029494179194,R/C,Child Labour,66,3
2023-06-07 23:39:00,23,2,6,18.916227139555062,72.83165317237501,F/S,Runaway,83,4
2023-09-26 11:40:00,11,1,9,18.939138072821727,72.90341569077503,H/W,Begging,33,4
2023-09-21 10:00:00,10,3,9,18.938897281595615,72.95909653842826,G/S,Lost Child,89,4
2023-03-30 01:50:00,1,3,3,19.062077151811327,72.86107270501121,F/S,Child Labour,90,2
2023-03-05 12:17:00,12,6,3,18.99461800302993,72.98524017310557,D,Child Labour,41,2
2023-03-03 21:37:00,21,4,3,19.003962548384237,72.87066927256704,S,Child Labour,32,2
2023-09-04 06:37:00,6,0,9,19.232532409710156,72.82718594283683,P/N,Begging,65,5
2023-02-13 07:29:00,7,0,2,19.24298398373161,72.89223385662514,T,Lost Child,90,4
2023-07-07 16:13:00,16,4,7,19.111947400162837,72.8956989668876,P/N,Abuse,79,1
2023-05-30 14:59:00,14,1,5,19.20134848361009,72.96918022011025,G/N,Lost Child,81,5
2023-08-26 02:22:00,2,5,8,19.125902376196038,72.93653822768529,G/N,Begging,76,3
2023-11-05 05:09:00,5,6,11,18.966573052216706,72.82381730526325,M/E,Begging,70,3
2023-09-27 07:20:00,7,2,9,18.964496823821378,72.99206315063567,K/W,Trafficking,44,2
2023-10-26 04:09:00,4,3,10,19.288485138592574,72.96413541305364,R/C,Begging,78,5
2023-04-08 08:35:00,8,5,4,19.282550727731397,72.89830387877446,E,Runaway,52,3
2023-04-21 16:11:00,16,4,4,19.19979827205196,72.90724408810178,N,Lost Child,77,4
2023-03-11 08:57:00,8,5,3,18.994419554195602,72.82780508338509,L,Child Labour,70,2
2023-11-23 06:36:00,6,3,11,19.2693270262881,72.96365635960059,P/S,Trafficking,62,2
2023-03-04 11:45:00,11,5,3,19.00252098515973,72.81980321186711,A,Lost Child,76,3
2023-11-26 20:26:00,20,6,11,19.292000678036718,72.92863780217883,R/S,Lost Child,30,4
2023-02-08 02:23:00,2,2,2,19.089531625838813,72.80201625090194,H/W,Runaway,46,4
2023-09-01 01:40:00,1,4,9,19.236512158220698,72.98264010765193,C,Begging,32,3
2023-04-23 18:14:00,18,6,4,19.169904977781368,72.93720242397893,P/S,Child Labour,78,2
2023-12-18 03:45:00,3,0,12,19.002303224855094,72.91528457322522,R/C,Lost Child,82,4
2023-01-20 08:20:00,8,4,1,19.035749402454258,72.85666629814729,M/W,Begging,82,3
2023-09-20 12:05:00,12,2,9,19.16703148971199,72.83849129256204,H/E,Abuse,95,2
2023-05-24 14:21:00,14,2,5,19.109629828943476,72.94998648130269,H/W,Abuse,55,2
2023-06-18 05:09:00,5,6,6,18.94647663597254,72.95287924446764,R/S,Abuse,80,2
2023-01-06 14:22:00,14,4,1,18.92255188306812,72.96078800527516,F/S,Trafficking,66,2
2023-08-25 07:48:00,7,4,8,19.117587406082706,72.91325400428246,G/S,Lost Child,44,3
2023-12-05 00:38:00,0,1,12,19.110194491321593,72.93114314448636,S,Child Labour,58,2
2023-09-14 05:14:00,5,3,9,19.151670650268287,72.84689084158529,B,Trafficking,63,2
2023-02-16 08:37:00,8,3,2,18.90252245550108,72.97672988259545,B,Trafficking,78,1
2023-05-06 20:38:00,20,5,5,19.22199680850226,72.8109654710031,D,Begging,88,3
2023-10-14 07:27:00,7,5,10,18.995774458545892,72.8669641225993,N,Trafficking,68,1
2023-02-09 19:55:00,19,3,2,19.276428778119627,72.97040653619113,H/E,Abuse,83,1
2023-05-10 14:06:00,14,2,5,19.239600708736255,72.82924845374465,K/E,Runaway,32,4
2023-12-26 20:26:00,20,1,12,19.181905152895585,72.87153577384895,H/E,Begging,39,4
2023-01-08 23:39:00,23,6,1,19.250553171599847,72.89147862801535,P/N,Runaway,84,3
2023-11-23 06:02:00,6,3,11,19.181841957810974,72.96631393133788,P/N,Abuse,88,2
2023-12-31 02:46:00,2,6,12,19.002941834001867,72.98496068086895,E,Abuse,57,2
2023-07-12 19:59:00,19,2,7,18.980117480591552,72.8281811493479,D,Trafficking,41,2
2023-01-11 22:54:00,22,2,1,19.072214959185764,72.8012988271163,G/N,Runaway,39,5
2023-02-14 19:46:00,19,1,2,19.143167508641515,72.94585763088855,L,Trafficking,57,1
2023-03-12 19:42:00,19,6,3,18.983929277518914,72.91541813184304,E,Lost Child,57,3
2023-11-19 20:10:00,20,6,11,19.156008395129618,72.89319830341672,A,Trafficking,90,2
2023-01-22 03:49:00,3,6,1,19.079622268882304,72.87694301374009,G/S,Lost Child,89,3
2023-12-22 16:14:00,16,4,12,19.02003521289733,72.9678672346378,S,Child Labour,68,3
2023-02-10 18:22:00,18,4,2,19.21498907600386,72.82879912818993,S,Runaway,42,3
2023-03-18 23:35:00,23,5,3,19.126857891183068,72.81539895950444,A,Lost Child,42,3
2023-12-24 21:16:00,21,6,12,19.126295824694573,72.89665909113593,G/N,Begging,63,5
2023-09-23 12:21:00,12,5,9,19.0264898850893,72.88740078602659,P/S,Begging,77,5
2023-11-29 04:09:00,4,2,11,19.0623220219227,72.83569230635338,M/E,Trafficking,99,1
2023-05-08 01:55:00,1,0,5,19.025529162811168,72.8848686624746,G/N,Abuse,60,2
2023-04-10 14:54:00,14,0,4,19.227543883359388,72.96312463895877,R/C,Abuse,90,1
2023-10-19 18:03:00,18,3,10,19.157786259220813,72.87617769137577,B,Trafficking,44,2
2023-11-27 01:07:00,1,0,11,19.136979932419155,72.95285903518695,M/W,Child Labour,88,4
2023-10-19 08:30:00,8,3,10,19.177379245006243,72.88719351525408,H/W,Runaway,49,5
2023-07-30 23:59:00,23,6,7,19.09407673249957,72.85362862960771,K/E,Abuse,33,2
2023-06-16 22:39:00,22,4,6,18.92918026211863,72.84141001049788,R/C,Child Labour,80,4
2023-11-04 05:15:00,5,5,11,19.117362519615757,72.93324243643137,T,Runaway,74,1
2023-12-15 17:52:00,17,4,12,18.972037960661254,72.9232226622577,T,Abuse,62,1
2023-06-13 21:02:00,21,1,6,18.94615149566497,72.92315343436888,R/S,Begging,67,2
2023-05-05 23:49:00,23,4,5,18.922647722108586,72.88427385536154,E,Trafficking,78,2
2023-10-10 14:32:00,14,1,10,18.919914110859086,72.96658161371401,H/W,Begging,54,5
2023-04-24 12:49:00,12,0,4,19.21276492086144,72.99534491094508,P/S,Child Labour,45,3
2023-08-08 20:12:00,20,1,8,19.02178544274739,72.93910158462468,N,Trafficking,92,1
2023-04-19 04:52:00,4,2,4,19.097301402413503,72.88317580370263,H/E,Lost Child,85,4
2023-09-10 19:51:00,19,6,9,18.99560168128024,72.98435005406942,R/S,Begging,77,3
2023-01-27 12:44:00,12,4,1,19.095111934215918,72.86044506272077,E,Lost Child,80,3
2023-11-18 07:43:00,7,5,11,18.926171114910606,72.9772910673114,R/C,Trafficking,68,1
2023-11-10 21:29:00,21,4,11,19.232210746883144,72.90811261003982,K/W,Child Labour,68,3
2023-10-18 07:24:00,7,2,10,19.12699002877076,72.88241199106169,E,Trafficking,30,1
2023-02-02 23:54:00,23,3,2,19.224396020921404,72.8170565678439,H/E,Abuse,51,2
2023-12-20 03:19:00,3,2,12,19.129055564909898,72.9927121188796,M/E,Begging,57,4
2023-08-13 07:35:00,7,6,8,19.279983775858003,72.9196687367735,P/N,Abuse,35,2
2023-10-24 14:29:00,14,1,10,19.09155360608875,72.99292135037396,E,Begging,78,5
2023-03-05 08:23:00,8,6,3,19.24398531980149,72.81994336770893,B,Trafficking,68,1
2023-06-13 05:36:00,5,1,6,19.030312974502994,72.87478727811333,H/E,Lost Child,67,3
2023-02-16 22:25:00,22,3,2,19.06680272629049,72.86065610146674,R/N,Begging,58,3
2023-08-25 11:18:00,11,4,8,19.2395211242324,72.9493635452623,S,Lost Child,95,4
2023-08-06 01:40:00,1,6,8,19.091171975437078,72.87828873195832,C,Lost Child,89,4
2023-12-12 10:35:00,10,1,12,18.93300154143275,72.95176836576968,R/S,Abuse,70,5
2023-12-21 10:40:00,10,3,12,19.179280115518438,72.9310980979037,H/E,Begging,85,3
2023-09-23 11:15:00,11,5,9,19.00872774828415,72.99211419939869,M/E,Runaway,89,3
2023-06-20 00:18:00,0,1,6,19.102461576798945,72.96594663138056,G/N,Abuse,63,1
2023-09-14 03:46:00,3,3,9,19.27362813896824,72.85906187274027,R/C,Lost Child,62,3
2023-08-09 02:05:00,2,2,8,18.993439701580527,72.83567242941557,T,Child Labour,93,3
2023-01-29 12:07:00,12,6,1,18.977498609048354,72.87309155357359,B,Trafficking,48,1
2023-09-25 22:12:00,22,0,9,19.06704744230902,72.86953418800267,F/S,Begging,93,5
2023-10-24 09:56:00,9,1,10,18.94432457768727,72.97307140869172,F/S,Begging,86,5
2023-08-15 07:07:00,7,1,8,19.144501326400448,72.80811620008137,M/E,Lost Child,51,4
2023-02-28 08:14:00,8,1,2,19.119299919999644,72.91695991822537,P/N,Lost Child,33,5
2023-04-29 02:04:00,2,5,4,19.038742836720754,72.84079650527079,P/S,Lost Child,45,3
2023-06-26 01:20:00,1,0,6,19.21236108113851,72.81970292399538,S,Lost Child,62,4
2023-07-21 06:54:00,6,4,7,18.904179117756662,72.92036899323647,M/E,Child Labour,80,4
2023-03-17 02:39:00,2,4,3,19.03350712575648,72.89507707812571,R/S,Trafficking,49,2
2023-08-02 18:43:00,18,2,8,19.218033814706825,72.8720891992179,R/N,Lost Child,66,3
2023-05-20 22:23:00,22,5,5,19.06628304089504,72.9220370669563,E,Lost Child,68,5
2023-10-22 12:48:00,12,6,10,19.10084793153676,72.90157951799131,K/W,Lost Child,44,3
2023-09-03 21:31:00,21,6,9,19.169085845239575,72.97922961665971,G/S,Abuse,53,2
2023-02-19 15:56:00,15,6,2,19.081577564303352,72.88622057460265,G/N,Trafficking,86,1
2023-02-12 09:54:00,9,6,2,19.06168390084287,72.9008749393627,M/W,Begging,94,4
2023-03-04 17:51:00,17,5,3,18.997058596354467,72.86336467121997,H/W,Runaway,71,5
2023-02-01 23:25:00,23,2,2,18.953832335231525,72.85020234149883,E,Abuse,88,3
2023-05-29 06:52:00,6,0,5,19.063797219750022,72.81874560511012,L,Begging,70,3
2023-08-25 12:39:00,12,4,8,19.191244424538166,72.92054854972464,R/S,Begging,36,4
2023-05-26 00:19:00,0,4,5,19.277770962048184,72.95828214877594,B,Abuse,84,1
2023-12-30 00:01:00,0,5,12,19.251876469076148,72.95695675209883,P/S,Abuse,84,2
2023-01-25 09:04:00,9,2,1,19.23764634819178,72.83340167066099,R/N,Abuse,35,1
2023-08-14 22:58:00,22,0,8,19.088209495622475,72.90376265512074,E,Begging,47,4
2023-05-06 14:01:00,14,5,5,19.05252827655764,72.89646108974048,M/E,Trafficking,78,2
2023-03-05 16:10:00,16,6,3,19.201152007860557,72.95184833017713,R/C,Lost Child,76,5
2023-12-06 12:34:00,12,2,12,19.116672112943156,72.90696344954058,F/S,Abuse,98,2
2023-02-02 18:57:00,18,3,2,18.961939417861714,72.84001982778736,B,Trafficking,54,1
2023-11-08 21:13:00,21,2,11,19.182068483342356,72.81994021623753,K/W,Trafficking,73,1
2023-03-26 13:34:00,13,6,3,19.29265694542137,72.88245652105566,D,Trafficking,85,2
2023-11-05 07:02:00,7,6,11,19.175634181441744,72.82017464208448,M/W,Child Labour,66,4
2023-08-16 01:04:00,1,2,8,19.214455246807965,72.98447744511489,M/E,Runaway,36,5
2023-02-25 00:41:00,0,5,2,18.97098779424095,72.94709935751523,P/N,Runaway,37,4
2023-06-05 03:23:00,3,0,6,19.269206463556213,72.93384233416805,F/S,Begging,43,4
2023-05-16 16:00:00,16,1,5,19.22079433438036,72.91946381048571,R/N,Begging,95,4
2023-11-18 20:05:00,20,5,11,19.15834593805166,72.86134167545795,N,Abuse,44,2
2023-12-03 14:15:00,14,6,12,19.092878087873085,72.96684092836549,H/W,Child Labour,74,2
2023-10-05 11:34:00,11,3,10,19.11620622063798,72.81289182814372,P/N,Begging,38,5
2023-11-11 02:04:00,2,5,11,19.145203939024668,72.95063299833001,N,Runaway,96,3
2023-04-16 12:50:00,12,6,4,19.204425182868487,72.92869544495052,D,Begging,48,4
2023-03-08 18:08:00,18,2,3,19.261460178585146,72.86707072900232,A,Begging,90,4
2023-02-22 22:31:00,22,2,2,19.139571469921847,72.83368392187771,R/C,Abuse,31,1
2023-02-14 00:52:00,0,1,2,19.022575429236483,72.85051137390796,K/W,Runaway,76,3
2023-04-20 01:36:00,1,3,4,19.051748742201877,72.96550139915259,R/C,Runaway,53,4
2023-06-28 14:43:00,14,2,6,19.200411805507237,72.82696293276396,R/N,Child Labour,96,2
2023-05-08 11:02:00,11,0,5,19.152828997618254,72.84663492416767,S,Child Labour,76,3
2023-05-08 14:00:00,14,0,5,19.040198739745858,72.93869356420292,P/S,Runaway,59,4
2023-12-03 03:25:00,3,6,12,19.133975105639745,72.87394550573869,S,Trafficking,94,1
2023-07-26 01:52:00,1,2,7,19.153484291042698,72.9931214825092,R/S,Child Labour,39,3
2023-03-06 02:53:00,2,0,3,19.21690615474451,72.81597791064402,K/W,Trafficking,94,1
2023-06-29 16:05:00,16,3,6,19.04745161261604,72.96480197434973,H/W,Abuse,41,2
2023-11-12 12:11:00,12,6,11,19.16309667391456,72.9335024453978,R/N,Trafficking,30,2
2023-12-07 01:28:00,1,3,12,18.907968863640804,72.97447024575621,R/C,Begging,49,4
2023-08-22 20:21:00,20,1,8,19.02192588027113,72.97154202191678,T,Child Labour,98,3
2023-10-30 12:12:00,12,0,10,19.068174601020797,72.94592343377951,H/E,Abuse,99,1
2023-06-26 15:09:00,15,0,6,19.202273118469467,72.92872932891171,G/S,Child Labour,80,3
2023-05-29 09:29:00,9,0,5,19.08538101809929,72.858310996913,P/N,Abuse,54,1
2023-06-09 06:21:00,6,4,6,19.151340581320426,72.84948487265258,P/N,Child Labour,34,3
2023-07-08 08:07:00,8,5,7,19.08040212487466,72.93067148971711,P/N,Runaway,68,3
2023-03-02 23:59:00,23,3,3,19.25217880492591,72.96358584466087,C,Begging,48,2
2023-08-01 05:44:00,5,1,8,19.20650071277693,72.8023064613581,C,Trafficking,73,1
2023-08-01 05:44:00,5,1,8,18.970030747030354,72.90969480200116,H/W,Child Labour,97,3
2023-08-20 18:55:00,18,6,8,19.26061676383339,72.95040847806358,M/E,Child Labour,64,3
2023-09-19 00:34:00,0,1,9,19.00645633752586,72.8623222729201,C,Runaway,80,3
2023-03-01 18:17:00,18,2,3,19.129266436118133,72.93749468403735,P/S,Trafficking,65,1
2023-03-24 00:20:00,0,4,3,19.288990524559306,72.80320689938334,M/W,Child Labour,73,2
2023-09-23 13:33:00,13,5,9,19.03363191955816,72.88698287924105,K/E,Begging,45,5
2023-05-30 21:24:00,21,1,5,19.046494258601985,72.82877397376403,R/N,Trafficking,43,2
2023-02-23 01:04:00,1,3,2,19.092201869022926,72.96645997773165,F/S,Begging,82,4
2023-08-30 11:01:00,11,2,8,19.053530875765777,72.82747531466754,F/N,Trafficking,97,2
2023-12-08 00:12:00,0,4,12,19.042111150197147,72.95930550666598,B,Begging,78,4
2023-06-17 09:16:00,9,5,6,19.058636121741834,72.97922796352147,A,Begging,82,3
2023-10-10 05:41:00,5,1,10,19.212428559805883,72.98196556025184,K/W,Lost Child,65,3
2023-06-07 09:48:00,9,2,6,19.149078903443232,72.89979440400353,C,Runaway,96,3
2023-03-12 09:17:00,9,6,3,19.25891148319944,72.9029633649915,D,Trafficking,55,1
2023-05-15 15:02:00,15,0,5,19.28454816878272,72.86637218056227,G/S,Runaway,60,5
2023-04-27 06:43:00,6,3,4,19.0984450066603,72.89125531243002,S,Runaway,93,3
2023-03-18 10:28:00,10,5,3,18.955009091052165,72.97703037276986,F/N,Begging,84,4
2023-10-30 04:34:00,4,0,10,19.230663934013457,72.86838815405605,P/N,Runaway,40,5
2023-11-21 17:44:00,17,1,11,18.911645598624503,72.945552216754,R/C,Begging,40,3
2023-01-20 12:22:00,12,4,1,19.22123072945974,72.9893414758341,M/W,Runaway,54,4
2023-03-20 10:42:00,10,0,3,19.04704891728767,72.97362669212293,R/C,Lost Child,81,5
2023-06-17 18:44:00,18,5,6,19.060229956146447,72.99571452921126,D,Begging,52,5
2023-02-08 22:13:00,22,2,2,19.22730779490401,72.83198347670199,F/S,Abuse,55,2
2023-10-04 00:11:00,0,2,10,19.073311118245385,72.97176771886406,A,Child Labour,67,4
2023-03-18 18:22:00,18,5,3,19.029192122018866,72.96061732799133,R/C,Begging,62,4
2023-05-09 08:22:00,8,1,5,19.207434711337875,72.85789960848861,P/S,Lost Child,62,4
2023-04-04 15:18:00,15,1,4,19.235614462409604,72.8436377775265,M/W,Child Labour,78,4
2023-11-22 02:03:00,2,2,11,18.978002958492308,72.90199992163308,B,Lost Child,95,1
2023-09-08 13:24:00,13,4,9,19.268873836456507,72.84072548566049,T,Child Labour,38,4
2023-01-11 17:15:00,17,2,1,19.183650699601795,72.94923663821253,C,Begging,31,4
2023-03-31 17:19:00,17,4,3,19.288625066472072,72.95979145508724,A,Trafficking,74,2
2023-07-16 05:52:00,5,6,7,18.905082370652206,72.80782224105445,G/N,Runaway,71,3
2023-04-03 13:11:00,13,0,4,18.99784605143278,72.87476697272142,D,Begging,51,5
2023-07-15 21:00:00,21,5,7,19.287672070225085,72.80727701000187,N,Child Labour,97,4
2023-12-21 02:27:00,2,3,12,19.06671476770346,72.87584448373508,H/E,Lost Child,63,3
2023-06-05 16:57:00,16,0,6,19.201449850215546,72.80950783029492,S,Child Labour,45,3
2023-02-24 19:18:00,19,4,2,19.278411786132526,72.98251022470369,R/N,Runaway,62,5
2023-05-21 22:06:00,22,6,5,19.203010310278085,72.8167580748255,F/N,Begging,99,3
2023-03-04 16:03:00,16,5,3,19.207633342088528,72.8605365591838,P/S,Child Labour,76,2
2023-09-10 20:46:00,20,6,9,19.113827819722076,72.90276479298285,H/W,Runaway,46,3
2023-06-19 13:53:00,13,0,6,19.05685571889806,72.86509823495011,C,Abuse,51,1
2023-08-14 04:34:00,4,0,8,18.988442759264274,72.8582823334062,A,Child Labour,64,2
2023-11-05 14:15:00,14,6,11,19.271958571386854,72.95691456462977,P/N,Begging,87,3
2023-09-30 07:15:00,7,5,9,19.295704817554284,72.88435064797721,L,Lost Child,56,4
2024-01-01 12:26:00,12,0,1,19.01573834953203,72.9434377238299,K/W,Abuse,69,1
2023-02-06 19:17:00,19,0,2,19.259405316134277,72.834094893979,K/W,Lost Child,82,3
2023-05-13 13:42:00,13,5,5,19.145262087812718,72.87797984970688,L,Child Labour,70,3
2023-05-07 16:19:00,16,6,5,19.16875205089504,72.96724722165845,A,Child Labour,89,2
2023-06-15 23:23:00,23,3,6,19.27280920847666,72.97928674716552,E,Abuse,43,1
2023-06-05 19:09:00,19,0,6,19.189364349533076,72.92560116248238,R/C,Lost Child,31,4
2023-12-31 15:48:00,15,6,12,18.939277630287837,72.96039737850357,F/S,Trafficking,95,2
2023-11-18 06:58:00,6,5,11,19.170980444203547,72.84325048706994,H/W,Lost Child,73,4
2023-04-25 02:13:00,2,1,4,19.00571052428164,72.93320406247,F/N,Trafficking,68,1
2023-11-18 06:48:00,6,5,11,19.103364776746545,72.857230878457,T,Begging,41,5
2023-01-11 15:07:00,15,2,1,19.124281850528327,72.85722717417852,A,Begging,43,1
2023-07-10 20:09:00,20,0,7,18.93125265232485,72.98459270102066,P/S,Abuse,71,1
2023-12-24 17:15:00,17,6,12,19.23844040206377,72.81374063144439,A,Child Labour,82,4
2023-06-28 16:10:00,16,2,6,19.016499050896247,72.82416837845149,D,Child Labour,76,4
2023-12-13 09:49:00,9,2,12,19.059209134136697,72.89697594719463,A,Child Labour,33,3
2023-09-05 03:11:00,3,1,9,19.000291878508698,72.83899607772517,E,Trafficking,42,2
2023-11-12 07:00:00,7,6,11,18.9006235263434,72.88540889644997,R/C,Runaway,62,5
2023-05-14 07:08:00,7,6,5,19.213408167810066,72.99522834389506,P/N,Trafficking,81,1
2023-04-09 08:27:00,8,6,4,19.057222333964837,72.98484286560777,G/N,Lost Child,33,5
2023-07-01 23:11:00,23,5,7,19.091695666379664,72.95174777365241,R/C,Begging,97,5
2023-10-01 18:38:00,18,6,10,19.29713535028169,72.84877690618549,P/S,Trafficking,77,1
2023-10-08 06:47:00,6,6,10,19.023821478857695,72.899088768326,R/C,Child Labour,93,3
2023-05-19 15:27:00,15,4,5,19.002838915421957,72.88766293489303,G/N,Begging,62,1
2023-02-05 13:35:00,13,6,2,19.22200247221758,72.93376855460367,G/N,Trafficking,54,1
2023-09-23 02:13:00,2,5,9,18.908313537331544,72.91033608591921,H/W,Runaway,67,3
2023-03-31 05:32:00,5,4,3,19.200159005188127,72.94586647549146,G/N,Child Labour,96,4
2023-07-31 08:13:00,8,0,7,19.078102013967225,72.96577383183228,F/N,Abuse,75,1
2023-01-31 08:15:00,8,1,1,19.234526822676298,72.89906852314502,R/C,Lost Child,58,4
2023-02-21 07:01:00,7,1,2,18.98841061800336,72.84175599062644,D,Child Labour,34,3
2023-11-20 20:12:00,20,0,11,19.194163234629293,72.87928240273068,H/E,Abuse,45,1
2023-05-15 13:45:00,13,0,5,19.00245697346554,72.82771732473216,K/E,Abuse,38,1
2023-01-31 17:02:00,17,1,1,19.282304655876185,72.82443562537665,H/W,Child Labour,98,4
2023-08-15 04:04:00,4,1,8,19.017868769647933,72.83110965423643,G/N,Abuse,56,1
2023-02-07 06:30:00,6,1,2,19.04395014919684,72.98463222043179,P/N,Child Labour,72,3
2023-03-19 13:23:00,13,6,3,19.232719824443354,72.98904593891747,B,Trafficking,67,2
2023-09-06 17:52:00,17,2,9,19.024360355255002,72.81638108641798,T,Abuse,41,1
2023-12-04 06:18:00,6,0,12,19.217623081710837,72.85415056253585,F/N,Child Labour,90,2
2023-11-17 23:37:00,23,4,11,19.25335814520297,72.86722578932608,K/W,Begging,42,3
2023-03-28 01:31:00,1,1,3,18.96937795517099,72.87988631667842,K/W,Abuse,52,1
2023-08-11 09:25:00,9,4,8,19.036672987075328,72.88105977937344,H/E,Runaway,34,4
2023-01-01 07:31:00,7,6,1,19.211450987391096,72.91323583992032,G/N,Child Labour,89,3
2023-05-27 23:16:00,23,5,5,19.135725435838918,72.90986997480948,P/N,Begging,98,4
2023-05-03 22:42:00,22,2,5,19.047215927232962,72.89481589957555,H/E,Runaway,91,5
2023-11-25 09:43:00,9,5,11,18.95824998820002,72.8482666597625,H/W,Trafficking,97,1
2023-05-13 01:24:00,1,5,5,19.050394405467053,72.95501256583218,R/C,Trafficking,60,2
2023-04-12 19:06:00,19,2,4,19.24770117975129,72.861616480377,C,Runaway,36,3
2023-01-12 04:16:00,4,3,1,19.252022724139753,72.94183613285895,R/C,Begging,43,4
2023-06-23 16:13:00,16,4,6,19.023772127170744,72.85665372598662,H/E,Runaway,75,4
2023-06-09 19:19:00,19,4,6,18.91322940566148,72.95404865014348,R/N,Lost Child,53,5
2023-01-30 21:35:00,21,0,1,18.906722568246266,72.87756826218813,P/N,Begging,36,5
2023-01-30 23:46:00,23,0,1,18.92411739460388,72.96460216401107,R/N,Abuse,44,2
2023-11-21 19:28:00,19,1,11,19.178997114037813,72.94331929956975,G/N,Lost Child,40,5
2023-09-16 21:52:00,21,5,9,19.060977733632456,72.8096099289534,D,Child Labour,52,4
2023-05-03 12:35:00,12,2,5,18.90065354339931,72.86316860514046,H/E,Lost Child,89,3
2023-07-11 03:31:00,3,1,7,19.295982097975095,72.96021254775125,K/E,Lost Child,74,5
2023-01-30 12:06:00,12,0,1,19.117910564482017,72.81556934803179,R/C,Abuse,58,1
2023-11-16 18:33:00,18,3,11,19.027618276827948,72.84829866012623,R/C,Trafficking,90,1
2023-10-17 03:17:00,3,1,10,18.97812655849415,72.80249309486129,B,Trafficking,55,1
2023-06-30 13:42:00,13,4,6,19.284603091088055,72.81620111818485,S,Lost Child,97,4
2023-11-12 02:18:00,2,6,11,19.05167138756269,72.97887346806141,R/S,Child Labour,76,2
2023-06-19 15:48:00,15,0,6,19.00027656216983,72.88617163417582,S,Abuse,44,1
2023-07-09 11:22:00,11,6,7,19.163551502800345,72.98260776284039,R/N,Trafficking,97,1
2023-11-07 00:22:00,0,1,11,19.17601254482765,72.88107946015943,C,Runaway,50,5
2023-06-05 22:16:00,22,0,6,18.911484912574952,72.94275753010326,H/E,Lost Child,59,3
2023-07-02 02:01:00,2,6,7,19.27027271431953,72.82884196194345,C,Abuse,60,2
2023-10-15 16:07:00,16,6,10,19.172119726740544,72.97600561561958,G/S,Begging,39,3
2023-12-03 07:40:00,7,6,12,18.995111766755123,72.81238444244501,D,Lost Child,61,4
2023-07-30 04:32:00,4,6,7,19.009793599381585,72.93013483259129,H/W,Abuse,51,2
2023-07-23 09:05:00,9,6,7,18.93472513649109,72.99776354906002,K/W,Child Labour,51,4
2023-12-07 22:09:00,22,3,12,19.008718383609207,72.87791437987686,N,Lost Child,84,4
2023-01-10 02:31:00,2,1,1,19.15906465606975,72.83117533397493,R/C,Abuse,30,1
2023-06-30 19:26:00,19,4,6,19.08939221693773,72.90566753866038,H/E,Trafficking,56,2
2023-12-13 20:48:00,20,2,12,19.063895673780365,72.89155039024516,F/S,Begging,49,3
2023-06-02 20:49:00,20,4,6,18.987588454210716,72.81072335271696,B,Lost Child,39,5
2023-10-17 03:43:00,3,1,10,19.27041720965761,72.9079244776426,M/E,Runaway,94,5
2023-08-04 07:54:00,7,4,8,19.033790964785855,72.80535161675803,R/C,Runaway,36,5
2023-01-22 13:42:00,13,6,1,19.042914371791372,72.99527306094055,A,Trafficking,30,1
2023-02-27 09:31:00,9,0,2,19.042112518510827,72.80671845188115,R/N,Trafficking,75,1
2023-01-07 01:38:00,1,5,1,19.29616974086403,72.852023110836,K/W,Abuse,80,2
2023-01-12 20:05:00,20,3,1,19.17299769002532,72.95147141248538,E,Runaway,71,3
2023-09-06 17:57:00,17,2,9,18.964668772699184,72.97177668142933,N,Abuse,33,2
2023-11-09 13:32:00,13,3,11,19.075869677822435,72.92938814015581,M/W,Runaway,35,5
2023-12-11 17:11:00,17,0,12,19.27720906336329,72.80278056560485,S,Lost Child,40,5
2023-05-01 21:31:00,21,0,5,19.06712586079915,72.99632041312952,M/W,Trafficking,59,1
2023-09-13 10:00:00,10,2,9,19.258860872578165,72.93461516808674,F/N,Child Labour,46,2
2023-03-18 00:22:00,0,5,3,19.199873839055602,72.91483707642547,T,Trafficking,93,2
2023-09-15 07:13:00,7,4,9,19.191919101225203,72.988445239256,K/W,Abuse,49,2
2023-08-01 19:42:00,19,1,8,19.05147554034769,72.81471935963917,K/E,Lost Child,87,4
2023-09-20 07:18:00,7,2,9,19.065960124507512,72.83114505433673,K/E,Begging,77,5
2023-03-14 04:34:00,4,1,3,18.933367905123024,72.81006015753685,R/S,Lost Child,50,5
2023-11-28 16:20:00,16,1,11,19.208260906195882,72.83627689920479,G/S,Runaway,54,5
2023-12-28 21:39:00,21,3,12,19.27055629643989,72.90869797509662,K/E,Child Labour,38,3
2023-07-16 10:37:00,10,6,7,19.004208013748165,72.95456602724646,N,Runaway,90,4
2023-03-05 15:02:00,15,6,3,19.063081644919006,72.89935420042791,D,Abuse,64,1
2023-10-25 17:21:00,17,2,10,18.98353756062602,72.80394436048003,F/S,Trafficking,67,1
2023-01-21 18:32:00,18,5,1,19.245362714485555,72.99279022187785,P/S,Trafficking,58,2
2023-11-17 23:07:00,23,4,11,19.199776270324367,72.89414190985043,T,Child Labour,42,4
2023-08-04 21:48:00,21,4,8,19.246604424713972,72.86303721522664,F/S,Begging,30,5
2023-11-15 02:01:00,2,2,11,19.11245546990308,72.80213335722868,K/E,Trafficking,94,1
2023-08-08 03:54:00,3,1,8,19.203485480222103,72.96679901018128,L,Runaway,57,3
2023-08-18 05:34:00,5,4,8,18.985241332677283,72.87191790863109,G/N,Lost Child,85,4
2023-11-21 01:27:00,1,1,11,19.201656171832703,72.86577307604176,R/N,Abuse,44,2
2023-10-28 12:52:00,12,5,10,19.112700254326487,72.90797045374329,F/S,Trafficking,98,1
2023-03-08 10:08:00,10,2,3,19.15738643020733,72.88607831675432,A,Lost Child,30,4
2023-08-12 05:40:00,5,5,8,19.09846914174822,72.82254557459254,M/W,Abuse,54,1
2023-09-18 06:31:00,6,0,9,18.966315295036537,72.91276471123632,H/E,Begging,75,5
2023-12-24 19:13:00,19,6,12,19.260064378837747,72.9485399311119,C,Begging,77,3
2023-11-12 10:06:00,10,6,11,18.96467528274426,72.8115855788052,K/W,Trafficking,63,1
2023-10-20 22:08:00,22,4,10,19.063404910335912,72.97749481162646,P/N,Child Labour,93,3
2023-04-04 01:55:00,1,1,4,19.262387530439458,72.83013367194746,P/N,Lost Child,41,5
2023-04-25 03:25:00,3,1,4,19.29301074458961,72.94313963202693,F/N,Begging,52,5
2023-03-27 05:02:00,5,0,3,19.275231876640568,72.9716375634398,P/S,Abuse,35,1
2023-11-13 05:40:00,5,0,11,19.272994254546926,72.9247479766086,A,Lost Child,81,3
2023-06-02 09:32:00,9,4,6,18.96998521471068,72.92774804181866,S,Child Labour,51,4
2023-12-23 14:19:00,14,5,12,19.0813123636499,72.9386712905012,S,Begging,50,3
2023-02-07 22:35:00,22,1,2,19.010664397453446,72.9171115525209,F/S,Begging,84,3
2023-03-07 00:10:00,0,1,3,19.213093064260867,72.82739189806142,F/N,Runaway,54,3
2023-01-03 05:51:00,5,1,1,19.11913901401924,72.96201227489017,R/C,Child Labour,50,4
2023-02-24 08:03:00,8,4,2,18.96794196007318,72.87037654202814,E,Lost Child,37,5
2023-01-25 00:03:00,0,2,1,19.11778016538842,72.9820098600067,E,Child Labour,63,4
2023-03-08 06:48:00,6,2,3,19.07239170873435,72.80241117842145,T,Runaway,58,3
2023-09-18 03:13:00,3,0,9,18.905789343510275,72.97929864363279,B,Runaway,70,3
2023-07-21 02:14:00,2,4,7,18.931742359366556,72.97104315356894,G/S,Trafficking,36,1
2023-09-12 16:38:00,16,1,9,18.908406049558966,72.96152776986654,K/W,Abuse,53,2
2023-11-10 12:10:00,12,4,11,19.124559371749193,72.90066861331667,R/N,Abuse,90,1
2023-07-25 23:34:00,23,1,7,19.100503714916986,72.8073104743337,R/N,Lost Child,53,5
2023-09-10 23:40:00,23,6,9,19.142413122412613,72.98579374126813,E,Begging,81,3
2023-08-25 23:03:00,23,4,8,18.96010548732304,72.88485592772442,T,Lost Child,30,5
2023-04-24 11:52:00,11,0,4,19.21491407229155,72.94322426606278,P/S,Runaway,76,4
2023-04-12 07:24:00,7,2,4,18.94426671815406,72.99973030119452,R/S,Abuse,66,1
2023-05-29 13:57:00,13,0,5,18.922098281446555,72.90292949458225,K/E,Runaway,46,3
2023-07-27 10:52:00,10,3,7,19.24010609339196,72.85472582445124,P/S,Lost Child,66,5
2023-10-03 08:47:00,8,1,10,19.24892620501076,72.9271978889256,E,Lost Child,84,4
2023-01-07 23:24:00,23,5,1,18.906623290409204,72.8851923877313,N,Trafficking,39,1
2023-08-20 16:53:00,16,6,8,19.075819724696895,72.93626147729421,R/S,Runaway,75,5
2023-12-01 08:59:00,8,4,12,19.242083791521246,72.90152048634539,G/N,Lost Child,72,3
2023-08-01 10:41:00,10,1,8,19.21173451336739,72.88660709311526,M/E,Child Labour,59,4
2023-03-18 07:15:00,7,5,3,19.240842002290215,72.8293413538708,G/S,Child Labour,56,4
2023-09-04 06:36:00,6,0,9,19.156570610169616,72.98955106183023,S,Lost Child,44,2
2023-10-26 03:16:00,3,3,10,19.18071668815412,72.86418348358406,S,Runaway,51,4
2023-08-08 14:36:00,14,1,8,19.179119875339374,72.97941948200231,P/S,Child Labour,59,2
2023-03-04 12:29:00,12,5,3,19.092860008616295,72.83695073160783,D,Abuse,65,1
2023-10-30 07:57:00,7,0,10,19.041213017561816,72.97026360729133,A,Lost Child,80,3
2023-07-07 00:47:00,0,4,7,19.127374872757343,72.86857048792422,B,Trafficking,36,2
2023-05-25 11:14:00,11,3,5,19.109712052077935,72.84098134329803,E,Child Labour,81,3
2023-09-22 21:33:00,21,4,9,18.991002618653194,72.8857997125939,H/W,Runaway,91,4
2023-04-29 21:26:00,21,5,4,19.17734221073197,72.82661226534589,M/E,Begging,53,5
2023-04-22 11:48:00,11,5,4,19.156780641329053,72.98816501590882,A,Abuse,36,1
2023-08-19 12:35:00,12,5,8,19.26246731578321,72.9664595428654,K/E,Begging,81,4
2023-11-27 19:28:00,19,0,11,18.930749359606185,72.85417929003113,F/S,Abuse,35,2
2023-02-03 19:47:00,19,4,2,19.017773807647675,72.96675704550539,F/S,Lost Child,90,4
2023-03-24 21:12:00,21,4,3,18.981556271624115,72.92830454116053,F/N,Abuse,91,1
2023-09-09 02:20:00,2,5,9,19.242822538340036,72.94768467195239,M/W,Begging,61,5
2023-08-30 11:05:00,11,2,8,18.915836438098598,72.84876140654359,R/S,Begging,47,3
2023-06-08 14:07:00,14,3,6,19.05988139992754,72.89065004581094,P/S,Runaway,51,5
2023-02-28 13:08:00,13,1,2,19.15826798011266,72.949571138298,F/S,Begging,51,3
2023-01-08 06:22:00,6,6,1,18.947410272619965,72.94890621787137,L,Trafficking,67,3
2023-03-21 12:37:00,12,1,3,19.005452449028628,72.98918602362463,P/S,Begging,84,4
2023-03-29 01:28:00,1,2,3,19.052147997630925,72.87833460850254,F/N,Trafficking,75,3
2023-03-25 07:50:00,7,5,3,19.209552200888012,72.8823502795295,E,Runaway,42,3
2023-10-16 00:46:00,0,0,10,19.01968946946707,72.81829066924269,E,Trafficking,39,1
2023-01-26 20:16:00,20,3,1,18.95661882871373,72.86469415066405,B,Child Labour,72,3
2023-03-26 20:19:00,20,6,3,18.951427067325177,72.80852903177775,C,Trafficking,38,2
2023-02-05 13:03:00,13,6,2,18.90016766155669,72.98503565566953,G/N,Begging,89,5
2023-07-17 04:53:00,4,0,7,19.240541636210345,72.95698181647765,T,Begging,97,3
2023-12-12 05:47:00,5,1,12,19.28521702628929,72.99360783949506,R/S,Trafficking,68,2
2023-05-13 18:24:00,18,5,5,18.96087617124496,72.863065755625,R/N,Begging,67,5
2023-01-15 11:38:00,11,6,1,19.2714111374586,72.8766548635412,R/N,Runaway,42,3
2023-11-14 13:45:00,13,1,11,19.295186320540434,72.97136958660576,T,Child Labour,56,2
2023-04-14 08:49:00,8,4,4,19.204639560374233,72.87171088433325,D,Begging,59,5
2023-05-02 19:51:00,19,1,5,19.060698475765445,72.83679857399339,P/N,Trafficking,69,3
2023-10-31 10:18:00,10,1,10,19.07979914147378,72.99833581874027,G/N,Trafficking,58,2
2023-10-10 02:24:00,2,1,10,19.050625588776995,72.85109258144526,R/N,Child Labour,82,4
2023-12-03 16:50:00,16,6,12,19.086116789721938,72.9323417578591,A,Runaway,92,5
2023-12-14 21:38:00,21,3,12,19.086955846964756,72.95549893771505,S,Child Labour,98,2
2023-11-04 09:00:00,9,5,11,19.15418152311482,72.98475584828422,R/N,Trafficking,51,2
2023-04-23 23:23:00,23,6,4,18.980950300888995,72.85443378010656,D,Begging,77,3
2023-06-25 09:23:00,9,6,6,19.15561262950099,72.93131661276828,S,Begging,39,5
2023-10-14 02:10:00,2,5,10,18.928331519912057,72.80919150298494,M/W,Trafficking,70,2
2023-11-16 21:18:00,21,3,11,19.012468254000016,72.84178572952229,E,Lost Child,65,5
2023-03-12 06:57:00,6,6,3,19.09841719113004,72.990370136117,P/S,Runaway,87,4
2023-01-09 06:03:00,6,0,1,19.033356890432533,72.83660730006682,S,Child Labour,64,3
2023-05-27 17:43:00,17,5,5,19.245616054362095,72.99705758249615,P/S,Runaway,45,4
2023-09-19 00:07:00,0,1,9,18.965043115440245,72.92493762657219,T,Begging,64,3
2023-02-13 23:45:00,23,0,2,18.999515695342385,72.91330308443824,K/W,Lost Child,34,4
2023-08-25 16:16:00,16,4,8,19.229624967045783,72.81946171363853,L,Begging,66,3
2023-09-13 14:22:00,14,2,9,18.910638157238058,72.91652215456625,L,Abuse,81,2
2023-11-08 23:02:00,23,2,11,19.136282289000917,72.9697577752359,R/N,Child Labour,82,4
2023-06-24 08:33:00,8,5,6,18.97862683403169,72.92742006713758,L,Runaway,80,5
2023-07-23 16:36:00,16,6,7,19.15390454227582,72.88891179616594,A,Lost Child,94,4
2023-03-06 11:49:00,11,0,3,19.23996020650472,72.88193451648125,P/N,Trafficking,76,1
2023-12-12 13:37:00,13,1,12,19.192208772993425,72.9176780348559,K/E,Trafficking,76,1
2023-08-04 10:55:00,10,4,8,19.249750968612283,72.80269567638699,G/N,Abuse,72,2
2023-07-10 08:21:00,8,0,7,19.034713827737257,72.89487357231191,K/W,Runaway,92,4
2023-04-24 22:47:00,22,0,4,19.171279422670416,72.83311990217939,H/W,Abuse,75,1
2023-07-03 10:28:00,10,0,7,18.983363341494456,72.9274122862233,R/N,Begging,31,3
2023-12-09 19:35:00,19,5,12,19.13323947702864,72.84574610552471,H/W,Child Labour,74,4
2023-10-11 07:10:00,7,2,10,18.953910187074243,72.80828898459843,F/N,Abuse,98,2
2023-08-05 02:10:00,2,5,8,19.07509724618703,72.95479197744488,K/W,Begging,39,5
2023-02-21 13:07:00,13,1,2,19.236534032061606,72.92025081483169,D,Lost Child,95,5
2023-10-15 12:50:00,12,6,10,19.180850960966325,72.93435775065045,F/S,Lost Child,76,3
2023-06-04 14:45:00,14,6,6,19.029913741976888,72.89485945012136,K/E,Child Labour,69,5
2023-05-09 23:29:00,23,1,5,19.055174717620947,72.93238030364296,A,Child Labour,73,4
2023-08-24 00:39:00,0,3,8,19.090179121945088,72.98858866877926,C,Lost Child,93,4
2023-06-25 11:17:00,11,6,6,19.191732811202066,72.89200161955604,K/W,Begging,81,4
2023-11-11 07:24:00,7,5,11,19.09576088376764,72.8955824802049,P/N,Abuse,53,2
2023-07-20 19:17:00,19,3,7,19.14108435613804,72.91182799990058,D,Lost Child,63,4
2023-01-03 13:14:00,13,1,1,19.080930241867907,72.87405620149885,R/S,Trafficking,58,2
2023-01-26 23:23:00,23,3,1,19.139961049011866,72.95912326705536,L,Runaway,92,3
2023-04-28 22:38:00,22,4,4,18.988681853502637,72.86493111169156,E,Abuse,69,2
2023-04-23 13:43:00,13,6,4,19.04383576853048,72.89950065073411,N,Abuse,30,2
2023-10-10 02:02:00,2,1,10,19.14582693451084,72.97740381650858,S,Child Labour,72,4
2023-04-02 03:08:00,3,6,4,18.99841834563299,72.98833831493621,S,Begging,79,3
2023-04-21 03:52:00,3,4,4,19.15887028296846,72.96640978184129,E,Lost Child,52,3
2023-05-16 01:11:00,1,1,5,19.027344630786153,72.8110773435197,M/E,Trafficking,52,2
2023-04-12 10:16:00,10,2,4,18.912274727144744,72.8986800118458,A,Lost Child,51,5
2023-11-18 22:40:00,22,5,11,19.234931654726992,72.88018439301476,N,Runaway,99,3
2023-02-04 01:31:00,1,5,2,18.97595929596405,72.85559572654874,G/S,Abuse,59,2
2023-01-22 13:00:00,13,6,1,19.21433330802453,72.9278443838739,R/C,Lost Child,59,5
2023-05-02 00:54:00,0,1,5,18.979001198047367,72.86297408624324,T,Trafficking,77,1
2023-07-12 10:09:00,10,2,7,19.05169146865112,72.9731530715957,H/E,Child Labour,60,3
2023-09-23 16:43:00,16,5,9,19.221581570392086,72.99446357034935,L,Trafficking,73,2
2023-11-20 20:55:00,20,0,11,19.10740985008255,72.80947504837758,M/E,Abuse,88,1
2023-01-07 16:26:00,16,5,1,18.928673710474857,72.82315356614254,G/S,Begging,36,3
2023-01-28 20:02:00,20,5,1,19.112406558775533,72.85478393520586,P/N,Begging,78,4
2023-03-11 15:22:00,15,5,3,19.157825802348874,72.85972551703196,M/W,Runaway,75,4
2023-12-29 07:47:00,7,4,12,19.1552168939978,72.8075804514418,G/N,Trafficking,78,2
2023-08-01 23:35:00,23,1,8,19.071558188425506,72.99916285467192,N,Trafficking,95,1
2023-10-23 20:26:00,20,0,10,19.170892281535796,72.9594441404991,C,Abuse,82,2
2023-07-14 03:23:00,3,4,7,19.189342730156866,72.98235971984091,R/S,Begging,89,3
2023-09-07 16:42:00,16,3,9,19.231817048234436,72.84833950332916,R/N,Trafficking,85,1
2023-11-07 18:02:00,18,1,11,19.10083622713454,72.90836024279987,P/S,Begging,79,3
2023-01-19 11:31:00,11,3,1,19.11264366907926,72.82299897846222,P/N,Lost Child,64,5
2023-10-21 05:08:00,5,5,10,19.078403689349944,72.82233597462493,M/W,Runaway,63,3
2023-02-22 22:38:00,22,2,2,18.911736987871667,72.86334070946671,G/S,Trafficking,72,1
2023-01-12 01:53:00,1,3,1,19.296751059377925,72.91271421155778,F/N,Runaway,71,4
2023-08-25 10:15:00,10,4,8,19.28217004590478,72.95385814925054,K/E,Runaway,70,4
2023-05-15 21:49:00,21,0,5,19.148547970527716,72.83472895575933,G/N,Begging,66,3
2023-01-21 18:20:00,18,5,1,19.077382230173814,72.82684305157147,G/S,Child Labour,70,4
2023-02-05 08:45:00,8,6,2,19.017977489394323,72.9097951119466,M/W,Runaway,35,1
2023-03-20 09:15:00,9,0,3,19.206227790306617,72.84713278845837,R/C,Child Labour,70,3
2023-03-30 16:07:00,16,3,3,19.21599355717975,72.91677946363852,N,Lost Child,48,4
2023-10-06 09:49:00,9,4,10,19.16407427687353,72.83480146830321,R/S,Lost Child,65,5
2023-06-25 09:25:00,9,6,6,19.126803674985986,72.99361881810373,T,Lost Child,55,3
2023-08-29 17:40:00,17,1,8,19.207333794855476,72.96764525486753,G/S,Begging,32,5
2023-08-08 07:38:00,7,1,8,18.951933778894237,72.97177624924993,F/N,Trafficking,94,2
2023-11-16 08:43:00,8,3,11,19.102024837873657,72.91490522027213,G/N,Lost Child,97,3
2023-03-25 01:27:00,1,5,3,18.93411666305752,72.8661449781078,G/S,Child Labour,78,2
2023-10-11 00:13:00,0,2,10,19.151672726481188,72.99052419612764,H/E,Runaway,53,5
2023-08-11 04:57:00,4,4,8,19.015680512645655,72.90872844352883,E,Child Labour,60,2
2023-10-21 00:13:00,0,5,10,19.217684344697606,72.9390096410403,K/E,Trafficking,78,1
2023-08-02 19:29:00,19,2,8,18.908368521983338,72.90373773592727,P/S,Child Labour,88,2
2023-01-16 02:58:00,2,0,1,19.178770655567842,72.87489033764759,G/S,Trafficking,61,4
2023-12-06 17:52:00,17,2,12,19.18432187413289,72.88710264461044,N,Trafficking,57,2
2023-10-18 08:06:00,8,2,10,19.04342892472318,72.96702605077733,M/W,Begging,67,3
2023-02-07 10:52:00,10,1,2,19.026102019088412,72.90928308201072,M/W,Begging,81,4
2023-10-29 04:43:00,4,6,10,18.95816877853276,72.86757417064165,D,Abuse,48,2
2023-08-10 13:20:00,13,3,8,18.980027967041792,72.94282537561213,D,Child Labour,35,2
2023-05-13 12:58:00,12,5,5,18.9407556155614,72.99823293951681,L,Child Labour,30,4
2023-05-01 15:59:00,15,0,5,18.93353329395068,72.88860457142177,C,Trafficking,99,1
2023-10-06 22:49:00,22,4,10,19.09270775838253,72.97605830736525,P/S,Child Labour,37,3
2023-08-14 02:02:00,2,0,8,18.92584888679168,72.86644703970916,S,Runaway,89,5
2023-07-15 14:10:00,14,5,7,19.13723957200652,72.83406526131625,A,Trafficking,58,1
2023-02-10 22:53:00,22,4,2,19.253100550657805,72.9365063690078,F/S,Begging,38,4
2023-03-11 19:47:00,19,5,3,18.934321909331974,72.91190488255377,H/E,Child Labour,42,5
2023-12-30 20:21:00,20,5,12,18.94051173291501,72.9073658312559,K/E,Lost Child,50,3
2023-02-23 15:31:00,15,3,2,19.079919659133544,72.93497007602254,F/S,Trafficking,55,1
2023-02-01 18:29:00,18,2,2,19.16663632341169,72.83578558048951,H/E,Child Labour,58,3
2023-04-30 04:03:00,4,6,4,19.260459029257657,72.95230690922891,P/S,Abuse,37,2
2023-11-20 13:15:00,13,0,11,18.941405526727102,72.96103689895487,P/N,Runaway,32,4
2023-01-08 11:23:00,11,6,1,19.024816198969162,72.96771103465244,D,Child Labour,36,4
2023-06-06 07:35:00,7,1,6,19.29462267444885,72.94014923000994,N,Lost Child,68,4
2023-03-27 17:51:00,17,0,3,19.05815309999222,72.82921718604071,D,Abuse,32,1
2023-06-11 10:25:00,10,6,6,19.144786720967364,72.89540354686099,P/N,Runaway,88,4
2023-02-06 14:21:00,14,0,2,18.94128882692734,72.97140207185974,A,Abuse,40,2
2023-12-16 12:43:00,12,5,12,19.257026955785015,72.98663920699872,C,Lost Child,54,4
2023-03-13 18:14:00,18,0,3,19.291209309429224,72.95471566951522,B,Abuse,42,2
2023-05-02 17:13:00,17,1,5,19.268130134597893,72.80182249999368,G/N,Lost Child,37,4
2023-01-27 13:56:00,13,4,1,19.27602082688666,72.9497055512807,K/E,Abuse,80,2
2023-05-12 02:09:00,2,4,5,18.94556152738592,72.85655237475177,K/W,Trafficking,98,2
2023-10-01 19:53:00,19,6,10,19.009921278418567,72.86036546388102,K/W,Abuse,40,2
2023-09-09 13:14:00,13,5,9,18.96896823215783,72.90960860655613,A,Begging,45,5
2023-02-09 03:34:00,3,3,2,19.284203219784615,72.82651610135805,L,Lost Child,97,3
2023-09-09 18:09:00,18,5,9,18.93367494225371,72.88332165422871,K/E,Lost Child,35,5
2023-06-15 03:06:00,3,3,6,19.111984829769014,72.81609087576219,F/N,Runaway,94,4
2023-08-16 02:13:00,2,2,8,19.00686270263145,72.9125051407238,F/N,Runaway,69,4
2023-06-10 06:16:00,6,5,6,19.11537029921426,72.94268447272592,M/E,Abuse,77,2
2023-02-04 01:59:00,1,5,2,18.958647483048246,72.93008702049218,H/W,Child Labour,89,3
2023-12-24 20:35:00,20,6,12,19.229921054134746,72.96904289515669,F/N,Child Labour,60,3
2023-04-30 21:23:00,21,6,4,19.27177667919861,72.86982081274196,K/E,Abuse,43,2
2023-11-20 20:31:00,20,0,11,19.25710624458022,72.97622492988638,L,Begging,81,3
2023-03-13 22:09:00,22,0,3,19.29974427558901,72.86532489085981,R/N,Child Labour,60,2
2023-07-14 09:04:00,9,4,7,19.239525797589458,72.94183709205127,P/S,Abuse,86,1
2023-09-21 16:48:00,16,3,9,19.048568585851477,72.9877769629332,R/C,Begging,87,3
2023-09-29 09:28:00,9,4,9,19.273923692524754,72.9129022739549,F/S,Begging,42,4
2023-10-09 19:18:00,19,0,10,19.110229033734043,72.97012457582919,R/N,Trafficking,59,2
2023-06-26 10:59:00,10,0,6,19.049786933589335,72.89340370793211,F/N,Trafficking,60,1
2023-10-17 14:28:00,14,1,10,18.974456573358818,72.98118873949069,R/C,Child Labour,34,3
2023-02-08 13:41:00,13,2,2,19.253362912715826,72.9625770012743,D,Runaway,34,4
2023-02-09 04:50:00,4,3,2,19.162554156930106,72.890310622001,S,Runaway,69,3
2023-03-08 01:08:00,1,2,3,19.249737948683837,72.90214352584447,M/W,Trafficking,46,2
2023-10-21 13:27:00,13,5,10,19.157871264538585,72.98152221392493,C,Child Labour,71,3
2023-09-23 13:02:00,13,5,9,19.182613566097793,72.85295674057888,H/W,Trafficking,74,1
2023-07-21 08:03:00,8,4,7,19.091861441966422,72.99336187874623,R/C,Begging,44,3
2023-09-07 15:26:00,15,3,9,19.217201497211946,72.8966648836517,F/N,Runaway,61,4
2023-12-21 06:43:00,6,3,12,19.24232147752113,72.84503806151582,D,Child Labour,90,4
2023-04-04 11:56:00,11,1,4,19.282174305808628,72.91854230914656,D,Lost Child,76,3
2023-05-19 07:57:00,7,4,5,19.29677730438084,72.85162809036437,D,Abuse,87,2
2023-01-03 01:59:00,1,1,1,19.01238828343772,72.81845872076765,E,Lost Child,51,3
2023-07-07 18:04:00,18,4,7,18.98965632796271,72.88053465744258,S,Abuse,46,1
2023-06-09 22:51:00,22,4,6,18.95308810680332,72.90297877881304,G/S,Runaway,43,5
2023-06-06 03:18:00,3,1,6,19.27369529441609,72.83898959321104,F/N,Child Labour,84,4
2023-07-29 01:47:00,1,5,7,19.21299633354024,72.8105060568285,G/S,Trafficking,35,1
2023-01-07 03:26:00,3,5,1,19.14728538955358,72.99096051563859,G/N,Abuse,93,2
2023-07-06 19:13:00,19,3,7,18.974975992579694,72.95894977729483,E,Lost Child,39,4
2023-01-06 02:13:00,2,4,1,19.01116392136415,72.90862086438251,P/N,Abuse,69,2
2023-02-15 11:05:00,11,2,2,19.270984899402862,72.80294832123624,H/E,Runaway,68,3
2023-05-25 21:18:00,21,3,5,18.99997361909672,72.84154480581755,D,Trafficking,63,2
2023-09-13 02:16:00,2,2,9,18.903365778477493,72.98593422251577,F/S,Begging,53,5
2023-05-22 20:15:00,20,0,5,18.98016637435416,72.85228098606058,C,Lost Child,40,5
2023-04-08 18:35:00,18,5,4,19.11971519872531,72.95984099079648,C,Trafficking,32,2
2023-03-20 19:41:00,19,0,3,19.04989671786903,72.8604422369073,R/S,Lost Child,57,5
2023-10-27 15:58:00,15,4,10,19.112278964665432,72.80869128562105,T,Trafficking,58,2
2023-03-25 09:36:00,9,5,3,18.92091414925293,72.82530687814729,D,Abuse,75,2
2023-09-05 07:26:00,7,1,9,19.038760443636853,72.84117539890421,K/E,Abuse,31,2
2023-10-19 20:01:00,20,3,10,19.057526626209537,72.99150882547487,B,Child Labour,98,1
2023-03-27 07:30:00,7,0,3,18.99331655381255,72.83007876589036,T,Abuse,39,1
2023-07-12 03:34:00,3,2,7,18.988644596425726,72.84361161878213,L,Abuse,98,1
2023-05-14 00:32:00,0,6,5,19.26185149237329,72.81019837826972,G/N,Runaway,75,5
2023-03-09 17:47:00,17,3,3,18.97607812717025,72.93364566425174,S,Abuse,57,2
2023-09-14 19:08:00,19,3,9,19.22296045078735,72.83557912753324,C,Lost Child,79,3
2023-02-14 10:38:00,10,1,2,19.05737344872001,72.92970674650299,M/E,Child Labour,78,3
2023-09-23 12:27:00,12,5,9,18.93350488956171,72.8285232649861,E,Lost Child,34,3
2023-11-24 13:36:00,13,4,11,18.997936478787576,72.8766498711864,R/S,Lost Child,37,2
2023-11-13 23:20:00,23,0,11,19.18992181651662,72.86871440751035,C,Child Labour,92,2
2023-03-11 11:04:00,11,5,3,18.907955290954167,72.85010314542565,N,Trafficking,36,2
2023-12-26 06:43:00,6,1,12,19.037358925646874,72.91390297204033,S,Trafficking,61,1
2023-08-25 17:38:00,17,4,8,19.01510398216454,72.98904230655343,R/S,Lost Child,93,3
2023-10-18 05:01:00,5,2,10,18.935177981377983,72.9601996189485,D,Runaway,44,4
2023-07-14 12:36:00,12,4,7,18.96947046893768,72.91274675440806,M/E,Runaway,73,3
2023-10-13 23:39:00,23,4,10,19.297932189039134,72.80521968100582,R/C,Abuse,98,1
2023-03-16 20:03:00,20,3,3,18.938530680761147,72.94312526609309,P/S,Runaway,57,5
2023-02-14 22:22:00,22,1,2,19.01387943561729,72.87053436917728,F/N,Child Labour,31,3
2023-01-30 09:10:00,9,0,1,19.285894528943558,72.81940221373829,R/S,Lost Child,93,5
2023-08-29 17:33:00,17,1,8,19.118107343218092,72.86735619563633,G/S,Begging,84,3
2023-05-04 03:34:00,3,3,5,19.29900713024958,72.85206924783112,B,Lost Child,50,3
2023-09-27 07:35:00,7,2,9,19.196321483179098,72.9085916020805,M/E,Child Labour,92,4
2023-06-06 20:01:00,20,1,6,18.936540301111993,72.95769937806259,B,Child Labour,47,2
2023-10-31 00:59:00,0,1,10,19.032745984155316,72.90265824583152,M/W,Child Labour,73,2
2023-10-29 19:32:00,19,6,10,19.201353972279207,72.829534185186,F/S,Begging,48,3
2023-08-16 10:37:00,10,2,8,18.913655932872786,72.96796080885919,T,Runaway,49,4
2023-11-17 17:53:00,17,4,11,19.01941957665855,72.90789814523276,S,Trafficking,96,1
2023-03-30 23:05:00,23,3,3,19.21611176478261,72.81179997564762,H/E,Child Labour,57,4
2023-10-29 03:31:00,3,6,10,18.921558827315096,72.96858625686598,M/W,Begging,53,4
2023-05-25 01:24:00,1,3,5,19.22251713179229,72.93811884207125,B,Begging,91,3
2023-02-17 08:14:00,8,4,2,19.12992607015863,72.91495772893313,R/N,Begging,50,1
2023-01-10 01:01:00,1,1,1,19.11203260560111,72.81234989728823,K/W,Trafficking,70,1
2023-09-17 03:33:00,3,6,9,19.075852355614067,72.93166403372642,B,Child Labour,74,3
2023-06-26 00:05:00,0,0,6,19.211416369583386,72.90180868710412,G/S,Child Labour,45,3
2023-12-10 22:29:00,22,6,12,19.189410962912085,72.86795045018026,C,Child Labour,89,4
2023-12-28 10:18:00,10,3,12,19.29146279003544,72.92344872304112,M/E,Runaway,51,3
2023-05-19 02:17:00,2,4,5,18.935457771531553,72.89180793069004,N,Begging,90,4
2023-10-24 17:18:00,17,1,10,18.912923537427805,72.82291156854598,M/E,Begging,30,3
2023-10-14 23:19:00,23,5,10,19.14428487216843,72.98965436616592,R/S,Child Labour,70,4
2023-11-16 22:50:00,22,3,11,18.90992904544077,72.86173803392415,P/S,Begging,38,4
2023-11-18 05:42:00,5,5,11,18.969876669832964,72.97537343349445,P/N,Abuse,43,2
2023-06-06 00:19:00,0,1,6,19.289316798052372,72.95578232647968,E,Runaway,89,3
2023-03-03 17:20:00,17,4,3,18.91697226016079,72.89361215908237,F/S,Lost Child,83,4
2023-05-08 21:59:00,21,0,5,19.216866155672257,72.95020274852516,E,Begging,93,4
2023-02-19 00:14:00,0,6,2,19.093372763435323,72.94947481051989,P/N,Lost Child,73,3
2023-07-22 12:51:00,12,5,7,19.25756077878831,72.84313495397811,B,Abuse,93,1
2023-08-21 05:27:00,5,0,8,19.24770317614418,72.80115153321958,F/N,Trafficking,33,2
2023-07-28 08:58:00,8,4,7,19.18553663866358,72.97933197943945,A,Abuse,83,2
2023-12-31 04:44:00,4,6,12,19.211784443218473,72.86538621125811,S,Abuse,46,2
2023-08-12 13:17:00,13,5,8,18.90031190402427,72.85449141081878,R/C,Begging,77,4
2023-02-25 02:36:00,2,5,2,19.22069272009421,72.9270223868474,G/S,Begging,74,5
2023-01-26 11:54:00,11,3,1,19.249636314145512,72.96629855815314,F/N,Abuse,97,1
2023-10-31 06:28:00,6,1,10,18.997120993450533,72.83343816275246,H/E,Abuse,53,1
2023-02-09 18:56:00,18,3,2,18.93692671919568,72.97517315166763,E,Abuse,46,1
2023-12-03 21:50:00,21,6,12,19.13599956018434,72.9347859998588,C,Runaway,64,4
2023-12-07 22:03:00,22,3,12,18.903550370681216,72.88931116669974,P/N,Lost Child,78,4
2023-09-06 15:22:00,15,2,9,19.024348993131397,72.88824312552958,M/W,Trafficking,42,1
2023-02-22 07:19:00,7,2,2,18.913260286649308,72.92217915045214,M/E,Lost Child,71,4
2023-10-12 01:44:00,1,3,10,19.25801720577773,72.98683653370445,R/C,Trafficking,43,2
2023-05-20 20:38:00,20,5,5,18.945519787799626,72.87212880318573,R/N,Trafficking,59,2
2023-03-28 10:57:00,10,1,3,18.95001680121706,72.86134352508901,S,Trafficking,69,2
2023-12-25 07:22:00,7,0,12,19.237532092489428,72.84504459583802,K/E,Begging,92,5
2023-10-11 16:05:00,16,2,10,19.216244187122786,72.84023408721269,P/N,Lost Child,78,3
2023-04-15 06:49:00,6,5,4,18.924625250361508,72.96195446585459,T,Trafficking,61,2
2023-05-06 08:29:00,8,5,5,19.23856705763745,72.90637298984069,F/N,Lost Child,75,4
2023-08-03 04:44:00,4,3,8,18.90073257208385,72.97417307367552,B,Begging,84,4
2023-11-07 18:11:00,18,1,11,18.97818235854464,72.98736985224389,E,Runaway,33,3
2023-10-02 15:01:00,15,0,10,19.26957628178086,72.90987277977366,C,Runaway,96,5
2023-10-28 14:02:00,14,5,10,18.93376063977424,72.83952393388095,F/S,Begging,56,3
2023-04-30 01:14:00,1,6,4,19.128635472593768,72.92214667019591,D,Child Labour,55,2
2023-11-18 03:38:00,3,5,11,19.25821717647986,72.9059162043284,K/E,Begging,87,3
2023-08-24 18:56:00,18,3,8,19.175771667217777,72.86524612607825,T,Lost Child,63,3
2023-01-20 12:03:00,12,4,1,19.038229879481374,72.81864553390848,E,Runaway,66,4
2023-10-26 19:39:00,19,3,10,19.104489115695145,72.802520653327,C,Lost Child,40,4
2023-11-30 00:01:00,0,3,11,18.945976863461286,72.81560100229767,A,Runaway,67,3
2023-11-13 22:38:00,22,0,11,19.067974676149003,72.86301335375043,M/W,Runaway,52,3
2023-04-21 06:37:00,6,4,4,19.268575151326907,72.91254338925827,K/E,Trafficking,32,1
2023-05-28 18:31:00,18,6,5,19.291846947715154,72.93815258771386,H/E,Runaway,86,4
2023-04-06 02:03:00,2,3,4,19.22661028361559,72.84963360480361,F/S,Trafficking,83,2
2023-07-30 01:34:00,1,6,7,18.938044951101997,72.83516351106985,R/C,Begging,49,3
2023-08-30 16:01:00,16,2,8,19.147024381284673,72.9036086275348,H/E,Runaway,99,3
2023-08-13 11:59:00,11,6,8,19.234961293149695,72.95357688808987,L,Trafficking,39,1
2023-03-11 15:43:00,15,5,3,18.920635729152547,72.90766368015383,K/W,Begging,35,3
2023-11-23 01:52:00,1,3,11,19.11825857145966,72.82017300591407,S,Lost Child,45,1
2023-06-14 01:44:00,1,2,6,19.190696989092785,72.82441137749763,K/W,Begging,54,5
2023-03-05 00:18:00,0,6,3,19.04072394015929,72.9105693460557,G/S,Child Labour,47,4
2023-06-08 08:53:00,8,3,6,18.905341112163484,72.83974417891542,F/N,Trafficking,66,1
2023-06-05 01:58:00,1,0,6,19.250291767160192,72.84874499988535,N,Abuse,32,2
2023-08-07 15:20:00,15,0,8,19.275382504754596,72.93661179939447,F/S,Trafficking,55,1
2023-11-22 09:35:00,9,2,11,19.170124809573498,72.93944182694253,H/E,Abuse,80,2
2023-01-10 10:59:00,10,1,1,18.954906231379436,72.81476709743143,K/E,Begging,40,3
2023-07-07 09:17:00,9,4,7,19.024990596871096,72.98995594300659,S,Abuse,87,1
2023-10-26 21:36:00,21,3,10,18.96035399873313,72.99217196659656,M/W,Lost Child,40,5
2023-11-09 08:14:00,8,3,11,19.009987615588912,72.9706475418077,R/C,Begging,64,4
2023-03-19 05:10:00,5,6,3,19.027431556544496,72.81745430710022,F/N,Runaway,68,5
2023-11-01 21:13:00,21,2,11,19.200692956688233,72.907752196477,A,Runaway,88,4
2023-10-19 13:10:00,13,3,10,18.97320307675096,72.89335424415917,M/E,Begging,47,3
2023-02-20 07:49:00,7,0,2,19.163640382734982,72.99885681194365,M/W,Lost Child,44,3
2023-06-27 15:03:00,15,1,6,19.005390370022642,72.84309721326228,M/E,Trafficking,42,2
2023-02-03 12:12:00,12,4,2,19.084110983169154,72.85387885013215,F/S,Child Labour,67,4
2023-03-05 21:22:00,21,6,3,19.269993916276455,72.91896494666723,R/N,Lost Child,70,5
2023-02-09 07:16:00,7,3,2,19.104236197657702,72.80922976556757,M/E,Child Labour,32,3
2023-07-09 09:17:00,9,6,7,19.11682007540622,72.98574138270193,F/S,Abuse,63,2
2023-02-09 20:09:00,20,3,2,19.024069811777615,72.9148203151066,R/C,Trafficking,34,2
2023-01-06 15:27:00,15,4,1,19.21820623487386,72.93247026311872,M/W,Trafficking,83,2
2023-01-24 07:06:00,7,1,1,19.159407545921518,72.83740108445782,A,Abuse,40,1
2023-12-10 17:20:00,17,6,12,19.151589686901108,72.95156001440928,H/E,Trafficking,30,5
2023-03-23 09:36:00,9,3,3,19.12308657911249,72.90534701200758,H/W,Child Labour,50,3
2023-10-09 22:08:00,22,0,10,19.199435782216582,72.99488967028854,R/S,Runaway,96,3
2023-04-20 07:56:00,7,3,4,18.941553510560606,72.9519462241406,L,Runaway,66,4
2023-04-07 06:29:00,6,4,4,18.922694328128227,72.85179772662471,E,Child Labour,69,3
2023-06-23 07:13:00,7,4,6,19.13681099978192,72.90650996902681,M/E,Runaway,53,3
2023-02-22 14:05:00,14,2,2,19.032855051234023,72.82438358556712,H/E,Lost Child,75,4
2023-02-01 07:42:00,7,2,2,19.086802638015595,72.92935342275054,G/S,Trafficking,51,2
2023-12-04 01:59:00,1,0,12,19.0335545136352,72.82630615104537,P/S,Child Labour,96,4
2023-11-08 20:01:00,20,2,11,18.996431498989445,72.83162107988818,G/S,Child Labour,51,2
2023-06-24 22:19:00,22,5,6,19.198853180897185,72.95838625852701,K/W,Abuse,97,1
2023-08-25 20:05:00,20,4,8,19.115027669419906,72.97215301086942,H/W,Trafficking,74,2
2023-05-27 08:44:00,8,5,5,18.93140351885902,72.93209792288971,G/N,Abuse,90,1
2023-09-15 00:22:00,0,4,9,19.229455467038665,72.88196311342384,H/E,Runaway,79,3
2023-06-27 02:56:00,2,1,6,19.186262950669125,72.97978594441278,S,Runaway,79,4
2023-03-19 09:04:00,9,6,3,19.138343647950542,72.91086831876787,K/E,Lost Child,81,5
2023-02-17 21:15:00,21,4,2,19.16214800090354,72.81505837139987,N,Runaway,69,3
2023-09-19 04:30:00,4,1,9,19.137603851484165,72.812044922421,T,Runaway,52,3
2023-04-10 11:54:00,11,0,4,19.049779807681155,72.85316021867816,R/C,Runaway,82,5
2023-12-02 04:31:00,4,5,12,19.247547293825825,72.98381881302191,F/N,Child Labour,78,2
2023-11-11 04:54:00,4,5,11,18.929253437816605,72.90385574900188,L,Lost Child,78,4
2023-10-31 19:19:00,19,1,10,19.280707573034157,72.92922247904384,K/E,Runaway,64,5
2023-07-22 09:15:00,9,5,7,19.16159316912343,72.87808973746164,G/N,Begging,77,5
2023-06-11 06:41:00,6,6,6,18.97154173596214,72.82109582243059,A,Lost Child,70,3
2023-11-03 08:51:00,8,4,11,19.235198778980013,72.89876352078649,N,Lost Child,82,5
2023-11-06 19:46:00,19,0,11,19.1439454120272,72.99572367319553,R/C,Begging,46,4
2023-08-21 09:43:00,9,0,8,19.05223379541261,72.80346171240154,P/S,Abuse,30,2
2023-08-08 05:58:00,5,1,8,19.02832489233516,72.84687331295396,R/N,Trafficking,87,1
2023-12-21 22:12:00,22,3,12,19.188112396868494,72.987066407034,R/C,Child Labour,87,2
2023-03-29 15:40:00,15,2,3,19.173128580189555,72.94906551183357,L,Lost Child,85,3
2023-09-10 06:21:00,6,6,9,19.255441988414482,72.95513225222531,C,Trafficking,39,1
2023-03-12 19:04:00,19,6,3,19.238901601310655,72.91033775760704,A,Begging,63,5
2023-01-14 09:20:00,9,5,1,19.203145070442016,72.8358443647873,S,Begging,98,5
2023-03-11 06:47:00,6,5,3,19.065512759578272,72.8382898196939,K/W,Lost Child,51,3
2023-08-18 03:14:00,3,4,8,19.26170222968288,72.87825740121389,N,Trafficking,82,1
2023-01-09 06:03:00,6,0,1,19.033892972066422,72.88989500714258,F/N,Trafficking,93,3
2023-08-14 08:54:00,8,0,8,19.158487017100136,72.96995403777082,N,Begging,78,4
2023-02-04 00:08:00,0,5,2,19.042864568297706,72.94955691367782,M/E,Runaway,33,3
2023-11-11 21:50:00,21,5,11,18.998173426300603,72.99346739328499,E,Lost Child,98,3
2023-08-21 02:03:00,2,0,8,19.100094682249686,72.95313727771806,N,Abuse,35,2
2023-04-19 06:51:00,6,2,4,19.2319775192109,72.87871542370644,C,Runaway,68,3
2023-08-19 15:50:00,15,5,8,19.185115177325294,72.91562415251857,P/N,Lost Child,40,3
2023-05-23 06:03:00,6,1,5,18.926166363470124,72.87525064654122,H/W,Begging,86,3
2023-03-19 11:16:00,11,6,3,19.176288187218884,72.81042527070213,P/N,Runaway,92,4
2023-07-25 22:48:00,22,1,7,18.945571642613963,72.84186898166243,K/W,Begging,86,4
2023-07-12 14:11:00,14,2,7,19.084480766192637,72.81056245911385,B,Begging,74,4
2023-01-06 05:23:00,5,4,1,19.298680339402523,72.8473937815104,R/S,Abuse,39,1
2023-09-17 11:43:00,11,6,9,19.141257795378994,72.83728514432107,P/S,Trafficking,69,3
2023-06-19 06:35:00,6,0,6,19.12047622335493,72.8653454744314,M/E,Abuse,32,1
2023-12-24 04:54:00,4,6,12,18.9148630160593,72.91100572888061,H/E,Child Labour,58,2
2023-07-06 01:25:00,1,3,7,19.243241496017927,72.86657089686669,L,Child Labour,63,4
2023-01-10 04:55:00,4,1,1,19.194937447647895,72.8413582542248,B,Runaway,74,3
2023-02-20 19:44:00,19,0,2,18.968304178709207,72.82166817529584,F/S,Lost Child,57,4
2023-03-26 14:28:00,14,6,3,19.046624392829663,72.9695131421449,D,Child Labour,52,3
2023-07-14 19:01:00,19,4,7,19.187147617001067,72.87824921647837,S,Lost Child,74,3
2023-07-28 14:08:00,14,4,7,19.28851049770108,72.95491819965645,K/W,Trafficking,87,1
2023-05-13 23:05:00,23,5,5,18.970627709352293,72.99555189254988,C,Child Labour,54,2
2023-09-22 11:41:00,11,4,9,19.027438516838156,72.95679245792634,L,Child Labour,91,3
2023-09-02 21:07:00,21,5,9,19.178035318623518,72.92194351442905,P/S,Begging,79,3
2023-10-02 05:08:00,5,0,10,19.176175782359145,72.9794046166721,R/S,Trafficking,51,1
2023-06-26 07:23:00,7,0,6,18.926550240754782,72.97884346781623,A,Runaway,70,3
2023-06-15 23:30:00,23,3,6,19.05316778537809,72.94160635031349,G/S,Begging,69,4
2023-05-11 01:27:00,1,3,5,19.008839378425048,72.95671432568305,B,Trafficking,72,2
2023-01-03 21:37:00,21,1,1,19.08588632358331,72.96184900973549,R/N,Lost Child,65,4
2023-08-11 15:55:00,15,4,8,19.063811476737996,72.90502492867813,D,Child Labour,89,4
2023-10-05 01:29:00,1,3,10,19.27164668548406,72.8034566570819,K/W,Child Labour,47,2
2023-07-28 10:30:00,10,4,7,19.078852921450036,72.9471023998653,C,Trafficking,58,2
2023-11-30 17:24:00,17,3,11,19.114302689774487,72.94935297970977,R/C,Runaway,52,5
2023-11-28 21:41:00,21,1,11,19.284337389299626,72.95015969106066,K/W,Trafficking,31,2
2023-09-10 20:56:00,20,6,9,19.05778351138527,72.87339570100521,F/S,Abuse,69,1
2024-01-01 17:23:00,17,0,1,19.12868937279849,72.82304547574215,M/E,Begging,41,5
2023-09-19 00:49:00,0,1,9,19.280757272442724,72.83365018151198,R/C,Runaway,51,5
2023-08-06 06:14:00,6,6,8,19.159250516337874,72.9879351601957,R/N,Trafficking,56,2
2023-06-03 20:28:00,20,5,6,19.24678043583279,72.89891895242778,K/E,Child Labour,54,3
2023-12-19 09:16:00,9,1,12,19.10702442267743,72.96053296066187,F/N,Runaway,68,5
2023-03-26 06:49:00,6,6,3,19.162084378755736,72.9033809571754,H/E,Abuse,66,3
2023-05-08 17:29:00,17,0,5,19.225201972770577,72.81394532785946,B,Abuse,35,1
2023-05-16 16:42:00,16,1,5,19.052425774927737,72.952545794481,F/N,Abuse,76,2
2023-05-02 22:49:00,22,1,5,18.94035588846703,72.87520357780711,R/C,Abuse,94,1
2023-09-11 09:17:00,9,0,9,19.154021105963675,72.98276163734232,F/N,Child Labour,85,2
2023-09-15 09:01:00,9,4,9,19.01122047194604,72.97608975117467,T,Abuse,93,2
2023-09-08 08:09:00,8,4,9,19.04716300075262,72.93191746917033,B,Abuse,68,1
2023-03-11 16:51:00,16,5,3,19.209273600346446,72.8104285663582,P/N,Runaway,83,5
2023-05-24 05:19:00,5,2,5,19.07818838095621,72.82529619155478,L,Begging,52,4
2023-08-10 16:12:00,16,3,8,19.171684729974295,72.83801369863129,H/E,Begging,37,3
2023-01-01 06:33:00,6,6,1,19.103270726317238,72.84204613592883,F/N,Lost Child,85,3
2023-06-26 11:07:00,11,0,6,19.121222217462986,72.88048347970583,G/N,Runaway,87,3
2023-05-01 05:14:00,5,0,5,19.134711891355657,72.85914982392337,D,Lost Child,84,4
2023-01-02 03:03:00,3,0,1,19.264635882189506,72.87466245687766,L,Runaway,47,3
2023-08-02 06:38:00,6,2,8,19.194974382839415,72.8791496917098,M/E,Abuse,73,1
2023-01-18 16:04:00,16,2,1,18.946375359984344,72.96335009568408,C,Abuse,88,2
2023-04-26 04:23:00,4,2,4,19.182139599283076,72.80946670245206,E,Child Labour,65,4
2023-11-05 17:05:00,17,6,11,19.216145067614576,72.93477911478325,F/S,Begging,81,4
2023-08-14 09:46:00,9,0,8,19.036957944724477,72.90625584557111,B,Runaway,80,5
2023-08-03 06:56:00,6,3,8,19.064100323662647,72.97857182587431,B,Runaway,98,4
2023-11-27 19:36:00,19,0,11,19.247652258487882,72.96757002699673,N,Lost Child,34,5
2023-07-18 22:43:00,22,1,7,19.226846796524846,72.95303134552826,S,Runaway,84,3
2023-11-07 21:00:00,21,1,11,18.93610200697467,72.80025406003888,R/N,Trafficking,90,2
2023-09-18 14:26:00,14,0,9,18.987594336268796,72.82829100415168,M/W,Runaway,97,5
2023-06-02 00:36:00,0,4,6,19.061433118233968,72.83970536969444,H/W,Runaway,90,5
2023-12-29 02:30:00,2,4,12,19.140525357495804,72.80063037091982,R/N,Runaway,51,5
2023-10-04 05:47:00,5,2,10,18.94157265007398,72.92706122730971,C,Lost Child,95,3
2023-12-20 08:24:00,8,2,12,18.952352688613516,72.94526204254511,K/W,Trafficking,80,2
2023-03-08 03:10:00,3,2,3,18.947777127321316,72.87593508218148,N,Abuse,71,2
2023-10-30 08:17:00,8,0,10,19.088379793836257,72.87650420747352,K/W,Trafficking,57,2
2023-11-10 03:54:00,3,4,11,19.14396965745487,72.85833509111725,D,Runaway,50,4
2023-07-13 15:53:00,15,3,7,19.167923114032597,72.99222497462314,M/W,Abuse,51,1
2023-06-23 12:09:00,12,4,6,19.168810138547936,72.89776925538689,G/S,Trafficking,39,2
2023-12-02 00:34:00,0,5,12,19.14952421947539,72.948300509748,P/N,Runaway,93,5
2023-11-13 22:27:00,22,0,11,19.290148682320872,72.92393261398439,T,Child Labour,67,4
2023-07-10 04:02:00,4,0,7,19.15862221850104,72.92604840276476,H/E,Begging,66,4
2023-12-10 09:54:00,9,6,12,19.096347132619712,72.98710780342238,S,Abuse,42,1
2023-02-16 21:57:00,21,3,2,19.0061349214649,72.81967050557685,P/S,Abuse,35,1
2023-06-25 01:33:00,1,6,6,19.25002890096386,72.8793138670336,C,Trafficking,98,2
2023-10-24 08:20:00,8,1,10,18.95802888543684,72.93497856377152,H/E,Lost Child,84,4
2023-09-24 07:15:00,7,6,9,19.058122811950774,72.98666395817548,F/N,Begging,38,5
2023-12-06 06:02:00,6,2,12,18.9369121129645,72.99942363341279,H/W,Begging,77,5
2023-10-11 11:10:00,11,2,10,19.064308952596267,72.97664863139278,K/E,Child Labour,94,4
2023-02-16 12:52:00,12,3,2,18.96765852281536,72.81535876138977,M/E,Lost Child,79,4
2023-09-16 21:19:00,21,5,9,19.111456326251993,72.95070648036612,D,Trafficking,91,1
2023-10-08 07:58:00,7,6,10,18.96598118186242,72.81606522250812,S,Begging,88,4
2023-06-20 06:12:00,6,1,6,18.924196959775255,72.87418086294622,T,Abuse,68,2
2023-09-19 20:37:00,20,1,9,19.1034896604865,72.98981120991748,R/C,Lost Child,58,3
2023-08-17 14:40:00,14,3,8,19.108968797135567,72.8901784440563,H/W,Trafficking,85,2
2023-12-31 20:47:00,20,6,12,19.01539662446648,72.97932743853362,M/E,Abuse,59,1
2023-10-08 04:34:00,4,6,10,19.194674766908335,72.8131707964196,M/W,Abuse,64,1
2023-02-19 08:35:00,8,6,2,19.17423314752679,72.92935050794303,F/N,Abuse,48,2
2023-03-23 08:22:00,8,3,3,19.22329841858694,72.82010530955795,C,Lost Child,93,4
2023-11-02 10:02:00,10,3,11,18.943068813388432,72.98757766432588,C,Child Labour,71,3
2023-06-05 11:43:00,11,0,6,18.96637340051204,72.92175665712277,D,Abuse,35,1
2023-02-21 04:00:00,4,1,2,19.15423988383871,72.87291421196288,R/S,Begging,33,4
2023-12-07 17:22:00,17,3,12,19.239578197480395,72.85240772016141,A,Begging,94,3
2023-06-13 06:57:00,6,1,6,19.035835625561575,72.88218086124701,B,Trafficking,80,1
2023-08-31 21:14:00,21,3,8,19.0551831317545,72.98754007707844,F/S,Child Labour,41,4
2023-08-07 06:32:00,6,0,8,19.022724636447755,72.98669888496867,S,Child Labour,50,2
2023-08-15 09:09:00,9,1,8,19.128979891470482,72.98757376824085,C,Abuse,48,1
2023-05-02 03:36:00,3,1,5,19.057638084180653,72.80226327002295,G/S,Child Labour,66,2
2023-11-29 22:31:00,22,2,11,18.934440379608063,72.81910158502706,R/N,Lost Child,49,3
2023-11-23 00:09:00,0,3,11,19.250517068635666,72.83943944697312,F/S,Runaway,71,3
2023-04-10 22:06:00,22,0,4,19.29530226317535,72.8098157272388,R/S,Trafficking,39,2
2023-10-24 15:26:00,15,1,10,18.914242445085602,72.87641917551333,R/N,Abuse,84,2
2023-03-15 18:26:00,18,2,3,19.07504068495184,72.95480040713319,R/S,Child Labour,44,4
2023-08-01 01:10:00,1,1,8,19.201395039765096,72.86018423739803,R/C,Begging,68,5
2023-07-23 02:57:00,2,6,7,19.043326639473484,72.94281139143119,K/W,Lost Child,64,4
2023-08-21 04:55:00,4,0,8,19.19793226067,72.88059435079447,M/E,Trafficking,90,1
2023-01-08 18:53:00,18,6,1,18.992875572663213,72.9865010812967,G/N,Abuse,59,2
2023-04-30 04:48:00,4,6,4,19.290755403248333,72.88833383236523,L,Trafficking,56,1
2023-09-17 02:03:00,2,6,9,18.916802957968564,72.95855607643382,P/N,Child Labour,67,3
2023-06-29 07:19:00,7,3,6,19.247570649341828,72.9992530665065,G/S,Begging,70,3
2023-02-20 12:48:00,12,0,2,19.185842246173713,72.93167228027517,L,Trafficking,46,2
2023-01-08 13:02:00,13,6,1,18.961355694279,72.9980564863281,M/E,Begging,64,3
2023-11-27 14:20:00,14,0,11,19.203318689932104,72.81925922594213,K/W,Runaway,47,4
2023-10-21 19:15:00,19,5,10,19.119044624643728,72.90320837932485,K/W,Runaway,50,3
2023-02-01 01:21:00,1,2,2,18.91557563310643,72.96535157140644,E,Lost Child,47,5
2023-09-29 12:15:00,12,4,9,19.20236771120456,72.95569407842518,K/W,Runaway,83,3
2023-03-28 20:05:00,20,1,3,18.979890143113966,72.82870334205047,H/E,Lost Child,41,2
2023-05-06 09:31:00,9,5,5,19.028474512043385,72.80640964206637,S,Trafficking,61,2
2023-08-24 15:49:00,15,3,8,18.97321167806603,72.91288175354107,E,Lost Child,70,1
2023-01-06 21:34:00,21,4,1,19.261936746784148,72.98960166360058,G/N,Child Labour,65,4
2023-07-08 13:20:00,13,5,7,19.0609236110202,72.81018158336471,F/N,Child Labour,39,3
2023-04-06 18:23:00,18,3,4,19.15809089328858,72.8983191014683,R/S,Trafficking,47,2
2023-08-20 19:49:00,19,6,8,19.044931090535083,72.81318167811736,C,Begging,31,1
2023-02-24 10:54:00,10,4,2,19.07657250574504,72.8417940953004,C,Child Labour,39,3
2023-11-18 19:05:00,19,5,11,18.986654630257686,72.88394201522644,S,Begging,40,4
2023-02-11 23:04:00,23,5,2,18.970561753455456,72.83060731883576,H/W,Trafficking,37,2
2023-11-08 10:09:00,10,2,11,19.023522528619278,72.89781591180751,D,Runaway,88,5
2023-03-05 06:43:00,6,6,3,19.060548085456276,72.80019948601796,C,Lost Child,97,5
2023-09-18 00:52:00,0,0,9,19.29694261590447,72.9202546581085,H/E,Begging,63,3
